entity_id,state,last_changed
sensor.lixee_zlinky_tic_puissance_apparente,9420,2026-07-13T22:00:00.000Z
sensor.lixee_zlinky_tic_puissance_apparente,9410,2026-07-13T22:00:08.834Z
sensor.lixee_zlinky_tic_puissance_apparente,8370,2026-07-13T22:00:18.871Z
sensor.lixee_zlinky_tic_puissance_apparente,8440,2026-07-13T22:00:27.901Z
sensor.lixee_zlinky_tic_puissance_apparente,8480,2026-07-13T22:00:37.918Z
sensor.lixee_zlinky_tic_puissance_apparente,8540,2026-07-13T22:01:07.018Z
sensor.lixee_zlinky_tic_puissance_apparente,8500,2026-07-13T22:01:17.053Z
sensor.lixee_zlinky_tic_puissance_apparente,8510,2026-07-13T22:01:47.149Z
sensor.lixee_zlinky_tic_puissance_apparente,8480,2026-07-13T22:02:06.208Z
sensor.lixee_zlinky_tic_puissance_apparente,8500,2026-07-13T22:02:16.247Z
sensor.lixee_zlinky_tic_puissance_apparente,8520,2026-07-13T22:02:26.277Z
sensor.lixee_zlinky_tic_puissance_apparente,8530,2026-07-13T22:02:45.337Z
sensor.lixee_zlinky_tic_puissance_apparente,8540,2026-07-13T22:03:15.436Z
sensor.lixee_zlinky_tic_puissance_apparente,8520,2026-07-13T22:03:34.489Z
sensor.lixee_zlinky_tic_puissance_apparente,8550,2026-07-13T22:03:44.523Z
sensor.lixee_zlinky_tic_puissance_apparente,8540,2026-07-13T22:03:54.560Z
sensor.lixee_zlinky_tic_puissance_apparente,8510,2026-07-13T22:04:03.589Z
sensor.lixee_zlinky_tic_puissance_apparente,8540,2026-07-13T22:04:13.623Z
sensor.lixee_zlinky_tic_puissance_apparente,8550,2026-07-13T22:04:23.306Z
sensor.lixee_zlinky_tic_puissance_apparente,8540,2026-07-13T22:04:33.686Z
sensor.lixee_zlinky_tic_puissance_apparente,8560,2026-07-13T22:04:43.720Z
sensor.lixee_zlinky_tic_puissance_apparente,8570,2026-07-13T22:04:52.742Z
sensor.lixee_zlinky_tic_puissance_apparente,8580,2026-07-13T22:05:02.776Z
sensor.lixee_zlinky_tic_puissance_apparente,8570,2026-07-13T22:05:12.825Z
sensor.lixee_zlinky_tic_puissance_apparente,8540,2026-07-13T22:06:11.998Z
sensor.lixee_zlinky_tic_puissance_apparente,8570,2026-07-13T22:06:21.025Z
sensor.lixee_zlinky_tic_puissance_apparente,8560,2026-07-13T22:06:31.057Z
sensor.lixee_zlinky_tic_puissance_apparente,8580,2026-07-13T22:06:41.098Z
sensor.lixee_zlinky_tic_puissance_apparente,8560,2026-07-13T22:06:51.129Z
sensor.lixee_zlinky_tic_puissance_apparente,8580,2026-07-13T22:07:01.153Z
sensor.lixee_zlinky_tic_puissance_apparente,8560,2026-07-13T22:07:20.205Z
sensor.lixee_zlinky_tic_puissance_apparente,6800,2026-07-13T22:07:30.215Z
sensor.lixee_zlinky_tic_puissance_apparente,6820,2026-07-13T22:07:40.276Z
sensor.lixee_zlinky_tic_puissance_apparente,6810,2026-07-13T22:07:49.305Z
sensor.lixee_zlinky_tic_puissance_apparente,6800,2026-07-13T22:07:59.325Z
sensor.lixee_zlinky_tic_puissance_apparente,6790,2026-07-13T22:08:09.363Z
sensor.lixee_zlinky_tic_puissance_apparente,6800,2026-07-13T22:08:19.404Z
sensor.lixee_zlinky_tic_puissance_apparente,6830,2026-07-13T22:08:29.431Z
sensor.lixee_zlinky_tic_puissance_apparente,8590,2026-07-13T22:08:38.447Z
sensor.lixee_zlinky_tic_puissance_apparente,8580,2026-07-13T22:08:48.483Z
sensor.lixee_zlinky_tic_puissance_apparente,8570,2026-07-13T22:09:27.618Z
sensor.lixee_zlinky_tic_puissance_apparente,8580,2026-07-13T22:09:37.665Z
sensor.lixee_zlinky_tic_puissance_apparente,8590,2026-07-13T22:10:46.868Z
sensor.lixee_zlinky_tic_puissance_apparente,8570,2026-07-13T22:10:55.893Z
sensor.lixee_zlinky_tic_puissance_apparente,8560,2026-07-13T22:11:05.945Z
sensor.lixee_zlinky_tic_puissance_apparente,8570,2026-07-13T22:11:45.056Z
sensor.lixee_zlinky_tic_puissance_apparente,8580,2026-07-13T22:11:55.104Z
sensor.lixee_zlinky_tic_puissance_apparente,8600,2026-07-13T22:12:05.120Z
sensor.lixee_zlinky_tic_puissance_apparente,8610,2026-07-13T22:12:34.217Z
sensor.lixee_zlinky_tic_puissance_apparente,8600,2026-07-13T22:12:44.245Z
sensor.lixee_zlinky_tic_puissance_apparente,8620,2026-07-13T22:12:54.276Z
sensor.lixee_zlinky_tic_puissance_apparente,8610,2026-07-13T22:13:03.295Z
sensor.lixee_zlinky_tic_puissance_apparente,6840,2026-07-13T22:13:13.341Z
sensor.lixee_zlinky_tic_puissance_apparente,6830,2026-07-13T22:13:43.437Z
sensor.lixee_zlinky_tic_puissance_apparente,6820,2026-07-13T22:14:02.492Z
sensor.lixee_zlinky_tic_puissance_apparente,6830,2026-07-13T22:14:12.527Z
sensor.lixee_zlinky_tic_puissance_apparente,6840,2026-07-13T22:14:31.582Z
sensor.lixee_zlinky_tic_puissance_apparente,6830,2026-07-13T22:14:41.620Z
sensor.lixee_zlinky_tic_puissance_apparente,6800,2026-07-13T22:14:51.671Z
sensor.lixee_zlinky_tic_puissance_apparente,6830,2026-07-13T22:15:01.705Z
sensor.lixee_zlinky_tic_puissance_apparente,6840,2026-07-13T22:15:11.741Z
sensor.lixee_zlinky_tic_puissance_apparente,6830,2026-07-13T22:15:20.774Z
sensor.lixee_zlinky_tic_puissance_apparente,6820,2026-07-13T22:15:30.795Z
sensor.lixee_zlinky_tic_puissance_apparente,6830,2026-07-13T22:15:40.840Z
sensor.lixee_zlinky_tic_puissance_apparente,6800,2026-07-13T22:15:59.885Z
sensor.lixee_zlinky_tic_puissance_apparente,6820,2026-07-13T22:16:09.923Z
sensor.lixee_zlinky_tic_puissance_apparente,6810,2026-07-13T22:16:19.813Z
sensor.lixee_zlinky_tic_puissance_apparente,6820,2026-07-13T22:16:29.992Z
sensor.lixee_zlinky_tic_puissance_apparente,6830,2026-07-13T22:16:40.019Z
sensor.lixee_zlinky_tic_puissance_apparente,6820,2026-07-13T22:16:49.043Z
sensor.lixee_zlinky_tic_puissance_apparente,6830,2026-07-13T22:17:09.115Z
sensor.lixee_zlinky_tic_puissance_apparente,6820,2026-07-13T22:17:38.212Z
sensor.lixee_zlinky_tic_puissance_apparente,6850,2026-07-13T22:17:48.249Z
sensor.lixee_zlinky_tic_puissance_apparente,6860,2026-07-13T22:17:58.280Z
sensor.lixee_zlinky_tic_puissance_apparente,6850,2026-07-13T22:18:08.313Z
sensor.lixee_zlinky_tic_puissance_apparente,6830,2026-07-13T22:18:17.333Z
sensor.lixee_zlinky_tic_puissance_apparente,6820,2026-07-13T22:18:27.366Z
sensor.lixee_zlinky_tic_puissance_apparente,6830,2026-07-13T22:18:37.404Z
sensor.lixee_zlinky_tic_puissance_apparente,6840,2026-07-13T22:18:47.429Z
sensor.lixee_zlinky_tic_puissance_apparente,6830,2026-07-13T22:18:57.463Z
sensor.lixee_zlinky_tic_puissance_apparente,6840,2026-07-13T22:19:16.517Z
sensor.lixee_zlinky_tic_puissance_apparente,6850,2026-07-13T22:19:36.578Z
sensor.lixee_zlinky_tic_puissance_apparente,6820,2026-07-13T22:19:45.606Z
sensor.lixee_zlinky_tic_puissance_apparente,6810,2026-07-13T22:20:54.835Z
sensor.lixee_zlinky_tic_puissance_apparente,6820,2026-07-13T22:21:04.876Z
sensor.lixee_zlinky_tic_puissance_apparente,6800,2026-07-13T22:21:23.941Z
sensor.lixee_zlinky_tic_puissance_apparente,6840,2026-07-13T22:21:33.979Z
sensor.lixee_zlinky_tic_puissance_apparente,6850,2026-07-13T22:21:44.011Z
sensor.lixee_zlinky_tic_puissance_apparente,6860,2026-07-13T22:21:54.038Z
sensor.lixee_zlinky_tic_puissance_apparente,6840,2026-07-13T22:22:33.178Z
sensor.lixee_zlinky_tic_puissance_apparente,6850,2026-07-13T22:22:43.210Z
sensor.lixee_zlinky_tic_puissance_apparente,6830,2026-07-13T22:22:52.234Z
sensor.lixee_zlinky_tic_puissance_apparente,6850,2026-07-13T22:23:12.310Z
sensor.lixee_zlinky_tic_puissance_apparente,6840,2026-07-13T22:23:41.388Z
sensor.lixee_zlinky_tic_puissance_apparente,6850,2026-07-13T22:23:51.428Z
sensor.lixee_zlinky_tic_puissance_apparente,6860,2026-07-13T22:24:01.467Z
sensor.lixee_zlinky_tic_puissance_apparente,6870,2026-07-13T22:24:11.493Z
sensor.lixee_zlinky_tic_puissance_apparente,6880,2026-07-13T22:24:20.518Z
sensor.lixee_zlinky_tic_puissance_apparente,6850,2026-07-13T22:24:30.546Z
sensor.lixee_zlinky_tic_puissance_apparente,6840,2026-07-13T22:24:40.605Z
sensor.lixee_zlinky_tic_puissance_apparente,6850,2026-07-13T22:24:50.619Z
sensor.lixee_zlinky_tic_puissance_apparente,6830,2026-07-13T22:24:59.644Z
sensor.lixee_zlinky_tic_puissance_apparente,6820,2026-07-13T22:25:09.676Z
sensor.lixee_zlinky_tic_puissance_apparente,6830,2026-07-13T22:25:19.708Z
sensor.lixee_zlinky_tic_puissance_apparente,6820,2026-07-13T22:25:29.735Z
sensor.lixee_zlinky_tic_puissance_apparente,6830,2026-07-13T22:25:39.771Z
sensor.lixee_zlinky_tic_puissance_apparente,6810,2026-07-13T22:25:48.796Z
sensor.lixee_zlinky_tic_puissance_apparente,7490,2026-07-13T22:25:58.830Z
sensor.lixee_zlinky_tic_puissance_apparente,6860,2026-07-13T22:26:08.871Z
sensor.lixee_zlinky_tic_puissance_apparente,6850,2026-07-13T22:26:18.891Z
sensor.lixee_zlinky_tic_puissance_apparente,6860,2026-07-13T22:26:27.917Z
sensor.lixee_zlinky_tic_puissance_apparente,6870,2026-07-13T22:26:37.951Z
sensor.lixee_zlinky_tic_puissance_apparente,6860,2026-07-13T22:26:47.986Z
sensor.lixee_zlinky_tic_puissance_apparente,6890,2026-07-13T22:27:17.081Z
sensor.lixee_zlinky_tic_puissance_apparente,6880,2026-07-13T22:27:27.111Z
sensor.lixee_zlinky_tic_puissance_apparente,6890,2026-07-13T22:27:37.141Z
sensor.lixee_zlinky_tic_puissance_apparente,6830,2026-07-13T22:27:57.202Z
sensor.lixee_zlinky_tic_puissance_apparente,6850,2026-07-13T22:28:06.232Z
sensor.lixee_zlinky_tic_puissance_apparente,6860,2026-07-13T22:28:36.323Z
sensor.lixee_zlinky_tic_puissance_apparente,6870,2026-07-13T22:28:55.379Z
sensor.lixee_zlinky_tic_puissance_apparente,6890,2026-07-13T22:29:15.468Z
sensor.lixee_zlinky_tic_puissance_apparente,6900,2026-07-13T22:29:25.496Z
sensor.lixee_zlinky_tic_puissance_apparente,6910,2026-07-13T22:29:44.553Z
sensor.lixee_zlinky_tic_puissance_apparente,6890,2026-07-13T22:29:54.597Z
sensor.lixee_zlinky_tic_puissance_apparente,6860,2026-07-13T22:30:13.659Z
sensor.lixee_zlinky_tic_puissance_apparente,6850,2026-07-13T22:30:23.688Z
sensor.lixee_zlinky_tic_puissance_apparente,6840,2026-07-13T22:30:43.747Z
sensor.lixee_zlinky_tic_puissance_apparente,8690,2026-07-13T22:30:53.781Z
sensor.lixee_zlinky_tic_puissance_apparente,8660,2026-07-13T22:31:02.802Z
sensor.lixee_zlinky_tic_puissance_apparente,6860,2026-07-13T22:31:12.839Z
sensor.lixee_zlinky_tic_puissance_apparente,6900,2026-07-13T22:31:32.908Z
sensor.lixee_zlinky_tic_puissance_apparente,6890,2026-07-13T22:31:51.972Z
sensor.lixee_zlinky_tic_puissance_apparente,6970,2026-07-13T22:32:12.032Z
sensor.lixee_zlinky_tic_puissance_apparente,6940,2026-07-13T22:32:22.065Z
sensor.lixee_zlinky_tic_puissance_apparente,6970,2026-07-13T22:32:31.087Z
sensor.lixee_zlinky_tic_puissance_apparente,6930,2026-07-13T22:32:51.162Z
sensor.lixee_zlinky_tic_puissance_apparente,6920,2026-07-13T22:33:01.193Z
sensor.lixee_zlinky_tic_puissance_apparente,6930,2026-07-13T22:33:10.226Z
sensor.lixee_zlinky_tic_puissance_apparente,6840,2026-07-13T22:33:20.259Z
sensor.lixee_zlinky_tic_puissance_apparente,6830,2026-07-13T22:33:30.287Z
sensor.lixee_zlinky_tic_puissance_apparente,6840,2026-07-13T22:33:40.321Z
sensor.lixee_zlinky_tic_puissance_apparente,6850,2026-07-13T22:33:50.354Z
sensor.lixee_zlinky_tic_puissance_apparente,6840,2026-07-13T22:34:09.409Z
sensor.lixee_zlinky_tic_puissance_apparente,6860,2026-07-13T22:34:19.443Z
sensor.lixee_zlinky_tic_puissance_apparente,6820,2026-07-13T22:34:29.467Z
sensor.lixee_zlinky_tic_puissance_apparente,6860,2026-07-13T22:34:39.493Z
sensor.lixee_zlinky_tic_puissance_apparente,6870,2026-07-13T22:35:08.576Z
sensor.lixee_zlinky_tic_puissance_apparente,6880,2026-07-13T22:35:27.641Z
sensor.lixee_zlinky_tic_puissance_apparente,6870,2026-07-13T22:35:37.668Z
sensor.lixee_zlinky_tic_puissance_apparente,4420,2026-07-13T22:35:47.712Z
sensor.lixee_zlinky_tic_puissance_apparente,4410,2026-07-13T22:35:57.745Z
sensor.lixee_zlinky_tic_puissance_apparente,4420,2026-07-13T22:36:16.800Z
sensor.lixee_zlinky_tic_puissance_apparente,4430,2026-07-13T22:36:26.826Z
sensor.lixee_zlinky_tic_puissance_apparente,4420,2026-07-13T22:37:26.017Z
sensor.lixee_zlinky_tic_puissance_apparente,4400,2026-07-13T22:37:55.104Z
sensor.lixee_zlinky_tic_puissance_apparente,4410,2026-07-13T22:38:05.140Z
sensor.lixee_zlinky_tic_puissance_apparente,4400,2026-07-13T22:38:15.172Z
sensor.lixee_zlinky_tic_puissance_apparente,4410,2026-07-13T22:38:25.195Z
sensor.lixee_zlinky_tic_puissance_apparente,4570,2026-07-13T22:38:34.221Z
sensor.lixee_zlinky_tic_puissance_apparente,4580,2026-07-13T22:38:44.258Z
sensor.lixee_zlinky_tic_puissance_apparente,4570,2026-07-13T22:38:54.282Z
sensor.lixee_zlinky_tic_puissance_apparente,4580,2026-07-13T22:39:13.315Z
sensor.lixee_zlinky_tic_puissance_apparente,4560,2026-07-13T22:39:23.348Z
sensor.lixee_zlinky_tic_puissance_apparente,4550,2026-07-13T22:39:33.385Z
sensor.lixee_zlinky_tic_puissance_apparente,4560,2026-07-13T22:39:53.457Z
sensor.lixee_zlinky_tic_puissance_apparente,4390,2026-07-13T22:40:02.482Z
sensor.lixee_zlinky_tic_puissance_apparente,4380,2026-07-13T22:40:12.511Z
sensor.lixee_zlinky_tic_puissance_apparente,4390,2026-07-13T22:40:22.545Z
sensor.lixee_zlinky_tic_puissance_apparente,4310,2026-07-13T22:41:01.675Z
sensor.lixee_zlinky_tic_puissance_apparente,4320,2026-07-13T22:41:11.701Z
sensor.lixee_zlinky_tic_puissance_apparente,4310,2026-07-13T22:41:21.739Z
sensor.lixee_zlinky_tic_puissance_apparente,4320,2026-07-13T22:41:40.788Z
sensor.lixee_zlinky_tic_puissance_apparente,4310,2026-07-13T22:41:50.815Z
sensor.lixee_zlinky_tic_puissance_apparente,4320,2026-07-13T22:42:10.888Z
sensor.lixee_zlinky_tic_puissance_apparente,4420,2026-07-13T22:42:19.909Z
sensor.lixee_zlinky_tic_puissance_apparente,4440,2026-07-13T22:43:09.045Z
sensor.lixee_zlinky_tic_puissance_apparente,4420,2026-07-13T22:43:19.085Z
sensor.lixee_zlinky_tic_puissance_apparente,4430,2026-07-13T22:43:29.106Z
sensor.lixee_zlinky_tic_puissance_apparente,4700,2026-07-13T22:43:39.144Z
sensor.lixee_zlinky_tic_puissance_apparente,4430,2026-07-13T22:43:48.167Z
sensor.lixee_zlinky_tic_puissance_apparente,4420,2026-07-13T22:43:58.185Z
sensor.lixee_zlinky_tic_puissance_apparente,4460,2026-07-13T22:44:08.218Z
sensor.lixee_zlinky_tic_puissance_apparente,4470,2026-07-13T22:44:18.244Z
sensor.lixee_zlinky_tic_puissance_apparente,4480,2026-07-13T22:44:37.298Z
sensor.lixee_zlinky_tic_puissance_apparente,4460,2026-07-13T22:44:47.345Z
sensor.lixee_zlinky_tic_puissance_apparente,4470,2026-07-13T22:44:57.376Z
sensor.lixee_zlinky_tic_puissance_apparente,4440,2026-07-13T22:45:16.429Z
sensor.lixee_zlinky_tic_puissance_apparente,4450,2026-07-13T22:45:26.459Z
sensor.lixee_zlinky_tic_puissance_apparente,4480,2026-07-13T22:45:36.498Z
sensor.lixee_zlinky_tic_puissance_apparente,4460,2026-07-13T22:45:46.535Z
sensor.lixee_zlinky_tic_puissance_apparente,4450,2026-07-13T22:45:56.563Z
sensor.lixee_zlinky_tic_puissance_apparente,4460,2026-07-13T22:46:05.588Z
sensor.lixee_zlinky_tic_puissance_apparente,4470,2026-07-13T22:46:44.730Z
sensor.lixee_zlinky_tic_puissance_apparente,4480,2026-07-13T22:47:04.793Z
sensor.lixee_zlinky_tic_puissance_apparente,4470,2026-07-13T22:47:14.823Z
sensor.lixee_zlinky_tic_puissance_apparente,4480,2026-07-13T22:47:24.857Z
sensor.lixee_zlinky_tic_puissance_apparente,6470,2026-07-13T22:47:43.916Z
sensor.lixee_zlinky_tic_puissance_apparente,6450,2026-07-13T22:47:53.947Z
sensor.lixee_zlinky_tic_puissance_apparente,4490,2026-07-13T22:48:03.977Z
sensor.lixee_zlinky_tic_puissance_apparente,4470,2026-07-13T22:48:13.006Z
sensor.lixee_zlinky_tic_puissance_apparente,4450,2026-07-13T22:48:23.027Z
sensor.lixee_zlinky_tic_puissance_apparente,4460,2026-07-13T22:48:33.076Z
sensor.lixee_zlinky_tic_puissance_apparente,4450,2026-07-13T22:48:43.106Z
sensor.lixee_zlinky_tic_puissance_apparente,4460,2026-07-13T22:48:53.143Z
sensor.lixee_zlinky_tic_puissance_apparente,4470,2026-07-13T22:49:32.248Z
sensor.lixee_zlinky_tic_puissance_apparente,7120,2026-07-13T22:49:42.284Z
sensor.lixee_zlinky_tic_puissance_apparente,7050,2026-07-13T22:49:51.306Z
sensor.lixee_zlinky_tic_puissance_apparente,7070,2026-07-13T22:50:01.346Z
sensor.lixee_zlinky_tic_puissance_apparente,7060,2026-07-13T22:50:11.372Z
sensor.lixee_zlinky_tic_puissance_apparente,7030,2026-07-13T22:50:21.397Z
sensor.lixee_zlinky_tic_puissance_apparente,7010,2026-07-13T22:50:30.418Z
sensor.lixee_zlinky_tic_puissance_apparente,8870,2026-07-13T22:50:40.463Z
sensor.lixee_zlinky_tic_puissance_apparente,8820,2026-07-13T22:50:50.492Z
sensor.lixee_zlinky_tic_puissance_apparente,7020,2026-07-13T22:51:00.526Z
sensor.lixee_zlinky_tic_puissance_apparente,7010,2026-07-13T22:51:10.557Z
sensor.lixee_zlinky_tic_puissance_apparente,7000,2026-07-13T22:51:19.580Z
sensor.lixee_zlinky_tic_puissance_apparente,7020,2026-07-13T22:51:29.613Z
sensor.lixee_zlinky_tic_puissance_apparente,7010,2026-07-13T22:51:39.646Z
sensor.lixee_zlinky_tic_puissance_apparente,7000,2026-07-13T22:51:49.672Z
sensor.lixee_zlinky_tic_puissance_apparente,7010,2026-07-13T22:51:58.692Z
sensor.lixee_zlinky_tic_puissance_apparente,7000,2026-07-13T22:52:08.727Z
sensor.lixee_zlinky_tic_puissance_apparente,7010,2026-07-13T22:52:18.761Z
sensor.lixee_zlinky_tic_puissance_apparente,7000,2026-07-13T22:52:38.835Z
sensor.lixee_zlinky_tic_puissance_apparente,6990,2026-07-13T22:52:57.892Z
sensor.lixee_zlinky_tic_puissance_apparente,6980,2026-07-13T22:53:17.964Z
sensor.lixee_zlinky_tic_puissance_apparente,8820,2026-07-13T22:53:27.004Z
sensor.lixee_zlinky_tic_puissance_apparente,8760,2026-07-13T22:53:37.019Z
sensor.lixee_zlinky_tic_puissance_apparente,6950,2026-07-13T22:53:47.055Z
sensor.lixee_zlinky_tic_puissance_apparente,6970,2026-07-13T22:53:57.091Z
sensor.lixee_zlinky_tic_puissance_apparente,6960,2026-07-13T22:54:07.120Z
sensor.lixee_zlinky_tic_puissance_apparente,6940,2026-07-13T22:54:16.143Z
sensor.lixee_zlinky_tic_puissance_apparente,6980,2026-07-13T22:54:26.176Z
sensor.lixee_zlinky_tic_puissance_apparente,6960,2026-07-13T22:54:36.222Z
sensor.lixee_zlinky_tic_puissance_apparente,6990,2026-07-13T22:54:46.258Z
sensor.lixee_zlinky_tic_puissance_apparente,6980,2026-07-13T22:55:15.332Z
sensor.lixee_zlinky_tic_puissance_apparente,6970,2026-07-13T22:55:35.402Z
sensor.lixee_zlinky_tic_puissance_apparente,6980,2026-07-13T22:55:44.430Z
sensor.lixee_zlinky_tic_puissance_apparente,6990,2026-07-13T22:55:54.458Z
sensor.lixee_zlinky_tic_puissance_apparente,8800,2026-07-13T22:56:14.534Z
sensor.lixee_zlinky_tic_puissance_apparente,8750,2026-07-13T22:56:24.568Z
sensor.lixee_zlinky_tic_puissance_apparente,6970,2026-07-13T22:56:33.602Z
sensor.lixee_zlinky_tic_puissance_apparente,6860,2026-07-13T22:56:53.657Z
sensor.lixee_zlinky_tic_puissance_apparente,6850,2026-07-13T22:57:22.753Z
sensor.lixee_zlinky_tic_puissance_apparente,6860,2026-07-13T22:57:32.787Z
sensor.lixee_zlinky_tic_puissance_apparente,6840,2026-07-13T22:58:21.945Z
sensor.lixee_zlinky_tic_puissance_apparente,6810,2026-07-13T22:58:41.009Z
sensor.lixee_zlinky_tic_puissance_apparente,6830,2026-07-13T22:58:51.038Z
sensor.lixee_zlinky_tic_puissance_apparente,6840,2026-07-13T22:59:21.138Z
sensor.lixee_zlinky_tic_puissance_apparente,6850,2026-07-13T22:59:30.157Z
sensor.lixee_zlinky_tic_puissance_apparente,6870,2026-07-13T22:59:50.226Z
sensor.lixee_zlinky_tic_puissance_apparente,6830,2026-07-13T23:00:00.266Z
sensor.lixee_zlinky_tic_puissance_apparente,6850,2026-07-13T23:00:09.295Z
sensor.lixee_zlinky_tic_puissance_apparente,6840,2026-07-13T23:00:19.326Z
sensor.lixee_zlinky_tic_puissance_apparente,6850,2026-07-13T23:00:29.362Z
sensor.lixee_zlinky_tic_puissance_apparente,6790,2026-07-13T23:00:39.397Z
sensor.lixee_zlinky_tic_puissance_apparente,6820,2026-07-13T23:00:49.431Z
sensor.lixee_zlinky_tic_puissance_apparente,6900,2026-07-13T23:01:08.488Z
sensor.lixee_zlinky_tic_puissance_apparente,6890,2026-07-13T23:01:38.589Z
sensor.lixee_zlinky_tic_puissance_apparente,6880,2026-07-13T23:01:47.610Z
sensor.lixee_zlinky_tic_puissance_apparente,6900,2026-07-13T23:01:57.654Z
sensor.lixee_zlinky_tic_puissance_apparente,6910,2026-07-13T23:02:17.717Z
sensor.lixee_zlinky_tic_puissance_apparente,6930,2026-07-13T23:02:36.774Z
sensor.lixee_zlinky_tic_puissance_apparente,6950,2026-07-13T23:02:46.814Z
sensor.lixee_zlinky_tic_puissance_apparente,6960,2026-07-13T23:02:56.848Z
sensor.lixee_zlinky_tic_puissance_apparente,6930,2026-07-13T23:03:06.873Z
sensor.lixee_zlinky_tic_puissance_apparente,6920,2026-07-13T23:03:15.905Z
sensor.lixee_zlinky_tic_puissance_apparente,6950,2026-07-13T23:03:25.939Z
sensor.lixee_zlinky_tic_puissance_apparente,6960,2026-07-13T23:03:35.978Z
sensor.lixee_zlinky_tic_puissance_apparente,6950,2026-07-13T23:04:25.144Z
sensor.lixee_zlinky_tic_puissance_apparente,6920,2026-07-13T23:04:35.180Z
sensor.lixee_zlinky_tic_puissance_apparente,6970,2026-07-13T23:04:44.207Z
sensor.lixee_zlinky_tic_puissance_apparente,6960,2026-07-13T23:04:54.241Z
sensor.lixee_zlinky_tic_puissance_apparente,6950,2026-07-13T23:05:04.278Z
sensor.lixee_zlinky_tic_puissance_apparente,6960,2026-07-13T23:05:23.329Z
sensor.lixee_zlinky_tic_puissance_apparente,6940,2026-07-13T23:05:43.399Z
sensor.lixee_zlinky_tic_puissance_apparente,6920,2026-07-13T23:05:53.442Z
sensor.lixee_zlinky_tic_puissance_apparente,6910,2026-07-13T23:06:03.469Z
sensor.lixee_zlinky_tic_puissance_apparente,6920,2026-07-13T23:06:22.530Z
sensor.lixee_zlinky_tic_puissance_apparente,6910,2026-07-13T23:06:32.567Z
sensor.lixee_zlinky_tic_puissance_apparente,6920,2026-07-13T23:06:42.599Z
sensor.lixee_zlinky_tic_puissance_apparente,8770,2026-07-13T23:06:51.634Z
sensor.lixee_zlinky_tic_puissance_apparente,8750,2026-07-13T23:07:01.655Z
sensor.lixee_zlinky_tic_puissance_apparente,8600,2026-07-13T23:07:11.692Z
sensor.lixee_zlinky_tic_puissance_apparente,6930,2026-07-13T23:07:21.723Z
sensor.lixee_zlinky_tic_puissance_apparente,6950,2026-07-13T23:07:31.758Z
sensor.lixee_zlinky_tic_puissance_apparente,6940,2026-07-13T23:07:40.776Z
sensor.lixee_zlinky_tic_puissance_apparente,6950,2026-07-13T23:07:50.811Z
sensor.lixee_zlinky_tic_puissance_apparente,6970,2026-07-13T23:08:10.872Z
sensor.lixee_zlinky_tic_puissance_apparente,6890,2026-07-13T23:08:29.930Z
sensor.lixee_zlinky_tic_puissance_apparente,6880,2026-07-13T23:08:39.968Z
sensor.lixee_zlinky_tic_puissance_apparente,6870,2026-07-13T23:08:49.992Z
sensor.lixee_zlinky_tic_puissance_apparente,6900,2026-07-13T23:09:00.014Z
sensor.lixee_zlinky_tic_puissance_apparente,6890,2026-07-13T23:09:09.034Z
sensor.lixee_zlinky_tic_puissance_apparente,6880,2026-07-13T23:09:19.067Z
sensor.lixee_zlinky_tic_puissance_apparente,6890,2026-07-13T23:09:29.103Z
sensor.lixee_zlinky_tic_puissance_apparente,6880,2026-07-13T23:09:39.138Z
sensor.lixee_zlinky_tic_puissance_apparente,6870,2026-07-13T23:09:58.200Z
sensor.lixee_zlinky_tic_puissance_apparente,6860,2026-07-13T23:10:18.264Z
sensor.lixee_zlinky_tic_puissance_apparente,6870,2026-07-13T23:10:28.299Z
sensor.lixee_zlinky_tic_puissance_apparente,6830,2026-07-13T23:11:07.428Z
sensor.lixee_zlinky_tic_puissance_apparente,6840,2026-07-13T23:11:17.454Z
sensor.lixee_zlinky_tic_puissance_apparente,6830,2026-07-13T23:11:26.479Z
sensor.lixee_zlinky_tic_puissance_apparente,6850,2026-07-13T23:11:36.517Z
sensor.lixee_zlinky_tic_puissance_apparente,6820,2026-07-13T23:11:46.544Z
sensor.lixee_zlinky_tic_puissance_apparente,6800,2026-07-13T23:11:56.575Z
sensor.lixee_zlinky_tic_puissance_apparente,6780,2026-07-13T23:12:05.608Z
sensor.lixee_zlinky_tic_puissance_apparente,6800,2026-07-13T23:12:15.628Z
sensor.lixee_zlinky_tic_puissance_apparente,6790,2026-07-13T23:12:25.679Z
sensor.lixee_zlinky_tic_puissance_apparente,6820,2026-07-13T23:12:45.743Z
sensor.lixee_zlinky_tic_puissance_apparente,6810,2026-07-13T23:12:54.756Z
sensor.lixee_zlinky_tic_puissance_apparente,6820,2026-07-13T23:13:04.782Z
sensor.lixee_zlinky_tic_puissance_apparente,6830,2026-07-13T23:13:14.809Z
sensor.lixee_zlinky_tic_puissance_apparente,6820,2026-07-13T23:13:53.928Z
sensor.lixee_zlinky_tic_puissance_apparente,6870,2026-07-13T23:14:13.995Z
sensor.lixee_zlinky_tic_puissance_apparente,6850,2026-07-13T23:14:33.059Z
sensor.lixee_zlinky_tic_puissance_apparente,6840,2026-07-13T23:14:59.980Z
sensor.lixee_zlinky_tic_puissance_apparente,6860,2026-07-13T23:15:10.195Z
sensor.lixee_zlinky_tic_puissance_apparente,6850,2026-07-13T23:15:20.228Z
sensor.lixee_zlinky_tic_puissance_apparente,6840,2026-07-13T23:15:30.256Z
sensor.lixee_zlinky_tic_puissance_apparente,6960,2026-07-13T23:15:39.282Z
sensor.lixee_zlinky_tic_puissance_apparente,6940,2026-07-13T23:15:49.310Z
sensor.lixee_zlinky_tic_puissance_apparente,6930,2026-07-13T23:16:18.399Z
sensor.lixee_zlinky_tic_puissance_apparente,6950,2026-07-13T23:16:38.468Z
sensor.lixee_zlinky_tic_puissance_apparente,6930,2026-07-13T23:16:58.530Z
sensor.lixee_zlinky_tic_puissance_apparente,6940,2026-07-13T23:17:07.552Z
sensor.lixee_zlinky_tic_puissance_apparente,6930,2026-07-13T23:17:27.651Z
sensor.lixee_zlinky_tic_puissance_apparente,6950,2026-07-13T23:17:37.685Z
sensor.lixee_zlinky_tic_puissance_apparente,6970,2026-07-13T23:17:46.719Z
sensor.lixee_zlinky_tic_puissance_apparente,6960,2026-07-13T23:17:56.749Z
sensor.lixee_zlinky_tic_puissance_apparente,6980,2026-07-13T23:18:06.788Z
sensor.lixee_zlinky_tic_puissance_apparente,6970,2026-07-13T23:18:26.852Z
sensor.lixee_zlinky_tic_puissance_apparente,6960,2026-07-13T23:18:45.913Z
sensor.lixee_zlinky_tic_puissance_apparente,6950,2026-07-13T23:19:14.992Z
sensor.lixee_zlinky_tic_puissance_apparente,6980,2026-07-13T23:19:25.026Z
sensor.lixee_zlinky_tic_puissance_apparente,6970,2026-07-13T23:19:35.063Z
sensor.lixee_zlinky_tic_puissance_apparente,6960,2026-07-13T23:19:45.093Z
sensor.lixee_zlinky_tic_puissance_apparente,6950,2026-07-13T23:19:55.132Z
sensor.lixee_zlinky_tic_puissance_apparente,6970,2026-07-13T23:20:24.231Z
sensor.lixee_zlinky_tic_puissance_apparente,6960,2026-07-13T23:20:34.260Z
sensor.lixee_zlinky_tic_puissance_apparente,6950,2026-07-13T23:20:44.296Z
sensor.lixee_zlinky_tic_puissance_apparente,6970,2026-07-13T23:20:53.320Z
sensor.lixee_zlinky_tic_puissance_apparente,7060,2026-07-13T23:21:03.358Z
sensor.lixee_zlinky_tic_puissance_apparente,7170,2026-07-13T23:21:13.392Z
sensor.lixee_zlinky_tic_puissance_apparente,7220,2026-07-13T23:21:23.426Z
sensor.lixee_zlinky_tic_puissance_apparente,7140,2026-07-13T23:22:02.539Z
sensor.lixee_zlinky_tic_puissance_apparente,7060,2026-07-13T23:22:12.571Z
sensor.lixee_zlinky_tic_puissance_apparente,7020,2026-07-13T23:22:21.599Z
sensor.lixee_zlinky_tic_puissance_apparente,7040,2026-07-13T23:22:31.633Z
sensor.lixee_zlinky_tic_puissance_apparente,7030,2026-07-13T23:22:41.670Z
sensor.lixee_zlinky_tic_puissance_apparente,8890,2026-07-13T23:23:00.743Z
sensor.lixee_zlinky_tic_puissance_apparente,8840,2026-07-13T23:23:10.762Z
sensor.lixee_zlinky_tic_puissance_apparente,7020,2026-07-13T23:23:20.806Z
sensor.lixee_zlinky_tic_puissance_apparente,6950,2026-07-13T23:23:40.872Z
sensor.lixee_zlinky_tic_puissance_apparente,6930,2026-07-13T23:23:49.895Z
sensor.lixee_zlinky_tic_puissance_apparente,6940,2026-07-13T23:23:59.923Z
sensor.lixee_zlinky_tic_puissance_apparente,6900,2026-07-13T23:24:09.963Z
sensor.lixee_zlinky_tic_puissance_apparente,6880,2026-07-13T23:24:20.002Z
sensor.lixee_zlinky_tic_puissance_apparente,6810,2026-07-13T23:24:29.025Z
sensor.lixee_zlinky_tic_puissance_apparente,6800,2026-07-13T23:24:59.129Z
sensor.lixee_zlinky_tic_puissance_apparente,6810,2026-07-13T23:25:28.235Z
sensor.lixee_zlinky_tic_puissance_apparente,6800,2026-07-13T23:25:48.298Z
sensor.lixee_zlinky_tic_puissance_apparente,6810,2026-07-13T23:25:57.332Z
sensor.lixee_zlinky_tic_puissance_apparente,6770,2026-07-13T23:26:07.359Z
sensor.lixee_zlinky_tic_puissance_apparente,6790,2026-07-13T23:26:17.401Z
sensor.lixee_zlinky_tic_puissance_apparente,6800,2026-07-13T23:26:27.431Z
sensor.lixee_zlinky_tic_puissance_apparente,6810,2026-07-13T23:26:46.488Z
sensor.lixee_zlinky_tic_puissance_apparente,6820,2026-07-13T23:26:56.524Z
sensor.lixee_zlinky_tic_puissance_apparente,6800,2026-07-13T23:27:06.553Z
sensor.lixee_zlinky_tic_puissance_apparente,6790,2026-07-13T23:27:16.576Z
sensor.lixee_zlinky_tic_puissance_apparente,6810,2026-07-13T23:27:26.611Z
sensor.lixee_zlinky_tic_puissance_apparente,6820,2026-07-13T23:27:45.676Z
sensor.lixee_zlinky_tic_puissance_apparente,8630,2026-07-13T23:27:55.710Z
sensor.lixee_zlinky_tic_puissance_apparente,8610,2026-07-13T23:28:05.729Z
sensor.lixee_zlinky_tic_puissance_apparente,8600,2026-07-13T23:28:14.756Z
sensor.lixee_zlinky_tic_puissance_apparente,8590,2026-07-13T23:28:24.785Z
sensor.lixee_zlinky_tic_puissance_apparente,8600,2026-07-13T23:28:34.828Z
sensor.lixee_zlinky_tic_puissance_apparente,8590,2026-07-13T23:28:44.862Z
sensor.lixee_zlinky_tic_puissance_apparente,6810,2026-07-13T23:28:54.903Z
sensor.lixee_zlinky_tic_puissance_apparente,8630,2026-07-13T23:29:03.921Z
sensor.lixee_zlinky_tic_puissance_apparente,8620,2026-07-13T23:29:13.955Z
sensor.lixee_zlinky_tic_puissance_apparente,6000,2026-07-13T23:29:24.000Z
sensor.lixee_zlinky_tic_puissance_apparente,6010,2026-07-13T23:29:34.037Z
sensor.lixee_zlinky_tic_puissance_apparente,6000,2026-07-13T23:29:43.062Z
sensor.lixee_zlinky_tic_puissance_apparente,6010,2026-07-13T23:30:03.136Z
sensor.lixee_zlinky_tic_puissance_apparente,5990,2026-07-13T23:30:13.174Z
sensor.lixee_zlinky_tic_puissance_apparente,5980,2026-07-13T23:30:23.202Z
sensor.lixee_zlinky_tic_puissance_apparente,6030,2026-07-13T23:30:32.230Z
sensor.lixee_zlinky_tic_puissance_apparente,6000,2026-07-13T23:30:42.259Z
sensor.lixee_zlinky_tic_puissance_apparente,5990,2026-07-13T23:30:52.302Z
sensor.lixee_zlinky_tic_puissance_apparente,6000,2026-07-13T23:31:11.364Z
sensor.lixee_zlinky_tic_puissance_apparente,5990,2026-07-13T23:31:21.391Z
sensor.lixee_zlinky_tic_puissance_apparente,6000,2026-07-13T23:31:31.433Z
sensor.lixee_zlinky_tic_puissance_apparente,5990,2026-07-13T23:31:51.493Z
sensor.lixee_zlinky_tic_puissance_apparente,5980,2026-07-13T23:32:10.550Z
sensor.lixee_zlinky_tic_puissance_apparente,5990,2026-07-13T23:32:30.604Z
sensor.lixee_zlinky_tic_puissance_apparente,5980,2026-07-13T23:32:59.705Z
sensor.lixee_zlinky_tic_puissance_apparente,5970,2026-07-13T23:33:19.770Z
sensor.lixee_zlinky_tic_puissance_apparente,5980,2026-07-13T23:33:28.789Z
sensor.lixee_zlinky_tic_puissance_apparente,5990,2026-07-13T23:33:38.816Z
sensor.lixee_zlinky_tic_puissance_apparente,5970,2026-07-13T23:33:48.858Z
sensor.lixee_zlinky_tic_puissance_apparente,5980,2026-07-13T23:33:58.876Z
sensor.lixee_zlinky_tic_puissance_apparente,5970,2026-07-13T23:34:08.904Z
sensor.lixee_zlinky_tic_puissance_apparente,5960,2026-07-13T23:34:17.933Z
sensor.lixee_zlinky_tic_puissance_apparente,5970,2026-07-13T23:34:27.980Z
sensor.lixee_zlinky_tic_puissance_apparente,5980,2026-07-13T23:35:07.098Z
sensor.lixee_zlinky_tic_puissance_apparente,5970,2026-07-13T23:35:17.129Z
sensor.lixee_zlinky_tic_puissance_apparente,6030,2026-07-13T23:35:27.182Z
sensor.lixee_zlinky_tic_puissance_apparente,6050,2026-07-13T23:35:46.197Z
sensor.lixee_zlinky_tic_puissance_apparente,6100,2026-07-13T23:35:56.260Z
sensor.lixee_zlinky_tic_puissance_apparente,6200,2026-07-13T23:36:16.332Z
sensor.lixee_zlinky_tic_puissance_apparente,6260,2026-07-13T23:36:25.355Z
sensor.lixee_zlinky_tic_puissance_apparente,6280,2026-07-13T23:36:35.391Z
sensor.lixee_zlinky_tic_puissance_apparente,6250,2026-07-13T23:36:45.415Z
sensor.lixee_zlinky_tic_puissance_apparente,6230,2026-07-13T23:36:55.452Z
sensor.lixee_zlinky_tic_puissance_apparente,6170,2026-07-13T23:37:05.490Z
sensor.lixee_zlinky_tic_puissance_apparente,6110,2026-07-13T23:37:14.498Z
sensor.lixee_zlinky_tic_puissance_apparente,6090,2026-07-13T23:37:24.532Z
sensor.lixee_zlinky_tic_puissance_apparente,4390,2026-07-13T23:37:34.575Z
sensor.lixee_zlinky_tic_puissance_apparente,4400,2026-07-13T23:37:44.613Z
sensor.lixee_zlinky_tic_puissance_apparente,4390,2026-07-13T23:37:53.638Z
sensor.lixee_zlinky_tic_puissance_apparente,4400,2026-07-13T23:38:03.663Z
sensor.lixee_zlinky_tic_puissance_apparente,4390,2026-07-13T23:38:23.727Z
sensor.lixee_zlinky_tic_puissance_apparente,4380,2026-07-13T23:38:33.767Z
sensor.lixee_zlinky_tic_puissance_apparente,4300,2026-07-13T23:38:42.788Z
sensor.lixee_zlinky_tic_puissance_apparente,4310,2026-07-13T23:38:52.822Z
sensor.lixee_zlinky_tic_puissance_apparente,4300,2026-07-13T23:39:22.934Z
sensor.lixee_zlinky_tic_puissance_apparente,4290,2026-07-13T23:39:42.001Z
sensor.lixee_zlinky_tic_puissance_apparente,4320,2026-07-13T23:39:52.021Z
sensor.lixee_zlinky_tic_puissance_apparente,4300,2026-07-13T23:40:02.051Z
sensor.lixee_zlinky_tic_puissance_apparente,4310,2026-07-13T23:40:11.068Z
sensor.lixee_zlinky_tic_puissance_apparente,4300,2026-07-13T23:40:41.175Z
sensor.lixee_zlinky_tic_puissance_apparente,4310,2026-07-13T23:41:00.235Z
sensor.lixee_zlinky_tic_puissance_apparente,4320,2026-07-13T23:41:20.310Z
sensor.lixee_zlinky_tic_puissance_apparente,4310,2026-07-13T23:41:30.337Z
sensor.lixee_zlinky_tic_puissance_apparente,4300,2026-07-13T23:41:39.365Z
sensor.lixee_zlinky_tic_puissance_apparente,4290,2026-07-13T23:41:49.397Z
sensor.lixee_zlinky_tic_puissance_apparente,4300,2026-07-13T23:41:59.433Z
sensor.lixee_zlinky_tic_puissance_apparente,4310,2026-07-13T23:42:09.469Z
sensor.lixee_zlinky_tic_puissance_apparente,4320,2026-07-13T23:43:07.659Z
sensor.lixee_zlinky_tic_puissance_apparente,4310,2026-07-13T23:43:27.726Z
sensor.lixee_zlinky_tic_puissance_apparente,4250,2026-07-13T23:43:37.763Z
sensor.lixee_zlinky_tic_puissance_apparente,4240,2026-07-13T23:43:56.824Z
sensor.lixee_zlinky_tic_puissance_apparente,4250,2026-07-13T23:44:06.848Z
sensor.lixee_zlinky_tic_puissance_apparente,4240,2026-07-13T23:44:36.943Z
sensor.lixee_zlinky_tic_puissance_apparente,4260,2026-07-13T23:44:56.005Z
sensor.lixee_zlinky_tic_puissance_apparente,4250,2026-07-13T23:45:06.031Z
sensor.lixee_zlinky_tic_puissance_apparente,4240,2026-07-13T23:45:16.069Z
sensor.lixee_zlinky_tic_puissance_apparente,4250,2026-07-13T23:45:25.091Z
sensor.lixee_zlinky_tic_puissance_apparente,4240,2026-07-13T23:45:55.191Z
sensor.lixee_zlinky_tic_puissance_apparente,4260,2026-07-13T23:46:14.247Z
sensor.lixee_zlinky_tic_puissance_apparente,4250,2026-07-13T23:46:24.271Z
sensor.lixee_zlinky_tic_puissance_apparente,4240,2026-07-13T23:47:03.400Z
sensor.lixee_zlinky_tic_puissance_apparente,4250,2026-07-13T23:47:13.444Z
sensor.lixee_zlinky_tic_puissance_apparente,4280,2026-07-13T23:47:23.470Z
sensor.lixee_zlinky_tic_puissance_apparente,4250,2026-07-13T23:47:33.509Z
sensor.lixee_zlinky_tic_puissance_apparente,4230,2026-07-13T23:47:42.535Z
sensor.lixee_zlinky_tic_puissance_apparente,4200,2026-07-13T23:47:52.569Z
sensor.lixee_zlinky_tic_puissance_apparente,4210,2026-07-13T23:48:02.609Z
sensor.lixee_zlinky_tic_puissance_apparente,4200,2026-07-13T23:48:12.640Z
sensor.lixee_zlinky_tic_puissance_apparente,4230,2026-07-13T23:48:21.663Z
sensor.lixee_zlinky_tic_puissance_apparente,4220,2026-07-13T23:48:31.697Z
sensor.lixee_zlinky_tic_puissance_apparente,4210,2026-07-13T23:48:41.733Z
sensor.lixee_zlinky_tic_puissance_apparente,4200,2026-07-13T23:49:20.855Z
sensor.lixee_zlinky_tic_puissance_apparente,4210,2026-07-13T23:49:30.894Z
sensor.lixee_zlinky_tic_puissance_apparente,4220,2026-07-13T23:49:40.923Z
sensor.lixee_zlinky_tic_puissance_apparente,4210,2026-07-13T23:49:49.956Z
sensor.lixee_zlinky_tic_puissance_apparente,4240,2026-07-13T23:50:39.119Z
sensor.lixee_zlinky_tic_puissance_apparente,4270,2026-07-13T23:50:49.142Z
sensor.lixee_zlinky_tic_puissance_apparente,4360,2026-07-13T23:50:59.183Z
sensor.lixee_zlinky_tic_puissance_apparente,4470,2026-07-13T23:51:09.210Z
sensor.lixee_zlinky_tic_puissance_apparente,4510,2026-07-13T23:51:19.237Z
sensor.lixee_zlinky_tic_puissance_apparente,4520,2026-07-13T23:51:28.265Z
sensor.lixee_zlinky_tic_puissance_apparente,4510,2026-07-13T23:51:38.300Z
sensor.lixee_zlinky_tic_puissance_apparente,4480,2026-07-13T23:51:48.336Z
sensor.lixee_zlinky_tic_puissance_apparente,4410,2026-07-13T23:51:58.364Z
sensor.lixee_zlinky_tic_puissance_apparente,4340,2026-07-13T23:52:07.392Z
sensor.lixee_zlinky_tic_puissance_apparente,4310,2026-07-13T23:52:17.414Z
sensor.lixee_zlinky_tic_puissance_apparente,4300,2026-07-13T23:52:37.490Z
sensor.lixee_zlinky_tic_puissance_apparente,4290,2026-07-13T23:53:26.669Z
sensor.lixee_zlinky_tic_puissance_apparente,4210,2026-07-13T23:53:35.703Z
sensor.lixee_zlinky_tic_puissance_apparente,4220,2026-07-13T23:54:05.801Z
sensor.lixee_zlinky_tic_puissance_apparente,4230,2026-07-13T23:54:15.836Z
sensor.lixee_zlinky_tic_puissance_apparente,4200,2026-07-13T23:54:24.858Z
sensor.lixee_zlinky_tic_puissance_apparente,4210,2026-07-13T23:54:54.946Z
sensor.lixee_zlinky_tic_puissance_apparente,4200,2026-07-13T23:55:34.082Z
sensor.lixee_zlinky_tic_puissance_apparente,4210,2026-07-13T23:55:44.115Z
sensor.lixee_zlinky_tic_puissance_apparente,4200,2026-07-13T23:55:53.135Z
sensor.lixee_zlinky_tic_puissance_apparente,6190,2026-07-13T23:56:03.168Z
sensor.lixee_zlinky_tic_puissance_apparente,5770,2026-07-13T23:56:13.204Z
sensor.lixee_zlinky_tic_puissance_apparente,4190,2026-07-13T23:56:23.240Z
sensor.lixee_zlinky_tic_puissance_apparente,4200,2026-07-13T23:56:32.266Z
sensor.lixee_zlinky_tic_puissance_apparente,4210,2026-07-13T23:56:42.294Z
sensor.lixee_zlinky_tic_puissance_apparente,4200,2026-07-13T23:57:02.375Z
sensor.lixee_zlinky_tic_puissance_apparente,4210,2026-07-13T23:57:51.537Z
sensor.lixee_zlinky_tic_puissance_apparente,4200,2026-07-13T23:58:20.636Z
sensor.lixee_zlinky_tic_puissance_apparente,4210,2026-07-13T23:58:30.667Z
sensor.lixee_zlinky_tic_puissance_apparente,4280,2026-07-13T23:58:40.703Z
sensor.lixee_zlinky_tic_puissance_apparente,4270,2026-07-13T23:58:49.727Z
sensor.lixee_zlinky_tic_puissance_apparente,4290,2026-07-13T23:58:59.757Z
sensor.lixee_zlinky_tic_puissance_apparente,4300,2026-07-13T23:59:48.906Z
sensor.lixee_zlinky_tic_puissance_apparente,4290,2026-07-13T23:59:58.934Z
sensor.lixee_zlinky_tic_puissance_apparente,4280,2026-07-14T00:00:17.998Z
sensor.lixee_zlinky_tic_puissance_apparente,4270,2026-07-14T00:00:28.029Z
sensor.lixee_zlinky_tic_puissance_apparente,4280,2026-07-14T00:00:38.068Z
sensor.lixee_zlinky_tic_puissance_apparente,4290,2026-07-14T00:01:17.185Z
sensor.lixee_zlinky_tic_puissance_apparente,4270,2026-07-14T00:01:27.229Z
sensor.lixee_zlinky_tic_puissance_apparente,4280,2026-07-14T00:01:37.268Z
sensor.lixee_zlinky_tic_puissance_apparente,4290,2026-07-14T00:01:46.291Z
sensor.lixee_zlinky_tic_puissance_apparente,4280,2026-07-14T00:02:16.392Z
sensor.lixee_zlinky_tic_puissance_apparente,4300,2026-07-14T00:02:26.426Z
sensor.lixee_zlinky_tic_puissance_apparente,4290,2026-07-14T00:02:35.457Z
sensor.lixee_zlinky_tic_puissance_apparente,4280,2026-07-14T00:02:55.521Z
sensor.lixee_zlinky_tic_puissance_apparente,4290,2026-07-14T00:03:05.556Z
sensor.lixee_zlinky_tic_puissance_apparente,4280,2026-07-14T00:03:14.587Z
sensor.lixee_zlinky_tic_puissance_apparente,4290,2026-07-14T00:03:24.614Z
sensor.lixee_zlinky_tic_puissance_apparente,4280,2026-07-14T00:04:03.735Z
sensor.lixee_zlinky_tic_puissance_apparente,4290,2026-07-14T00:04:13.771Z
sensor.lixee_zlinky_tic_puissance_apparente,4310,2026-07-14T00:04:43.859Z
sensor.lixee_zlinky_tic_puissance_apparente,4320,2026-07-14T00:04:52.892Z
sensor.lixee_zlinky_tic_puissance_apparente,4290,2026-07-14T00:05:02.937Z
sensor.lixee_zlinky_tic_puissance_apparente,4300,2026-07-14T00:05:32.029Z
sensor.lixee_zlinky_tic_puissance_apparente,4340,2026-07-14T00:05:42.056Z
sensor.lixee_zlinky_tic_puissance_apparente,4410,2026-07-14T00:05:52.101Z
sensor.lixee_zlinky_tic_puissance_apparente,4520,2026-07-14T00:06:02.132Z
sensor.lixee_zlinky_tic_puissance_apparente,4590,2026-07-14T00:06:12.162Z
sensor.lixee_zlinky_tic_puissance_apparente,4580,2026-07-14T00:06:31.223Z
sensor.lixee_zlinky_tic_puissance_apparente,4500,2026-07-14T00:06:51.281Z
sensor.lixee_zlinky_tic_puissance_apparente,4440,2026-07-14T00:07:00.302Z
sensor.lixee_zlinky_tic_puissance_apparente,4390,2026-07-14T00:07:10.357Z
sensor.lixee_zlinky_tic_puissance_apparente,4370,2026-07-14T00:07:20.392Z
sensor.lixee_zlinky_tic_puissance_apparente,4290,2026-07-14T00:07:30.415Z
sensor.lixee_zlinky_tic_puissance_apparente,4280,2026-07-14T00:07:40.458Z
sensor.lixee_zlinky_tic_puissance_apparente,4290,2026-07-14T00:07:49.482Z
sensor.lixee_zlinky_tic_puissance_apparente,4300,2026-07-14T00:08:19.572Z
sensor.lixee_zlinky_tic_puissance_apparente,4210,2026-07-14T00:08:28.606Z
sensor.lixee_zlinky_tic_puissance_apparente,4220,2026-07-14T00:08:38.624Z
sensor.lixee_zlinky_tic_puissance_apparente,4210,2026-07-14T00:09:08.720Z
sensor.lixee_zlinky_tic_puissance_apparente,4220,2026-07-14T00:10:16.910Z
sensor.lixee_zlinky_tic_puissance_apparente,4210,2026-07-14T00:10:26.943Z
sensor.lixee_zlinky_tic_puissance_apparente,4220,2026-07-14T00:10:56.015Z
sensor.lixee_zlinky_tic_puissance_apparente,4210,2026-07-14T00:11:16.073Z
sensor.lixee_zlinky_tic_puissance_apparente,4200,2026-07-14T00:11:35.136Z
sensor.lixee_zlinky_tic_puissance_apparente,4210,2026-07-14T00:11:45.164Z
sensor.lixee_zlinky_tic_puissance_apparente,4200,2026-07-14T00:11:55.202Z
sensor.lixee_zlinky_tic_puissance_apparente,4210,2026-07-14T00:12:05.236Z
sensor.lixee_zlinky_tic_puissance_apparente,4220,2026-07-14T00:12:24.288Z
sensor.lixee_zlinky_tic_puissance_apparente,4280,2026-07-14T00:12:34.328Z
sensor.lixee_zlinky_tic_puissance_apparente,4260,2026-07-14T00:12:44.356Z
sensor.lixee_zlinky_tic_puissance_apparente,4270,2026-07-14T00:13:13.442Z
sensor.lixee_zlinky_tic_puissance_apparente,4260,2026-07-14T00:13:23.479Z
sensor.lixee_zlinky_tic_puissance_apparente,4270,2026-07-14T00:13:33.516Z
sensor.lixee_zlinky_tic_puissance_apparente,4260,2026-07-14T00:13:43.550Z
sensor.lixee_zlinky_tic_puissance_apparente,4270,2026-07-14T00:14:12.640Z
sensor.lixee_zlinky_tic_puissance_apparente,4280,2026-07-14T00:14:31.684Z
sensor.lixee_zlinky_tic_puissance_apparente,4270,2026-07-14T00:14:41.715Z
sensor.lixee_zlinky_tic_puissance_apparente,4260,2026-07-14T00:15:01.788Z
sensor.lixee_zlinky_tic_puissance_apparente,4270,2026-07-14T00:15:20.840Z
sensor.lixee_zlinky_tic_puissance_apparente,4260,2026-07-14T00:15:40.910Z
sensor.lixee_zlinky_tic_puissance_apparente,4270,2026-07-14T00:15:59.950Z
sensor.lixee_zlinky_tic_puissance_apparente,4260,2026-07-14T00:16:09.985Z
sensor.lixee_zlinky_tic_puissance_apparente,4270,2026-07-14T00:16:30.047Z
sensor.lixee_zlinky_tic_puissance_apparente,4260,2026-07-14T00:16:40.085Z
sensor.lixee_zlinky_tic_puissance_apparente,4270,2026-07-14T00:16:49.104Z
sensor.lixee_zlinky_tic_puissance_apparente,4260,2026-07-14T00:17:19.203Z
sensor.lixee_zlinky_tic_puissance_apparente,4270,2026-07-14T00:17:48.288Z
sensor.lixee_zlinky_tic_puissance_apparente,4260,2026-07-14T00:17:58.320Z
sensor.lixee_zlinky_tic_puissance_apparente,4270,2026-07-14T00:18:08.356Z
sensor.lixee_zlinky_tic_puissance_apparente,4280,2026-07-14T00:18:27.420Z
sensor.lixee_zlinky_tic_puissance_apparente,4270,2026-07-14T00:18:57.509Z
sensor.lixee_zlinky_tic_puissance_apparente,4260,2026-07-14T00:19:06.540Z
sensor.lixee_zlinky_tic_puissance_apparente,4270,2026-07-14T00:19:16.569Z
sensor.lixee_zlinky_tic_puissance_apparente,4210,2026-07-14T00:19:55.701Z
sensor.lixee_zlinky_tic_puissance_apparente,4230,2026-07-14T00:20:25.199Z
sensor.lixee_zlinky_tic_puissance_apparente,4220,2026-07-14T00:20:34.821Z
sensor.lixee_zlinky_tic_puissance_apparente,4300,2026-07-14T00:20:44.854Z
sensor.lixee_zlinky_tic_puissance_apparente,4400,2026-07-14T00:20:54.886Z
sensor.lixee_zlinky_tic_puissance_apparente,4490,2026-07-14T00:21:04.925Z
sensor.lixee_zlinky_tic_puissance_apparente,4510,2026-07-14T00:21:14.961Z
sensor.lixee_zlinky_tic_puissance_apparente,4490,2026-07-14T00:21:34.019Z
sensor.lixee_zlinky_tic_puissance_apparente,4450,2026-07-14T00:21:44.057Z
sensor.lixee_zlinky_tic_puissance_apparente,4390,2026-07-14T00:21:54.088Z
sensor.lixee_zlinky_tic_puissance_apparente,4310,2026-07-14T00:22:03.114Z
sensor.lixee_zlinky_tic_puissance_apparente,4300,2026-07-14T00:22:13.146Z
sensor.lixee_zlinky_tic_puissance_apparente,4310,2026-07-14T00:22:23.186Z
sensor.lixee_zlinky_tic_puissance_apparente,4300,2026-07-14T00:22:33.212Z
sensor.lixee_zlinky_tic_puissance_apparente,4360,2026-07-14T00:23:22.380Z
sensor.lixee_zlinky_tic_puissance_apparente,4320,2026-07-14T00:23:31.403Z
sensor.lixee_zlinky_tic_puissance_apparente,4260,2026-07-14T00:23:41.430Z
sensor.lixee_zlinky_tic_puissance_apparente,4250,2026-07-14T00:23:51.474Z
sensor.lixee_zlinky_tic_puissance_apparente,4240,2026-07-14T00:24:20.563Z
sensor.lixee_zlinky_tic_puissance_apparente,4250,2026-07-14T00:24:30.600Z
sensor.lixee_zlinky_tic_puissance_apparente,4240,2026-07-14T00:24:40.636Z
sensor.lixee_zlinky_tic_puissance_apparente,4250,2026-07-14T00:24:59.690Z
sensor.lixee_zlinky_tic_puissance_apparente,4240,2026-07-14T00:25:09.719Z
sensor.lixee_zlinky_tic_puissance_apparente,4250,2026-07-14T00:25:19.768Z
sensor.lixee_zlinky_tic_puissance_apparente,4230,2026-07-14T00:25:29.794Z
sensor.lixee_zlinky_tic_puissance_apparente,4240,2026-07-14T00:25:39.830Z
sensor.lixee_zlinky_tic_puissance_apparente,4230,2026-07-14T00:26:08.909Z
sensor.lixee_zlinky_tic_puissance_apparente,4220,2026-07-14T00:26:48.054Z
sensor.lixee_zlinky_tic_puissance_apparente,4270,2026-07-14T00:26:58.088Z
sensor.lixee_zlinky_tic_puissance_apparente,4260,2026-07-14T00:27:47.245Z
sensor.lixee_zlinky_tic_puissance_apparente,4270,2026-07-14T00:27:56.268Z
sensor.lixee_zlinky_tic_puissance_apparente,4260,2026-07-14T00:28:16.340Z
sensor.lixee_zlinky_tic_puissance_apparente,4270,2026-07-14T00:28:36.413Z
sensor.lixee_zlinky_tic_puissance_apparente,4260,2026-07-14T00:29:25.572Z
sensor.lixee_zlinky_tic_puissance_apparente,4270,2026-07-14T00:29:34.600Z
sensor.lixee_zlinky_tic_puissance_apparente,4260,2026-07-14T00:30:04.706Z
sensor.lixee_zlinky_tic_puissance_apparente,4250,2026-07-14T00:30:13.726Z
sensor.lixee_zlinky_tic_puissance_apparente,4260,2026-07-14T00:30:23.761Z
sensor.lixee_zlinky_tic_puissance_apparente,4250,2026-07-14T00:31:22.939Z
sensor.lixee_zlinky_tic_puissance_apparente,4260,2026-07-14T00:31:32.966Z
sensor.lixee_zlinky_tic_puissance_apparente,4250,2026-07-14T00:31:41.991Z
sensor.lixee_zlinky_tic_puissance_apparente,4220,2026-07-14T00:32:02.064Z
sensor.lixee_zlinky_tic_puissance_apparente,4160,2026-07-14T00:32:12.085Z
sensor.lixee_zlinky_tic_puissance_apparente,6080,2026-07-14T00:32:51.198Z
sensor.lixee_zlinky_tic_puissance_apparente,6030,2026-07-14T00:33:01.230Z
sensor.lixee_zlinky_tic_puissance_apparente,4160,2026-07-14T00:33:11.276Z
sensor.lixee_zlinky_tic_puissance_apparente,4170,2026-07-14T00:33:20.296Z
sensor.lixee_zlinky_tic_puissance_apparente,4160,2026-07-14T00:33:40.361Z
sensor.lixee_zlinky_tic_puissance_apparente,4020,2026-07-14T00:34:48.580Z
sensor.lixee_zlinky_tic_puissance_apparente,4070,2026-07-14T00:35:27.710Z
sensor.lixee_zlinky_tic_puissance_apparente,4080,2026-07-14T00:35:37.744Z
sensor.lixee_zlinky_tic_puissance_apparente,4160,2026-07-14T00:35:47.778Z
sensor.lixee_zlinky_tic_puissance_apparente,4280,2026-07-14T00:35:57.811Z
sensor.lixee_zlinky_tic_puissance_apparente,4320,2026-07-14T00:36:07.846Z
sensor.lixee_zlinky_tic_puissance_apparente,4340,2026-07-14T00:36:16.873Z
sensor.lixee_zlinky_tic_puissance_apparente,4310,2026-07-14T00:36:26.905Z
sensor.lixee_zlinky_tic_puissance_apparente,4280,2026-07-14T00:36:36.938Z
sensor.lixee_zlinky_tic_puissance_apparente,4220,2026-07-14T00:36:46.959Z
sensor.lixee_zlinky_tic_puissance_apparente,4150,2026-07-14T00:36:55.985Z
sensor.lixee_zlinky_tic_puissance_apparente,4120,2026-07-14T00:37:06.018Z
sensor.lixee_zlinky_tic_puissance_apparente,4110,2026-07-14T00:37:16.059Z
sensor.lixee_zlinky_tic_puissance_apparente,4100,2026-07-14T00:37:26.087Z
sensor.lixee_zlinky_tic_puissance_apparente,4090,2026-07-14T00:37:55.169Z
sensor.lixee_zlinky_tic_puissance_apparente,4010,2026-07-14T00:38:24.268Z
sensor.lixee_zlinky_tic_puissance_apparente,4020,2026-07-14T00:38:44.339Z
sensor.lixee_zlinky_tic_puissance_apparente,4030,2026-07-14T00:39:13.428Z
sensor.lixee_zlinky_tic_puissance_apparente,4020,2026-07-14T00:39:33.497Z
sensor.lixee_zlinky_tic_puissance_apparente,4090,2026-07-14T00:39:43.523Z
sensor.lixee_zlinky_tic_puissance_apparente,4070,2026-07-14T00:40:02.581Z
sensor.lixee_zlinky_tic_puissance_apparente,4060,2026-07-14T00:40:41.705Z
sensor.lixee_zlinky_tic_puissance_apparente,4070,2026-07-14T00:40:51.742Z
sensor.lixee_zlinky_tic_puissance_apparente,4060,2026-07-14T00:41:01.781Z
sensor.lixee_zlinky_tic_puissance_apparente,4050,2026-07-14T00:41:40.910Z
sensor.lixee_zlinky_tic_puissance_apparente,4060,2026-07-14T00:41:50.943Z
sensor.lixee_zlinky_tic_puissance_apparente,5120,2026-07-14T00:42:40.095Z
sensor.lixee_zlinky_tic_puissance_apparente,4140,2026-07-14T00:42:50.132Z
sensor.lixee_zlinky_tic_puissance_apparente,4130,2026-07-14T00:43:38.288Z
sensor.lixee_zlinky_tic_puissance_apparente,4140,2026-07-14T00:44:18.311Z
sensor.lixee_zlinky_tic_puissance_apparente,6810,2026-07-14T00:44:47.517Z
sensor.lixee_zlinky_tic_puissance_apparente,6730,2026-07-14T00:44:57.549Z
sensor.lixee_zlinky_tic_puissance_apparente,6700,2026-07-14T00:45:06.580Z
sensor.lixee_zlinky_tic_puissance_apparente,6680,2026-07-14T00:45:16.612Z
sensor.lixee_zlinky_tic_puissance_apparente,6670,2026-07-14T00:45:36.681Z
sensor.lixee_zlinky_tic_puissance_apparente,6660,2026-07-14T00:45:55.728Z
sensor.lixee_zlinky_tic_puissance_apparente,6650,2026-07-14T00:46:05.756Z
sensor.lixee_zlinky_tic_puissance_apparente,6630,2026-07-14T00:46:15.798Z
sensor.lixee_zlinky_tic_puissance_apparente,6620,2026-07-14T00:46:25.836Z
sensor.lixee_zlinky_tic_puissance_apparente,6630,2026-07-14T00:46:35.864Z
sensor.lixee_zlinky_tic_puissance_apparente,6620,2026-07-14T00:46:54.935Z
sensor.lixee_zlinky_tic_puissance_apparente,6630,2026-07-14T00:47:04.966Z
sensor.lixee_zlinky_tic_puissance_apparente,6620,2026-07-14T00:47:34.052Z
sensor.lixee_zlinky_tic_puissance_apparente,6640,2026-07-14T00:47:44.094Z
sensor.lixee_zlinky_tic_puissance_apparente,6610,2026-07-14T00:48:13.181Z
sensor.lixee_zlinky_tic_puissance_apparente,6600,2026-07-14T00:48:23.213Z
sensor.lixee_zlinky_tic_puissance_apparente,6610,2026-07-14T00:48:33.241Z
sensor.lixee_zlinky_tic_puissance_apparente,6600,2026-07-14T00:48:43.271Z
sensor.lixee_zlinky_tic_puissance_apparente,6590,2026-07-14T00:48:52.300Z
sensor.lixee_zlinky_tic_puissance_apparente,6720,2026-07-14T00:49:02.335Z
sensor.lixee_zlinky_tic_puissance_apparente,6710,2026-07-14T00:49:12.380Z
sensor.lixee_zlinky_tic_puissance_apparente,6700,2026-07-14T00:49:22.409Z
sensor.lixee_zlinky_tic_puissance_apparente,6770,2026-07-14T00:49:32.447Z
sensor.lixee_zlinky_tic_puissance_apparente,6760,2026-07-14T00:49:41.471Z
sensor.lixee_zlinky_tic_puissance_apparente,6750,2026-07-14T00:49:51.497Z
sensor.lixee_zlinky_tic_puissance_apparente,6760,2026-07-14T00:50:00.988Z
sensor.lixee_zlinky_tic_puissance_apparente,6770,2026-07-14T00:50:20.598Z
sensor.lixee_zlinky_tic_puissance_apparente,6850,2026-07-14T00:50:40.658Z
sensor.lixee_zlinky_tic_puissance_apparente,6940,2026-07-14T00:50:50.687Z
sensor.lixee_zlinky_tic_puissance_apparente,7020,2026-07-14T00:51:00.720Z
sensor.lixee_zlinky_tic_puissance_apparente,7050,2026-07-14T00:51:09.742Z
sensor.lixee_zlinky_tic_puissance_apparente,6960,2026-07-14T00:51:29.818Z
sensor.lixee_zlinky_tic_puissance_apparente,6910,2026-07-14T00:51:39.833Z
sensor.lixee_zlinky_tic_puissance_apparente,6840,2026-07-14T00:51:49.869Z
sensor.lixee_zlinky_tic_puissance_apparente,6770,2026-07-14T00:51:58.895Z
sensor.lixee_zlinky_tic_puissance_apparente,6750,2026-07-14T00:52:18.961Z
sensor.lixee_zlinky_tic_puissance_apparente,6730,2026-07-14T00:52:29.008Z
sensor.lixee_zlinky_tic_puissance_apparente,6720,2026-07-14T00:52:38.029Z
sensor.lixee_zlinky_tic_puissance_apparente,6740,2026-07-14T00:52:58.095Z
sensor.lixee_zlinky_tic_puissance_apparente,6750,2026-07-14T00:53:27.183Z
sensor.lixee_zlinky_tic_puissance_apparente,6770,2026-07-14T00:53:47.255Z
sensor.lixee_zlinky_tic_puissance_apparente,6760,2026-07-14T00:53:57.284Z
sensor.lixee_zlinky_tic_puissance_apparente,6770,2026-07-14T00:54:06.317Z
sensor.lixee_zlinky_tic_puissance_apparente,6690,2026-07-14T00:54:16.346Z
sensor.lixee_zlinky_tic_puissance_apparente,6680,2026-07-14T00:54:26.387Z
sensor.lixee_zlinky_tic_puissance_apparente,6670,2026-07-14T00:54:36.420Z
sensor.lixee_zlinky_tic_puissance_apparente,6680,2026-07-14T00:54:46.447Z
sensor.lixee_zlinky_tic_puissance_apparente,6670,2026-07-14T00:55:05.493Z
sensor.lixee_zlinky_tic_puissance_apparente,6690,2026-07-14T00:55:25.584Z
sensor.lixee_zlinky_tic_puissance_apparente,6680,2026-07-14T00:55:44.626Z
sensor.lixee_zlinky_tic_puissance_apparente,6660,2026-07-14T00:55:54.667Z
sensor.lixee_zlinky_tic_puissance_apparente,6650,2026-07-14T00:56:14.736Z
sensor.lixee_zlinky_tic_puissance_apparente,7510,2026-07-14T00:56:23.768Z
sensor.lixee_zlinky_tic_puissance_apparente,8460,2026-07-14T00:56:33.794Z
sensor.lixee_zlinky_tic_puissance_apparente,8340,2026-07-14T00:56:43.825Z
sensor.lixee_zlinky_tic_puissance_apparente,6580,2026-07-14T00:56:53.859Z
sensor.lixee_zlinky_tic_puissance_apparente,6430,2026-07-14T00:57:02.883Z
sensor.lixee_zlinky_tic_puissance_apparente,6390,2026-07-14T00:57:12.914Z
sensor.lixee_zlinky_tic_puissance_apparente,3850,2026-07-14T00:57:22.947Z
sensor.lixee_zlinky_tic_puissance_apparente,3870,2026-07-14T00:57:32.983Z
sensor.lixee_zlinky_tic_puissance_apparente,3880,2026-07-14T00:57:52.037Z
sensor.lixee_zlinky_tic_puissance_apparente,3870,2026-07-14T00:58:02.071Z
sensor.lixee_zlinky_tic_puissance_apparente,3850,2026-07-14T00:58:12.104Z
sensor.lixee_zlinky_tic_puissance_apparente,3880,2026-07-14T00:58:51.228Z
sensor.lixee_zlinky_tic_puissance_apparente,3890,2026-07-14T00:59:01.261Z
sensor.lixee_zlinky_tic_puissance_apparente,3880,2026-07-14T00:59:11.300Z
sensor.lixee_zlinky_tic_puissance_apparente,3900,2026-07-14T00:59:40.386Z
sensor.lixee_zlinky_tic_puissance_apparente,3870,2026-07-14T01:00:19.508Z
sensor.lixee_zlinky_tic_puissance_apparente,1260,2026-07-14T01:00:29.560Z
sensor.lixee_zlinky_tic_puissance_apparente,1270,2026-07-14T01:04:05.215Z
sensor.lixee_zlinky_tic_puissance_apparente,1260,2026-07-14T01:04:15.248Z
sensor.lixee_zlinky_tic_puissance_apparente,1270,2026-07-14T01:04:54.372Z
sensor.lixee_zlinky_tic_puissance_apparente,1260,2026-07-14T01:05:04.399Z
sensor.lixee_zlinky_tic_puissance_apparente,1280,2026-07-14T01:06:12.630Z
sensor.lixee_zlinky_tic_puissance_apparente,1320,2026-07-14T01:06:22.664Z
sensor.lixee_zlinky_tic_puissance_apparente,1340,2026-07-14T01:06:32.685Z
sensor.lixee_zlinky_tic_puissance_apparente,1430,2026-07-14T01:06:42.720Z
sensor.lixee_zlinky_tic_puissance_apparente,1550,2026-07-14T01:06:51.748Z
sensor.lixee_zlinky_tic_puissance_apparente,1580,2026-07-14T01:07:01.785Z
sensor.lixee_zlinky_tic_puissance_apparente,1600,2026-07-14T01:07:11.819Z
sensor.lixee_zlinky_tic_puissance_apparente,1560,2026-07-14T01:07:21.849Z
sensor.lixee_zlinky_tic_puissance_apparente,1530,2026-07-14T01:07:30.877Z
sensor.lixee_zlinky_tic_puissance_apparente,1460,2026-07-14T01:07:40.910Z
sensor.lixee_zlinky_tic_puissance_apparente,1390,2026-07-14T01:07:50.946Z
sensor.lixee_zlinky_tic_puissance_apparente,1370,2026-07-14T01:08:00.978Z
sensor.lixee_zlinky_tic_puissance_apparente,1360,2026-07-14T01:08:11.013Z
sensor.lixee_zlinky_tic_puissance_apparente,1350,2026-07-14T01:08:20.042Z
sensor.lixee_zlinky_tic_puissance_apparente,1260,2026-07-14T01:09:19.235Z
sensor.lixee_zlinky_tic_puissance_apparente,1270,2026-07-14T01:09:29.266Z
sensor.lixee_zlinky_tic_puissance_apparente,1260,2026-07-14T01:09:39.297Z
sensor.lixee_zlinky_tic_puissance_apparente,1270,2026-07-14T01:10:18.434Z
sensor.lixee_zlinky_tic_puissance_apparente,1260,2026-07-14T01:10:28.469Z
sensor.lixee_zlinky_tic_puissance_apparente,1270,2026-07-14T01:11:07.585Z
sensor.lixee_zlinky_tic_puissance_apparente,1260,2026-07-14T01:11:16.609Z
sensor.lixee_zlinky_tic_puissance_apparente,1290,2026-07-14T01:12:44.904Z
sensor.lixee_zlinky_tic_puissance_apparente,1300,2026-07-14T01:12:54.936Z
sensor.lixee_zlinky_tic_puissance_apparente,1290,2026-07-14T01:14:53.324Z
sensor.lixee_zlinky_tic_puissance_apparente,1300,2026-07-14T01:15:02.348Z
sensor.lixee_zlinky_tic_puissance_apparente,1290,2026-07-14T01:15:32.443Z
sensor.lixee_zlinky_tic_puissance_apparente,1300,2026-07-14T01:15:51.497Z
sensor.lixee_zlinky_tic_puissance_apparente,1290,2026-07-14T01:16:30.632Z
sensor.lixee_zlinky_tic_puissance_apparente,1300,2026-07-14T01:17:19.789Z
sensor.lixee_zlinky_tic_puissance_apparente,1290,2026-07-14T01:17:49.888Z
sensor.lixee_zlinky_tic_puissance_apparente,1300,2026-07-14T01:17:58.916Z
sensor.lixee_zlinky_tic_puissance_apparente,1320,2026-07-14T01:18:58.111Z
sensor.lixee_zlinky_tic_puissance_apparente,1310,2026-07-14T01:19:27.220Z
sensor.lixee_zlinky_tic_puissance_apparente,1320,2026-07-14T01:19:37.228Z
sensor.lixee_zlinky_tic_puissance_apparente,1310,2026-07-14T01:20:36.419Z
sensor.lixee_zlinky_tic_puissance_apparente,1320,2026-07-14T01:21:15.536Z
sensor.lixee_zlinky_tic_puissance_apparente,1370,2026-07-14T01:21:25.572Z
sensor.lixee_zlinky_tic_puissance_apparente,1450,2026-07-14T01:21:35.606Z
sensor.lixee_zlinky_tic_puissance_apparente,1560,2026-07-14T01:21:44.621Z
sensor.lixee_zlinky_tic_puissance_apparente,1610,2026-07-14T01:21:54.650Z
sensor.lixee_zlinky_tic_puissance_apparente,1620,2026-07-14T01:22:04.696Z
sensor.lixee_zlinky_tic_puissance_apparente,1600,2026-07-14T01:22:24.761Z
sensor.lixee_zlinky_tic_puissance_apparente,1520,2026-07-14T01:22:33.785Z
sensor.lixee_zlinky_tic_puissance_apparente,1450,2026-07-14T01:22:43.633Z
sensor.lixee_zlinky_tic_puissance_apparente,1420,2026-07-14T01:22:53.852Z
sensor.lixee_zlinky_tic_puissance_apparente,1410,2026-07-14T01:23:03.882Z
sensor.lixee_zlinky_tic_puissance_apparente,1400,2026-07-14T01:23:12.907Z
sensor.lixee_zlinky_tic_puissance_apparente,1390,2026-07-14T01:23:32.986Z
sensor.lixee_zlinky_tic_puissance_apparente,1320,2026-07-14T01:24:12.080Z
sensor.lixee_zlinky_tic_puissance_apparente,1300,2026-07-14T01:24:22.119Z
sensor.lixee_zlinky_tic_puissance_apparente,1310,2026-07-14T01:24:32.155Z
sensor.lixee_zlinky_tic_puissance_apparente,1300,2026-07-14T01:24:51.205Z
sensor.lixee_zlinky_tic_puissance_apparente,3200,2026-07-14T01:25:40.367Z
sensor.lixee_zlinky_tic_puissance_apparente,3150,2026-07-14T01:25:50.406Z
sensor.lixee_zlinky_tic_puissance_apparente,3120,2026-07-14T01:26:00.435Z
sensor.lixee_zlinky_tic_puissance_apparente,1280,2026-07-14T01:26:10.469Z
sensor.lixee_zlinky_tic_puissance_apparente,1330,2026-07-14T01:26:39.565Z
sensor.lixee_zlinky_tic_puissance_apparente,1420,2026-07-14T01:27:18.689Z
sensor.lixee_zlinky_tic_puissance_apparente,1430,2026-07-14T01:27:38.749Z
sensor.lixee_zlinky_tic_puissance_apparente,1420,2026-07-14T01:27:47.779Z
sensor.lixee_zlinky_tic_puissance_apparente,1410,2026-07-14T01:27:57.813Z
sensor.lixee_zlinky_tic_puissance_apparente,1420,2026-07-14T01:28:07.843Z
sensor.lixee_zlinky_tic_puissance_apparente,1410,2026-07-14T01:28:26.903Z
sensor.lixee_zlinky_tic_puissance_apparente,1420,2026-07-14T01:28:46.980Z
sensor.lixee_zlinky_tic_puissance_apparente,1410,2026-07-14T01:28:57.013Z
sensor.lixee_zlinky_tic_puissance_apparente,1420,2026-07-14T01:29:07.033Z
sensor.lixee_zlinky_tic_puissance_apparente,1410,2026-07-14T01:29:16.055Z
sensor.lixee_zlinky_tic_puissance_apparente,1420,2026-07-14T01:32:12.609Z
sensor.lixee_zlinky_tic_puissance_apparente,1410,2026-07-14T01:32:22.630Z
sensor.lixee_zlinky_tic_puissance_apparente,1360,2026-07-14T01:33:50.928Z
sensor.lixee_zlinky_tic_puissance_apparente,1350,2026-07-14T01:34:00.967Z
sensor.lixee_zlinky_tic_puissance_apparente,1360,2026-07-14T01:34:11.004Z
sensor.lixee_zlinky_tic_puissance_apparente,1320,2026-07-14T01:34:30.066Z
sensor.lixee_zlinky_tic_puissance_apparente,1330,2026-07-14T01:35:19.209Z
sensor.lixee_zlinky_tic_puissance_apparente,1320,2026-07-14T01:35:29.245Z
sensor.lixee_zlinky_tic_puissance_apparente,1250,2026-07-14T01:35:58.343Z
sensor.lixee_zlinky_tic_puissance_apparente,1260,2026-07-14T01:36:08.364Z
sensor.lixee_zlinky_tic_puissance_apparente,1290,2026-07-14T01:36:18.402Z
sensor.lixee_zlinky_tic_puissance_apparente,1340,2026-07-14T01:36:28.442Z
sensor.lixee_zlinky_tic_puissance_apparente,1430,2026-07-14T01:36:38.473Z
sensor.lixee_zlinky_tic_puissance_apparente,1540,2026-07-14T01:36:47.495Z
sensor.lixee_zlinky_tic_puissance_apparente,1560,2026-07-14T01:36:57.523Z
sensor.lixee_zlinky_tic_puissance_apparente,1570,2026-07-14T01:37:07.569Z
sensor.lixee_zlinky_tic_puissance_apparente,1550,2026-07-14T01:37:17.602Z
sensor.lixee_zlinky_tic_puissance_apparente,1510,2026-07-14T01:37:26.631Z
sensor.lixee_zlinky_tic_puissance_apparente,1420,2026-07-14T01:37:36.656Z
sensor.lixee_zlinky_tic_puissance_apparente,1370,2026-07-14T01:37:46.697Z
sensor.lixee_zlinky_tic_puissance_apparente,1350,2026-07-14T01:37:56.720Z
sensor.lixee_zlinky_tic_puissance_apparente,1340,2026-07-14T01:38:15.784Z
sensor.lixee_zlinky_tic_puissance_apparente,1330,2026-07-14T01:38:25.812Z
sensor.lixee_zlinky_tic_puissance_apparente,1320,2026-07-14T01:39:04.929Z
sensor.lixee_zlinky_tic_puissance_apparente,1250,2026-07-14T01:39:14.967Z
sensor.lixee_zlinky_tic_puissance_apparente,1240,2026-07-14T01:39:35.038Z
sensor.lixee_zlinky_tic_puissance_apparente,1250,2026-07-14T01:39:54.095Z
sensor.lixee_zlinky_tic_puissance_apparente,1240,2026-07-14T01:40:04.129Z
sensor.lixee_zlinky_tic_puissance_apparente,1170,2026-07-14T01:40:43.273Z
sensor.lixee_zlinky_tic_puissance_apparente,1160,2026-07-14T01:41:12.355Z
sensor.lixee_zlinky_tic_puissance_apparente,1170,2026-07-14T01:41:22.381Z
sensor.lixee_zlinky_tic_puissance_apparente,1160,2026-07-14T01:42:11.551Z
sensor.lixee_zlinky_tic_puissance_apparente,1170,2026-07-14T01:42:21.585Z
sensor.lixee_zlinky_tic_puissance_apparente,1160,2026-07-14T01:42:31.624Z
sensor.lixee_zlinky_tic_puissance_apparente,1170,2026-07-14T01:43:39.841Z
sensor.lixee_zlinky_tic_puissance_apparente,1160,2026-07-14T01:43:49.866Z
sensor.lixee_zlinky_tic_puissance_apparente,1170,2026-07-14T01:44:49.066Z
sensor.lixee_zlinky_tic_puissance_apparente,1160,2026-07-14T01:44:58.096Z
sensor.lixee_zlinky_tic_puissance_apparente,1170,2026-07-14T01:47:15.538Z
sensor.lixee_zlinky_tic_puissance_apparente,1160,2026-07-14T01:47:54.669Z
sensor.lixee_zlinky_tic_puissance_apparente,1170,2026-07-14T01:48:04.705Z
sensor.lixee_zlinky_tic_puissance_apparente,1160,2026-07-14T01:48:53.868Z
sensor.lixee_zlinky_tic_puissance_apparente,1170,2026-07-14T01:49:03.906Z
sensor.lixee_zlinky_tic_puissance_apparente,1160,2026-07-14T01:49:13.928Z
sensor.lixee_zlinky_tic_puissance_apparente,1170,2026-07-14T01:49:22.950Z
sensor.lixee_zlinky_tic_puissance_apparente,1160,2026-07-14T01:49:32.995Z
sensor.lixee_zlinky_tic_puissance_apparente,1170,2026-07-14T01:49:53.067Z
sensor.lixee_zlinky_tic_puissance_apparente,1160,2026-07-14T01:50:03.098Z
sensor.lixee_zlinky_tic_puissance_apparente,1190,2026-07-14T01:51:11.331Z
sensor.lixee_zlinky_tic_puissance_apparente,1230,2026-07-14T01:51:21.353Z
sensor.lixee_zlinky_tic_puissance_apparente,1310,2026-07-14T01:51:31.389Z
sensor.lixee_zlinky_tic_puissance_apparente,1420,2026-07-14T01:51:40.407Z
sensor.lixee_zlinky_tic_puissance_apparente,1460,2026-07-14T01:51:50.433Z
sensor.lixee_zlinky_tic_puissance_apparente,1480,2026-07-14T01:52:00.473Z
sensor.lixee_zlinky_tic_puissance_apparente,1470,2026-07-14T01:52:10.507Z
sensor.lixee_zlinky_tic_puissance_apparente,1450,2026-07-14T01:52:19.521Z
sensor.lixee_zlinky_tic_puissance_apparente,1370,2026-07-14T01:52:29.559Z
sensor.lixee_zlinky_tic_puissance_apparente,1300,2026-07-14T01:52:39.583Z
sensor.lixee_zlinky_tic_puissance_apparente,1270,2026-07-14T01:52:49.608Z
sensor.lixee_zlinky_tic_puissance_apparente,1260,2026-07-14T01:52:59.646Z
sensor.lixee_zlinky_tic_puissance_apparente,1250,2026-07-14T01:53:08.666Z
sensor.lixee_zlinky_tic_puissance_apparente,1240,2026-07-14T01:53:57.829Z
sensor.lixee_zlinky_tic_puissance_apparente,1160,2026-07-14T01:54:07.871Z
sensor.lixee_zlinky_tic_puissance_apparente,1150,2026-07-14T01:55:07.054Z
sensor.lixee_zlinky_tic_puissance_apparente,1160,2026-07-14T01:55:56.225Z
sensor.lixee_zlinky_tic_puissance_apparente,1150,2026-07-14T01:56:05.253Z
sensor.lixee_zlinky_tic_puissance_apparente,1160,2026-07-14T01:56:15.288Z
sensor.lixee_zlinky_tic_puissance_apparente,1150,2026-07-14T01:56:35.360Z
sensor.lixee_zlinky_tic_puissance_apparente,1160,2026-07-14T01:56:54.421Z
sensor.lixee_zlinky_tic_puissance_apparente,1150,2026-07-14T01:57:53.606Z
sensor.lixee_zlinky_tic_puissance_apparente,1160,2026-07-14T01:58:03.640Z
sensor.lixee_zlinky_tic_puissance_apparente,1150,2026-07-14T01:59:01.826Z
sensor.lixee_zlinky_tic_puissance_apparente,1140,2026-07-14T02:00:21.084Z
sensor.lixee_zlinky_tic_puissance_apparente,1150,2026-07-14T02:00:31.127Z
sensor.lixee_zlinky_tic_puissance_apparente,2630,2026-07-14T02:00:40.161Z
sensor.lixee_zlinky_tic_puissance_apparente,3050,2026-07-14T02:00:50.184Z
sensor.lixee_zlinky_tic_puissance_apparente,1150,2026-07-14T02:01:00.225Z
sensor.lixee_zlinky_tic_puissance_apparente,1140,2026-07-14T02:01:49.380Z
sensor.lixee_zlinky_tic_puissance_apparente,1150,2026-07-14T02:01:59.413Z
sensor.lixee_zlinky_tic_puissance_apparente,1160,2026-07-14T02:02:18.460Z
sensor.lixee_zlinky_tic_puissance_apparente,1150,2026-07-14T02:02:28.500Z
sensor.lixee_zlinky_tic_puissance_apparente,1180,2026-07-14T02:03:56.793Z
sensor.lixee_zlinky_tic_puissance_apparente,1190,2026-07-14T02:04:06.827Z
sensor.lixee_zlinky_tic_puissance_apparente,1270,2026-07-14T02:04:15.848Z
sensor.lixee_zlinky_tic_puissance_apparente,1240,2026-07-14T02:04:25.887Z
sensor.lixee_zlinky_tic_puissance_apparente,1230,2026-07-14T02:04:35.917Z
sensor.lixee_zlinky_tic_puissance_apparente,1240,2026-07-14T02:05:05.001Z
sensor.lixee_zlinky_tic_puissance_apparente,1230,2026-07-14T02:05:25.083Z
sensor.lixee_zlinky_tic_puissance_apparente,1240,2026-07-14T02:05:35.115Z
sensor.lixee_zlinky_tic_puissance_apparente,1250,2026-07-14T02:06:04.213Z
sensor.lixee_zlinky_tic_puissance_apparente,1290,2026-07-14T02:06:14.245Z
sensor.lixee_zlinky_tic_puissance_apparente,1370,2026-07-14T02:06:24.277Z
sensor.lixee_zlinky_tic_puissance_apparente,1460,2026-07-14T02:06:33.313Z
sensor.lixee_zlinky_tic_puissance_apparente,1540,2026-07-14T02:06:43.336Z
sensor.lixee_zlinky_tic_puissance_apparente,1550,2026-07-14T02:06:53.381Z
sensor.lixee_zlinky_tic_puissance_apparente,1480,2026-07-14T02:07:22.468Z
sensor.lixee_zlinky_tic_puissance_apparente,1410,2026-07-14T02:07:32.509Z
sensor.lixee_zlinky_tic_puissance_apparente,1350,2026-07-14T02:07:42.534Z
sensor.lixee_zlinky_tic_puissance_apparente,1340,2026-07-14T02:07:52.575Z
sensor.lixee_zlinky_tic_puissance_apparente,1330,2026-07-14T02:08:01.594Z
sensor.lixee_zlinky_tic_puissance_apparente,1320,2026-07-14T02:08:41.729Z
sensor.lixee_zlinky_tic_puissance_apparente,1250,2026-07-14T02:09:00.813Z
sensor.lixee_zlinky_tic_puissance_apparente,1240,2026-07-14T02:09:10.843Z
sensor.lixee_zlinky_tic_puissance_apparente,1250,2026-07-14T02:10:49.162Z
sensor.lixee_zlinky_tic_puissance_apparente,1240,2026-07-14T02:10:58.169Z
sensor.lixee_zlinky_tic_puissance_apparente,1230,2026-07-14T02:11:08.208Z
sensor.lixee_zlinky_tic_puissance_apparente,1240,2026-07-14T02:11:18.243Z
sensor.lixee_zlinky_tic_puissance_apparente,1210,2026-07-14T02:11:28.284Z
sensor.lixee_zlinky_tic_puissance_apparente,1180,2026-07-14T02:11:38.319Z
sensor.lixee_zlinky_tic_puissance_apparente,2150,2026-07-14T02:11:57.377Z
sensor.lixee_zlinky_tic_puissance_apparente,1260,2026-07-14T02:12:07.423Z
sensor.lixee_zlinky_tic_puissance_apparente,1270,2026-07-14T02:12:26.469Z
sensor.lixee_zlinky_tic_puissance_apparente,1260,2026-07-14T02:12:36.494Z
sensor.lixee_zlinky_tic_puissance_apparente,1250,2026-07-14T02:14:34.879Z
sensor.lixee_zlinky_tic_puissance_apparente,1260,2026-07-14T02:14:53.930Z
sensor.lixee_zlinky_tic_puissance_apparente,1250,2026-07-14T02:15:33.059Z
sensor.lixee_zlinky_tic_puissance_apparente,1260,2026-07-14T02:15:53.133Z
sensor.lixee_zlinky_tic_puissance_apparente,1250,2026-07-14T02:16:32.247Z
sensor.lixee_zlinky_tic_puissance_apparente,1260,2026-07-14T02:17:01.337Z
sensor.lixee_zlinky_tic_puissance_apparente,1250,2026-07-14T02:17:40.453Z
sensor.lixee_zlinky_tic_puissance_apparente,1260,2026-07-14T02:17:50.494Z
sensor.lixee_zlinky_tic_puissance_apparente,1270,2026-07-14T02:18:59.718Z
sensor.lixee_zlinky_tic_puissance_apparente,1260,2026-07-14T02:19:28.813Z
sensor.lixee_zlinky_tic_puissance_apparente,1270,2026-07-14T02:19:48.863Z
sensor.lixee_zlinky_tic_puissance_apparente,1260,2026-07-14T02:20:27.982Z
sensor.lixee_zlinky_tic_puissance_apparente,1270,2026-07-14T02:20:38.004Z
sensor.lixee_zlinky_tic_puissance_apparente,1210,2026-07-14T02:20:57.067Z
sensor.lixee_zlinky_tic_puissance_apparente,1220,2026-07-14T02:21:07.100Z
sensor.lixee_zlinky_tic_puissance_apparente,1290,2026-07-14T02:21:17.133Z
sensor.lixee_zlinky_tic_puissance_apparente,1380,2026-07-14T02:21:26.166Z
sensor.lixee_zlinky_tic_puissance_apparente,1480,2026-07-14T02:21:36.190Z
sensor.lixee_zlinky_tic_puissance_apparente,1500,2026-07-14T02:21:46.225Z
sensor.lixee_zlinky_tic_puissance_apparente,1510,2026-07-14T02:21:56.255Z
sensor.lixee_zlinky_tic_puissance_apparente,1500,2026-07-14T02:22:06.285Z
sensor.lixee_zlinky_tic_puissance_apparente,1450,2026-07-14T02:22:15.313Z
sensor.lixee_zlinky_tic_puissance_apparente,1390,2026-07-14T02:22:25.349Z
sensor.lixee_zlinky_tic_puissance_apparente,1300,2026-07-14T02:22:35.385Z
sensor.lixee_zlinky_tic_puissance_apparente,1290,2026-07-14T02:22:45.419Z
sensor.lixee_zlinky_tic_puissance_apparente,1280,2026-07-14T02:22:54.443Z
sensor.lixee_zlinky_tic_puissance_apparente,1270,2026-07-14T02:23:24.551Z
sensor.lixee_zlinky_tic_puissance_apparente,1280,2026-07-14T02:23:43.608Z
sensor.lixee_zlinky_tic_puissance_apparente,1240,2026-07-14T02:23:53.658Z
sensor.lixee_zlinky_tic_puissance_apparente,1190,2026-07-14T02:24:03.673Z
sensor.lixee_zlinky_tic_puissance_apparente,1200,2026-07-14T02:24:13.712Z
sensor.lixee_zlinky_tic_puissance_apparente,1190,2026-07-14T02:24:23.737Z
sensor.lixee_zlinky_tic_puissance_apparente,1180,2026-07-14T02:24:42.813Z
sensor.lixee_zlinky_tic_puissance_apparente,1190,2026-07-14T02:24:52.853Z
sensor.lixee_zlinky_tic_puissance_apparente,1180,2026-07-14T02:25:21.942Z
sensor.lixee_zlinky_tic_puissance_apparente,1190,2026-07-14T02:25:31.986Z
sensor.lixee_zlinky_tic_puissance_apparente,1150,2026-07-14T02:25:42.014Z
sensor.lixee_zlinky_tic_puissance_apparente,1160,2026-07-14T02:27:10.285Z
sensor.lixee_zlinky_tic_puissance_apparente,1150,2026-07-14T02:27:29.333Z
sensor.lixee_zlinky_tic_puissance_apparente,1160,2026-07-14T02:27:59.437Z
sensor.lixee_zlinky_tic_puissance_apparente,1150,2026-07-14T02:28:18.494Z
sensor.lixee_zlinky_tic_puissance_apparente,1160,2026-07-14T02:28:28.528Z
sensor.lixee_zlinky_tic_puissance_apparente,1150,2026-07-14T02:28:57.623Z
sensor.lixee_zlinky_tic_puissance_apparente,1160,2026-07-14T02:31:54.169Z
sensor.lixee_zlinky_tic_puissance_apparente,1150,2026-07-14T02:32:34.300Z
sensor.lixee_zlinky_tic_puissance_apparente,1160,2026-07-14T02:32:53.364Z
sensor.lixee_zlinky_tic_puissance_apparente,1150,2026-07-14T02:33:13.428Z
sensor.lixee_zlinky_tic_puissance_apparente,1160,2026-07-14T02:33:32.488Z
sensor.lixee_zlinky_tic_puissance_apparente,1150,2026-07-14T02:33:52.562Z
sensor.lixee_zlinky_tic_puissance_apparente,1160,2026-07-14T02:34:21.647Z
sensor.lixee_zlinky_tic_puissance_apparente,1150,2026-07-14T02:34:31.683Z
sensor.lixee_zlinky_tic_puissance_apparente,1160,2026-07-14T02:35:00.763Z
sensor.lixee_zlinky_tic_puissance_apparente,1150,2026-07-14T02:35:39.894Z
sensor.lixee_zlinky_tic_puissance_apparente,1160,2026-07-14T02:35:49.909Z
sensor.lixee_zlinky_tic_puissance_apparente,1210,2026-07-14T02:35:59.949Z
sensor.lixee_zlinky_tic_puissance_apparente,1230,2026-07-14T02:36:09.987Z
sensor.lixee_zlinky_tic_puissance_apparente,1310,2026-07-14T02:36:20.014Z
sensor.lixee_zlinky_tic_puissance_apparente,1410,2026-07-14T02:36:29.043Z
sensor.lixee_zlinky_tic_puissance_apparente,1460,2026-07-14T02:36:39.060Z
sensor.lixee_zlinky_tic_puissance_apparente,1470,2026-07-14T02:36:49.101Z
sensor.lixee_zlinky_tic_puissance_apparente,1460,2026-07-14T02:36:58.310Z
sensor.lixee_zlinky_tic_puissance_apparente,1440,2026-07-14T02:37:08.159Z
sensor.lixee_zlinky_tic_puissance_apparente,1370,2026-07-14T02:37:18.197Z
sensor.lixee_zlinky_tic_puissance_apparente,1290,2026-07-14T02:37:28.228Z
sensor.lixee_zlinky_tic_puissance_apparente,1260,2026-07-14T02:37:38.264Z
sensor.lixee_zlinky_tic_puissance_apparente,1250,2026-07-14T02:37:57.316Z
sensor.lixee_zlinky_tic_puissance_apparente,1240,2026-07-14T02:38:07.345Z
sensor.lixee_zlinky_tic_puissance_apparente,3120,2026-07-14T02:38:46.465Z
sensor.lixee_zlinky_tic_puissance_apparente,3000,2026-07-14T02:38:56.490Z
sensor.lixee_zlinky_tic_puissance_apparente,1160,2026-07-14T02:39:06.508Z
sensor.lixee_zlinky_tic_puissance_apparente,1150,2026-07-14T02:39:35.595Z
sensor.lixee_zlinky_tic_puissance_apparente,1160,2026-07-14T02:40:44.834Z
sensor.lixee_zlinky_tic_puissance_apparente,1140,2026-07-14T02:40:53.856Z
sensor.lixee_zlinky_tic_puissance_apparente,1150,2026-07-14T02:41:13.926Z
sensor.lixee_zlinky_tic_puissance_apparente,1140,2026-07-14T02:42:32.156Z
sensor.lixee_zlinky_tic_puissance_apparente,1200,2026-07-14T02:42:42.193Z
sensor.lixee_zlinky_tic_puissance_apparente,1190,2026-07-14T02:43:51.404Z
sensor.lixee_zlinky_tic_puissance_apparente,1200,2026-07-14T02:44:10.448Z
sensor.lixee_zlinky_tic_puissance_apparente,1190,2026-07-14T02:44:39.543Z
sensor.lixee_zlinky_tic_puissance_apparente,1200,2026-07-14T02:44:49.576Z
sensor.lixee_zlinky_tic_puissance_apparente,1210,2026-07-14T02:46:17.873Z
sensor.lixee_zlinky_tic_puissance_apparente,1200,2026-07-14T02:46:27.939Z
sensor.lixee_zlinky_tic_puissance_apparente,1210,2026-07-14T02:47:07.055Z
sensor.lixee_zlinky_tic_puissance_apparente,1200,2026-07-14T02:47:27.123Z
sensor.lixee_zlinky_tic_puissance_apparente,1210,2026-07-14T02:47:36.150Z
sensor.lixee_zlinky_tic_puissance_apparente,1200,2026-07-14T02:48:06.257Z
sensor.lixee_zlinky_tic_puissance_apparente,1210,2026-07-14T02:48:25.312Z
sensor.lixee_zlinky_tic_puissance_apparente,1200,2026-07-14T02:48:35.344Z
sensor.lixee_zlinky_tic_puissance_apparente,1210,2026-07-14T02:49:04.444Z
sensor.lixee_zlinky_tic_puissance_apparente,1200,2026-07-14T02:49:24.514Z
sensor.lixee_zlinky_tic_puissance_apparente,1150,2026-07-14T02:49:53.608Z
sensor.lixee_zlinky_tic_puissance_apparente,3950,2026-07-14T02:50:23.702Z
sensor.lixee_zlinky_tic_puissance_apparente,3890,2026-07-14T02:50:33.740Z
sensor.lixee_zlinky_tic_puissance_apparente,3870,2026-07-14T02:50:42.761Z
sensor.lixee_zlinky_tic_puissance_apparente,3850,2026-07-14T02:50:52.807Z
sensor.lixee_zlinky_tic_puissance_apparente,3890,2026-07-14T02:51:02.829Z
sensor.lixee_zlinky_tic_puissance_apparente,3980,2026-07-14T02:51:12.866Z
sensor.lixee_zlinky_tic_puissance_apparente,4080,2026-07-14T02:51:21.891Z
sensor.lixee_zlinky_tic_puissance_apparente,4130,2026-07-14T02:51:31.927Z
sensor.lixee_zlinky_tic_puissance_apparente,4140,2026-07-14T02:51:51.990Z
sensor.lixee_zlinky_tic_puissance_apparente,4120,2026-07-14T02:52:01.693Z
sensor.lixee_zlinky_tic_puissance_apparente,4040,2026-07-14T02:52:11.050Z
sensor.lixee_zlinky_tic_puissance_apparente,3930,2026-07-14T02:52:21.092Z
sensor.lixee_zlinky_tic_puissance_apparente,3860,2026-07-14T02:52:31.122Z
sensor.lixee_zlinky_tic_puissance_apparente,3850,2026-07-14T02:52:50.185Z
sensor.lixee_zlinky_tic_puissance_apparente,3830,2026-07-14T02:53:00.217Z
sensor.lixee_zlinky_tic_puissance_apparente,3850,2026-07-14T02:53:20.290Z
sensor.lixee_zlinky_tic_puissance_apparente,3860,2026-07-14T02:53:30.316Z
sensor.lixee_zlinky_tic_puissance_apparente,3850,2026-07-14T02:53:39.348Z
sensor.lixee_zlinky_tic_puissance_apparente,3770,2026-07-14T02:53:49.378Z
sensor.lixee_zlinky_tic_puissance_apparente,3800,2026-07-14T02:53:59.410Z
sensor.lixee_zlinky_tic_puissance_apparente,3820,2026-07-14T02:54:09.452Z
sensor.lixee_zlinky_tic_puissance_apparente,3810,2026-07-14T02:54:28.503Z
sensor.lixee_zlinky_tic_puissance_apparente,3820,2026-07-14T02:54:38.547Z
sensor.lixee_zlinky_tic_puissance_apparente,4720,2026-07-14T02:54:48.573Z
sensor.lixee_zlinky_tic_puissance_apparente,3930,2026-07-14T02:54:58.607Z
sensor.lixee_zlinky_tic_puissance_apparente,3860,2026-07-14T02:55:07.633Z
sensor.lixee_zlinky_tic_puissance_apparente,3850,2026-07-14T02:55:17.674Z
sensor.lixee_zlinky_tic_puissance_apparente,3870,2026-07-14T02:55:27.710Z
sensor.lixee_zlinky_tic_puissance_apparente,3850,2026-07-14T02:55:46.771Z
sensor.lixee_zlinky_tic_puissance_apparente,3840,2026-07-14T02:55:56.806Z
sensor.lixee_zlinky_tic_puissance_apparente,3860,2026-07-14T02:56:06.849Z
sensor.lixee_zlinky_tic_puissance_apparente,3850,2026-07-14T02:56:26.910Z
sensor.lixee_zlinky_tic_puissance_apparente,3830,2026-07-14T02:56:35.937Z
sensor.lixee_zlinky_tic_puissance_apparente,3840,2026-07-14T02:56:45.977Z
sensor.lixee_zlinky_tic_puissance_apparente,3850,2026-07-14T02:56:56.020Z
sensor.lixee_zlinky_tic_puissance_apparente,3860,2026-07-14T02:57:06.052Z
sensor.lixee_zlinky_tic_puissance_apparente,3830,2026-07-14T02:57:15.079Z
sensor.lixee_zlinky_tic_puissance_apparente,3850,2026-07-14T02:57:35.141Z
sensor.lixee_zlinky_tic_puissance_apparente,3930,2026-07-14T02:57:45.177Z
sensor.lixee_zlinky_tic_puissance_apparente,3910,2026-07-14T02:58:04.240Z
sensor.lixee_zlinky_tic_puissance_apparente,3930,2026-07-14T02:58:14.264Z
sensor.lixee_zlinky_tic_puissance_apparente,3920,2026-07-14T02:58:34.336Z
sensor.lixee_zlinky_tic_puissance_apparente,3900,2026-07-14T02:58:43.366Z
sensor.lixee_zlinky_tic_puissance_apparente,3930,2026-07-14T02:59:03.443Z
sensor.lixee_zlinky_tic_puissance_apparente,3910,2026-07-14T02:59:23.497Z
sensor.lixee_zlinky_tic_puissance_apparente,3930,2026-07-14T02:59:42.555Z
sensor.lixee_zlinky_tic_puissance_apparente,3920,2026-07-14T02:59:52.586Z
sensor.lixee_zlinky_tic_puissance_apparente,3900,2026-07-14T03:00:02.624Z
sensor.lixee_zlinky_tic_puissance_apparente,3890,2026-07-14T03:00:12.651Z
sensor.lixee_zlinky_tic_puissance_apparente,3910,2026-07-14T03:00:31.716Z
sensor.lixee_zlinky_tic_puissance_apparente,3890,2026-07-14T03:00:51.279Z
sensor.lixee_zlinky_tic_puissance_apparente,3910,2026-07-14T03:01:10.830Z
sensor.lixee_zlinky_tic_puissance_apparente,3900,2026-07-14T03:01:40.920Z
sensor.lixee_zlinky_tic_puissance_apparente,3920,2026-07-14T03:01:49.952Z
sensor.lixee_zlinky_tic_puissance_apparente,3910,2026-07-14T03:02:10.015Z
sensor.lixee_zlinky_tic_puissance_apparente,3890,2026-07-14T03:02:20.041Z
sensor.lixee_zlinky_tic_puissance_apparente,3900,2026-07-14T03:02:29.060Z
sensor.lixee_zlinky_tic_puissance_apparente,1350,2026-07-14T03:02:39.095Z
sensor.lixee_zlinky_tic_puissance_apparente,1340,2026-07-14T03:04:56.520Z
sensor.lixee_zlinky_tic_puissance_apparente,1350,2026-07-14T03:05:16.591Z
sensor.lixee_zlinky_tic_puissance_apparente,1370,2026-07-14T03:05:45.677Z
sensor.lixee_zlinky_tic_puissance_apparente,1380,2026-07-14T03:05:55.720Z
sensor.lixee_zlinky_tic_puissance_apparente,1440,2026-07-14T03:06:05.746Z
sensor.lixee_zlinky_tic_puissance_apparente,1540,2026-07-14T03:06:14.778Z
sensor.lixee_zlinky_tic_puissance_apparente,1560,2026-07-14T03:06:24.801Z
sensor.lixee_zlinky_tic_puissance_apparente,1570,2026-07-14T03:06:34.837Z
sensor.lixee_zlinky_tic_puissance_apparente,1580,2026-07-14T03:06:44.863Z
sensor.lixee_zlinky_tic_puissance_apparente,1570,2026-07-14T03:06:54.899Z
sensor.lixee_zlinky_tic_puissance_apparente,1530,2026-07-14T03:07:03.932Z
sensor.lixee_zlinky_tic_puissance_apparente,1450,2026-07-14T03:07:13.956Z
sensor.lixee_zlinky_tic_puissance_apparente,1390,2026-07-14T03:07:23.980Z
sensor.lixee_zlinky_tic_puissance_apparente,1370,2026-07-14T03:07:34.015Z
sensor.lixee_zlinky_tic_puissance_apparente,1350,2026-07-14T03:07:53.073Z
sensor.lixee_zlinky_tic_puissance_apparente,1360,2026-07-14T03:08:13.131Z
sensor.lixee_zlinky_tic_puissance_apparente,1350,2026-07-14T03:08:23.161Z
sensor.lixee_zlinky_tic_puissance_apparente,1330,2026-07-14T03:08:42.217Z
sensor.lixee_zlinky_tic_puissance_apparente,1270,2026-07-14T03:08:52.260Z
sensor.lixee_zlinky_tic_puissance_apparente,1260,2026-07-14T03:09:12.340Z
sensor.lixee_zlinky_tic_puissance_apparente,1270,2026-07-14T03:09:31.392Z
sensor.lixee_zlinky_tic_puissance_apparente,1260,2026-07-14T03:09:51.467Z
sensor.lixee_zlinky_tic_puissance_apparente,1270,2026-07-14T03:10:20.550Z
sensor.lixee_zlinky_tic_puissance_apparente,1260,2026-07-14T03:10:30.591Z
sensor.lixee_zlinky_tic_puissance_apparente,1250,2026-07-14T03:12:37.988Z
sensor.lixee_zlinky_tic_puissance_apparente,1270,2026-07-14T03:12:47.782Z
sensor.lixee_zlinky_tic_puissance_apparente,1260,2026-07-14T03:12:58.048Z
sensor.lixee_zlinky_tic_puissance_apparente,1270,2026-07-14T03:13:07.077Z
sensor.lixee_zlinky_tic_puissance_apparente,1260,2026-07-14T03:13:17.115Z
sensor.lixee_zlinky_tic_puissance_apparente,1250,2026-07-14T03:14:55.436Z
sensor.lixee_zlinky_tic_puissance_apparente,1260,2026-07-14T03:15:05.465Z
sensor.lixee_zlinky_tic_puissance_apparente,1220,2026-07-14T03:15:34.551Z
sensor.lixee_zlinky_tic_puissance_apparente,1230,2026-07-14T03:15:44.582Z
sensor.lixee_zlinky_tic_puissance_apparente,1240,2026-07-14T03:16:43.772Z
sensor.lixee_zlinky_tic_puissance_apparente,3150,2026-07-14T03:16:52.812Z
sensor.lixee_zlinky_tic_puissance_apparente,3120,2026-07-14T03:17:02.833Z
sensor.lixee_zlinky_tic_puissance_apparente,1230,2026-07-14T03:17:12.865Z
sensor.lixee_zlinky_tic_puissance_apparente,1300,2026-07-14T03:20:48.557Z
sensor.lixee_zlinky_tic_puissance_apparente,1330,2026-07-14T03:20:58.600Z
sensor.lixee_zlinky_tic_puissance_apparente,1410,2026-07-14T03:21:08.619Z
sensor.lixee_zlinky_tic_puissance_apparente,1520,2026-07-14T03:21:17.647Z
sensor.lixee_zlinky_tic_puissance_apparente,1580,2026-07-14T03:21:27.681Z
sensor.lixee_zlinky_tic_puissance_apparente,1590,2026-07-14T03:21:37.354Z
sensor.lixee_zlinky_tic_puissance_apparente,1580,2026-07-14T03:21:47.755Z
sensor.lixee_zlinky_tic_puissance_apparente,1510,2026-07-14T03:22:06.815Z
sensor.lixee_zlinky_tic_puissance_apparente,1430,2026-07-14T03:22:16.846Z
sensor.lixee_zlinky_tic_puissance_apparente,1390,2026-07-14T03:22:26.879Z
sensor.lixee_zlinky_tic_puissance_apparente,1380,2026-07-14T03:22:36.907Z
sensor.lixee_zlinky_tic_puissance_apparente,1370,2026-07-14T03:22:45.928Z
sensor.lixee_zlinky_tic_puissance_apparente,1360,2026-07-14T03:23:06.007Z
sensor.lixee_zlinky_tic_puissance_apparente,1370,2026-07-14T03:23:35.090Z
sensor.lixee_zlinky_tic_puissance_apparente,1280,2026-07-14T03:23:45.127Z
sensor.lixee_zlinky_tic_puissance_apparente,1290,2026-07-14T03:24:14.217Z
sensor.lixee_zlinky_tic_puissance_apparente,1280,2026-07-14T03:24:24.245Z
sensor.lixee_zlinky_tic_puissance_apparente,1270,2026-07-14T03:25:03.389Z
sensor.lixee_zlinky_tic_puissance_apparente,1280,2026-07-14T03:25:23.449Z
sensor.lixee_zlinky_tic_puissance_apparente,1290,2026-07-14T03:25:33.476Z
sensor.lixee_zlinky_tic_puissance_apparente,1280,2026-07-14T03:25:42.496Z
sensor.lixee_zlinky_tic_puissance_apparente,1270,2026-07-14T03:25:52.536Z
sensor.lixee_zlinky_tic_puissance_apparente,1280,2026-07-14T03:26:02.571Z
sensor.lixee_zlinky_tic_puissance_apparente,1220,2026-07-14T03:27:59.944Z
sensor.lixee_zlinky_tic_puissance_apparente,1230,2026-07-14T03:28:09.979Z
sensor.lixee_zlinky_tic_puissance_apparente,1220,2026-07-14T03:28:40.082Z
sensor.lixee_zlinky_tic_puissance_apparente,1230,2026-07-14T03:28:49.112Z
sensor.lixee_zlinky_tic_puissance_apparente,1220,2026-07-14T03:28:59.145Z
sensor.lixee_zlinky_tic_puissance_apparente,1230,2026-07-14T03:29:09.172Z
sensor.lixee_zlinky_tic_puissance_apparente,1220,2026-07-14T03:29:28.227Z
sensor.lixee_zlinky_tic_puissance_apparente,1230,2026-07-14T03:30:27.421Z
sensor.lixee_zlinky_tic_puissance_apparente,1220,2026-07-14T03:30:37.460Z
sensor.lixee_zlinky_tic_puissance_apparente,1230,2026-07-14T03:31:26.611Z
sensor.lixee_zlinky_tic_puissance_apparente,1220,2026-07-14T03:31:36.640Z
sensor.lixee_zlinky_tic_puissance_apparente,1230,2026-07-14T03:31:55.706Z
sensor.lixee_zlinky_tic_puissance_apparente,1220,2026-07-14T03:32:15.760Z
sensor.lixee_zlinky_tic_puissance_apparente,1230,2026-07-14T03:32:25.798Z
sensor.lixee_zlinky_tic_puissance_apparente,1220,2026-07-14T03:32:44.863Z
sensor.lixee_zlinky_tic_puissance_apparente,1230,2026-07-14T03:32:54.891Z
sensor.lixee_zlinky_tic_puissance_apparente,1220,2026-07-14T03:33:33.847Z
sensor.lixee_zlinky_tic_puissance_apparente,1230,2026-07-14T03:34:23.188Z
sensor.lixee_zlinky_tic_puissance_apparente,1220,2026-07-14T03:34:33.217Z
sensor.lixee_zlinky_tic_puissance_apparente,1230,2026-07-14T03:34:42.235Z
sensor.lixee_zlinky_tic_puissance_apparente,1250,2026-07-14T03:35:41.431Z
sensor.lixee_zlinky_tic_puissance_apparente,1260,2026-07-14T03:35:51.471Z
sensor.lixee_zlinky_tic_puissance_apparente,1340,2026-07-14T03:36:01.504Z
sensor.lixee_zlinky_tic_puissance_apparente,1430,2026-07-14T03:36:10.532Z
sensor.lixee_zlinky_tic_puissance_apparente,1520,2026-07-14T03:36:20.553Z
sensor.lixee_zlinky_tic_puissance_apparente,1540,2026-07-14T03:36:30.596Z
sensor.lixee_zlinky_tic_puissance_apparente,1530,2026-07-14T03:36:50.640Z
sensor.lixee_zlinky_tic_puissance_apparente,1480,2026-07-14T03:36:59.668Z
sensor.lixee_zlinky_tic_puissance_apparente,1400,2026-07-14T03:37:09.699Z
sensor.lixee_zlinky_tic_puissance_apparente,1350,2026-07-14T03:37:19.740Z
sensor.lixee_zlinky_tic_puissance_apparente,1340,2026-07-14T03:37:29.773Z
sensor.lixee_zlinky_tic_puissance_apparente,1330,2026-07-14T03:37:38.796Z
sensor.lixee_zlinky_tic_puissance_apparente,1320,2026-07-14T03:37:48.833Z
sensor.lixee_zlinky_tic_puissance_apparente,1310,2026-07-14T03:38:08.911Z
sensor.lixee_zlinky_tic_puissance_apparente,1320,2026-07-14T03:38:27.955Z
sensor.lixee_zlinky_tic_puissance_apparente,1260,2026-07-14T03:38:37.985Z
sensor.lixee_zlinky_tic_puissance_apparente,1280,2026-07-14T03:39:08.093Z
sensor.lixee_zlinky_tic_puissance_apparente,1270,2026-07-14T03:39:37.169Z
sensor.lixee_zlinky_tic_puissance_apparente,1280,2026-07-14T03:40:16.295Z
sensor.lixee_zlinky_tic_puissance_apparente,1270,2026-07-14T03:40:26.332Z
sensor.lixee_zlinky_tic_puissance_apparente,1280,2026-07-14T03:41:05.448Z
sensor.lixee_zlinky_tic_puissance_apparente,1270,2026-07-14T03:41:15.480Z
sensor.lixee_zlinky_tic_puissance_apparente,1280,2026-07-14T03:42:04.606Z
sensor.lixee_zlinky_tic_puissance_apparente,1270,2026-07-14T03:42:13.636Z
sensor.lixee_zlinky_tic_puissance_apparente,1280,2026-07-14T03:42:23.455Z
sensor.lixee_zlinky_tic_puissance_apparente,1360,2026-07-14T03:43:12.813Z
sensor.lixee_zlinky_tic_puissance_apparente,1280,2026-07-14T03:43:32.891Z
sensor.lixee_zlinky_tic_puissance_apparente,1290,2026-07-14T03:43:41.906Z
sensor.lixee_zlinky_tic_puissance_apparente,1280,2026-07-14T03:43:51.929Z
sensor.lixee_zlinky_tic_puissance_apparente,1310,2026-07-14T03:44:01.976Z
sensor.lixee_zlinky_tic_puissance_apparente,1320,2026-07-14T03:44:12.004Z
sensor.lixee_zlinky_tic_puissance_apparente,1310,2026-07-14T03:44:51.140Z
sensor.lixee_zlinky_tic_puissance_apparente,1320,2026-07-14T03:45:01.170Z
sensor.lixee_zlinky_tic_puissance_apparente,3200,2026-07-14T03:45:20.229Z
sensor.lixee_zlinky_tic_puissance_apparente,3190,2026-07-14T03:45:30.267Z
sensor.lixee_zlinky_tic_puissance_apparente,1320,2026-07-14T03:45:40.297Z
sensor.lixee_zlinky_tic_puissance_apparente,1310,2026-07-14T03:45:50.334Z
sensor.lixee_zlinky_tic_puissance_apparente,1320,2026-07-14T03:45:59.348Z
sensor.lixee_zlinky_tic_puissance_apparente,1310,2026-07-14T03:46:09.367Z
sensor.lixee_zlinky_tic_puissance_apparente,1320,2026-07-14T03:46:29.438Z
sensor.lixee_zlinky_tic_puissance_apparente,1310,2026-07-14T03:46:39.475Z
sensor.lixee_zlinky_tic_puissance_apparente,1320,2026-07-14T03:46:48.494Z
sensor.lixee_zlinky_tic_puissance_apparente,1310,2026-07-14T03:47:08.564Z
sensor.lixee_zlinky_tic_puissance_apparente,1320,2026-07-14T03:47:18.601Z
sensor.lixee_zlinky_tic_puissance_apparente,1310,2026-07-14T03:47:37.670Z
sensor.lixee_zlinky_tic_puissance_apparente,1320,2026-07-14T03:47:47.696Z
sensor.lixee_zlinky_tic_puissance_apparente,1310,2026-07-14T03:48:36.861Z
sensor.lixee_zlinky_tic_puissance_apparente,1320,2026-07-14T03:48:46.886Z
sensor.lixee_zlinky_tic_puissance_apparente,1310,2026-07-14T03:48:55.914Z
sensor.lixee_zlinky_tic_puissance_apparente,1320,2026-07-14T03:49:05.947Z
sensor.lixee_zlinky_tic_puissance_apparente,1310,2026-07-14T03:49:45.073Z
sensor.lixee_zlinky_tic_puissance_apparente,1320,2026-07-14T03:50:05.156Z
sensor.lixee_zlinky_tic_puissance_apparente,1370,2026-07-14T03:50:44.304Z
sensor.lixee_zlinky_tic_puissance_apparente,1400,2026-07-14T03:50:54.318Z
sensor.lixee_zlinky_tic_puissance_apparente,1480,2026-07-14T03:51:04.352Z
sensor.lixee_zlinky_tic_puissance_apparente,1590,2026-07-14T03:51:13.375Z
sensor.lixee_zlinky_tic_puissance_apparente,1620,2026-07-14T03:51:23.406Z
sensor.lixee_zlinky_tic_puissance_apparente,1650,2026-07-14T03:51:33.449Z
sensor.lixee_zlinky_tic_puissance_apparente,1610,2026-07-14T03:51:43.481Z
sensor.lixee_zlinky_tic_puissance_apparente,1510,2026-07-14T03:51:52.500Z
sensor.lixee_zlinky_tic_puissance_apparente,1440,2026-07-14T03:52:02.536Z
sensor.lixee_zlinky_tic_puissance_apparente,1370,2026-07-14T03:52:12.579Z
sensor.lixee_zlinky_tic_puissance_apparente,1350,2026-07-14T03:52:22.614Z
sensor.lixee_zlinky_tic_puissance_apparente,1340,2026-07-14T03:52:32.644Z
sensor.lixee_zlinky_tic_puissance_apparente,1330,2026-07-14T03:52:41.666Z
sensor.lixee_zlinky_tic_puissance_apparente,1320,2026-07-14T03:53:01.737Z
sensor.lixee_zlinky_tic_puissance_apparente,1330,2026-07-14T03:53:11.761Z
sensor.lixee_zlinky_tic_puissance_apparente,1320,2026-07-14T03:53:20.787Z
sensor.lixee_zlinky_tic_puissance_apparente,1310,2026-07-14T03:53:30.818Z
sensor.lixee_zlinky_tic_puissance_apparente,1240,2026-07-14T03:53:40.861Z
sensor.lixee_zlinky_tic_puissance_apparente,1230,2026-07-14T03:53:50.892Z
sensor.lixee_zlinky_tic_puissance_apparente,1240,2026-07-14T03:54:00.932Z
sensor.lixee_zlinky_tic_puissance_apparente,1230,2026-07-14T03:54:50.092Z
sensor.lixee_zlinky_tic_puissance_apparente,1240,2026-07-14T03:55:09.148Z
sensor.lixee_zlinky_tic_puissance_apparente,1230,2026-07-14T03:55:38.234Z
sensor.lixee_zlinky_tic_puissance_apparente,1240,2026-07-14T03:56:18.380Z
sensor.lixee_zlinky_tic_puissance_apparente,1230,2026-07-14T03:56:37.439Z
sensor.lixee_zlinky_tic_puissance_apparente,1240,2026-07-14T03:57:06.524Z
sensor.lixee_zlinky_tic_puissance_apparente,1230,2026-07-14T03:57:26.600Z
sensor.lixee_zlinky_tic_puissance_apparente,1240,2026-07-14T03:57:36.629Z
sensor.lixee_zlinky_tic_puissance_apparente,1230,2026-07-14T03:57:55.688Z
sensor.lixee_zlinky_tic_puissance_apparente,1240,2026-07-14T03:58:05.728Z
sensor.lixee_zlinky_tic_puissance_apparente,1230,2026-07-14T03:58:25.800Z
sensor.lixee_zlinky_tic_puissance_apparente,1240,2026-07-14T03:59:04.913Z
sensor.lixee_zlinky_tic_puissance_apparente,1230,2026-07-14T03:59:14.944Z
sensor.lixee_zlinky_tic_puissance_apparente,2010,2026-07-14T04:00:04.081Z
sensor.lixee_zlinky_tic_puissance_apparente,1280,2026-07-14T04:00:13.106Z
sensor.lixee_zlinky_tic_puissance_apparente,1270,2026-07-14T04:02:50.594Z
sensor.lixee_zlinky_tic_puissance_apparente,1280,2026-07-14T04:03:00.629Z
sensor.lixee_zlinky_tic_puissance_apparente,1270,2026-07-14T04:03:19.680Z
sensor.lixee_zlinky_tic_puissance_apparente,1280,2026-07-14T04:03:29.719Z
sensor.lixee_zlinky_tic_puissance_apparente,1270,2026-07-14T04:03:49.783Z
sensor.lixee_zlinky_tic_puissance_apparente,1280,2026-07-14T04:03:58.808Z
sensor.lixee_zlinky_tic_puissance_apparente,1270,2026-07-14T04:04:37.942Z
sensor.lixee_zlinky_tic_puissance_apparente,1280,2026-07-14T04:04:58.014Z
sensor.lixee_zlinky_tic_puissance_apparente,1240,2026-07-14T04:05:27.107Z
sensor.lixee_zlinky_tic_puissance_apparente,1220,2026-07-14T04:05:47.176Z
sensor.lixee_zlinky_tic_puissance_apparente,1300,2026-07-14T04:05:57.203Z
sensor.lixee_zlinky_tic_puissance_apparente,1410,2026-07-14T04:06:06.232Z
sensor.lixee_zlinky_tic_puissance_apparente,1460,2026-07-14T04:06:16.265Z
sensor.lixee_zlinky_tic_puissance_apparente,1470,2026-07-14T04:06:26.299Z
sensor.lixee_zlinky_tic_puissance_apparente,1460,2026-07-14T04:06:36.335Z
sensor.lixee_zlinky_tic_puissance_apparente,1390,2026-07-14T04:06:55.392Z
sensor.lixee_zlinky_tic_puissance_apparente,1320,2026-07-14T04:07:05.423Z
sensor.lixee_zlinky_tic_puissance_apparente,1270,2026-07-14T04:07:15.454Z
sensor.lixee_zlinky_tic_puissance_apparente,1200,2026-07-14T04:07:25.492Z
sensor.lixee_zlinky_tic_puissance_apparente,1190,2026-07-14T04:07:34.507Z
sensor.lixee_zlinky_tic_puissance_apparente,1210,2026-07-14T04:08:14.654Z
sensor.lixee_zlinky_tic_puissance_apparente,1130,2026-07-14T04:08:33.708Z
sensor.lixee_zlinky_tic_puissance_apparente,1120,2026-07-14T04:08:43.754Z
sensor.lixee_zlinky_tic_puissance_apparente,1130,2026-07-14T04:09:02.817Z
sensor.lixee_zlinky_tic_puissance_apparente,1120,2026-07-14T04:09:12.852Z
sensor.lixee_zlinky_tic_puissance_apparente,1130,2026-07-14T04:09:22.884Z
sensor.lixee_zlinky_tic_puissance_apparente,1140,2026-07-14T04:10:01.998Z
sensor.lixee_zlinky_tic_puissance_apparente,1120,2026-07-14T04:10:12.028Z
sensor.lixee_zlinky_tic_puissance_apparente,1160,2026-07-14T04:10:22.061Z
sensor.lixee_zlinky_tic_puissance_apparente,1110,2026-07-14T04:10:32.102Z
sensor.lixee_zlinky_tic_puissance_apparente,1150,2026-07-14T04:10:41.124Z
sensor.lixee_zlinky_tic_puissance_apparente,1130,2026-07-14T04:10:51.157Z
sensor.lixee_zlinky_tic_puissance_apparente,1140,2026-07-14T04:11:01.199Z
sensor.lixee_zlinky_tic_puissance_apparente,1120,2026-07-14T04:11:11.233Z
sensor.lixee_zlinky_tic_puissance_apparente,1150,2026-07-14T04:11:20.259Z
sensor.lixee_zlinky_tic_puissance_apparente,1120,2026-07-14T04:11:30.290Z
sensor.lixee_zlinky_tic_puissance_apparente,1140,2026-07-14T04:11:40.322Z
sensor.lixee_zlinky_tic_puissance_apparente,1120,2026-07-14T04:11:50.345Z
sensor.lixee_zlinky_tic_puissance_apparente,1150,2026-07-14T04:12:00.380Z
sensor.lixee_zlinky_tic_puissance_apparente,1120,2026-07-14T04:12:09.408Z
sensor.lixee_zlinky_tic_puissance_apparente,1150,2026-07-14T04:12:29.472Z
sensor.lixee_zlinky_tic_puissance_apparente,1120,2026-07-14T04:12:39.506Z
sensor.lixee_zlinky_tic_puissance_apparente,1150,2026-07-14T04:12:48.525Z
sensor.lixee_zlinky_tic_puissance_apparente,1120,2026-07-14T04:12:58.558Z
sensor.lixee_zlinky_tic_puissance_apparente,1150,2026-07-14T04:13:08.601Z
sensor.lixee_zlinky_tic_puissance_apparente,1130,2026-07-14T04:13:18.630Z
sensor.lixee_zlinky_tic_puissance_apparente,1140,2026-07-14T04:13:28.666Z
sensor.lixee_zlinky_tic_puissance_apparente,1130,2026-07-14T04:13:37.688Z
sensor.lixee_zlinky_tic_puissance_apparente,1140,2026-07-14T04:13:47.725Z
sensor.lixee_zlinky_tic_puissance_apparente,1160,2026-07-14T04:14:07.791Z
sensor.lixee_zlinky_tic_puissance_apparente,1120,2026-07-14T04:14:16.815Z
sensor.lixee_zlinky_tic_puissance_apparente,1170,2026-07-14T04:14:26.845Z
sensor.lixee_zlinky_tic_puissance_apparente,1130,2026-07-14T04:14:36.891Z
sensor.lixee_zlinky_tic_puissance_apparente,1150,2026-07-14T04:14:46.924Z
sensor.lixee_zlinky_tic_puissance_apparente,1130,2026-07-14T04:14:56.954Z
sensor.lixee_zlinky_tic_puissance_apparente,1140,2026-07-14T04:15:05.981Z
sensor.lixee_zlinky_tic_puissance_apparente,1150,2026-07-14T04:15:16.006Z
sensor.lixee_zlinky_tic_puissance_apparente,1160,2026-07-14T04:15:26.061Z
sensor.lixee_zlinky_tic_puissance_apparente,1150,2026-07-14T04:15:45.115Z
sensor.lixee_zlinky_tic_puissance_apparente,1160,2026-07-14T04:15:55.147Z
sensor.lixee_zlinky_tic_puissance_apparente,1150,2026-07-14T04:16:05.174Z
sensor.lixee_zlinky_tic_puissance_apparente,1200,2026-07-14T04:16:15.212Z
sensor.lixee_zlinky_tic_puissance_apparente,1170,2026-07-14T04:16:25.246Z
sensor.lixee_zlinky_tic_puissance_apparente,1150,2026-07-14T04:16:34.264Z
sensor.lixee_zlinky_tic_puissance_apparente,1170,2026-07-14T04:16:44.292Z
sensor.lixee_zlinky_tic_puissance_apparente,1210,2026-07-14T04:16:54.328Z
sensor.lixee_zlinky_tic_puissance_apparente,1200,2026-07-14T04:17:04.351Z
sensor.lixee_zlinky_tic_puissance_apparente,1180,2026-07-14T04:17:14.386Z
sensor.lixee_zlinky_tic_puissance_apparente,1220,2026-07-14T04:17:33.445Z
sensor.lixee_zlinky_tic_puissance_apparente,1160,2026-07-14T04:17:43.477Z
sensor.lixee_zlinky_tic_puissance_apparente,1190,2026-07-14T04:17:53.513Z
sensor.lixee_zlinky_tic_puissance_apparente,1180,2026-07-14T04:18:02.545Z
sensor.lixee_zlinky_tic_puissance_apparente,1190,2026-07-14T04:18:12.574Z
sensor.lixee_zlinky_tic_puissance_apparente,1200,2026-07-14T04:18:22.615Z
sensor.lixee_zlinky_tic_puissance_apparente,1210,2026-07-14T04:19:11.761Z
sensor.lixee_zlinky_tic_puissance_apparente,1200,2026-07-14T04:19:30.824Z
sensor.lixee_zlinky_tic_puissance_apparente,1210,2026-07-14T04:19:50.898Z
sensor.lixee_zlinky_tic_puissance_apparente,1200,2026-07-14T04:20:00.929Z
sensor.lixee_zlinky_tic_puissance_apparente,1220,2026-07-14T04:20:10.957Z
sensor.lixee_zlinky_tic_puissance_apparente,1210,2026-07-14T04:20:19.986Z
sensor.lixee_zlinky_tic_puissance_apparente,1230,2026-07-14T04:20:30.011Z
sensor.lixee_zlinky_tic_puissance_apparente,1250,2026-07-14T04:20:40.051Z
sensor.lixee_zlinky_tic_puissance_apparente,1320,2026-07-14T04:20:50.085Z
sensor.lixee_zlinky_tic_puissance_apparente,1420,2026-07-14T04:20:59.120Z
sensor.lixee_zlinky_tic_puissance_apparente,1510,2026-07-14T04:21:09.148Z
sensor.lixee_zlinky_tic_puissance_apparente,1540,2026-07-14T04:21:19.183Z
sensor.lixee_zlinky_tic_puissance_apparente,1520,2026-07-14T04:21:29.222Z
sensor.lixee_zlinky_tic_puissance_apparente,1590,2026-07-14T04:21:39.257Z
sensor.lixee_zlinky_tic_puissance_apparente,1530,2026-07-14T04:21:48.277Z
sensor.lixee_zlinky_tic_puissance_apparente,1460,2026-07-14T04:21:58.301Z
sensor.lixee_zlinky_tic_puissance_apparente,1370,2026-07-14T04:22:08.340Z
sensor.lixee_zlinky_tic_puissance_apparente,1360,2026-07-14T04:22:18.363Z
sensor.lixee_zlinky_tic_puissance_apparente,1350,2026-07-14T04:22:37.428Z
sensor.lixee_zlinky_tic_puissance_apparente,1340,2026-07-14T04:22:47.459Z
sensor.lixee_zlinky_tic_puissance_apparente,1350,2026-07-14T04:23:07.529Z
sensor.lixee_zlinky_tic_puissance_apparente,3360,2026-07-14T04:23:16.573Z
sensor.lixee_zlinky_tic_puissance_apparente,3300,2026-07-14T04:23:26.591Z
sensor.lixee_zlinky_tic_puissance_apparente,1250,2026-07-14T04:23:36.627Z
sensor.lixee_zlinky_tic_puissance_apparente,1260,2026-07-14T04:23:56.695Z
sensor.lixee_zlinky_tic_puissance_apparente,1250,2026-07-14T04:24:05.721Z
sensor.lixee_zlinky_tic_puissance_apparente,1260,2026-07-14T04:24:15.747Z
sensor.lixee_zlinky_tic_puissance_apparente,1500,2026-07-14T04:24:35.826Z
sensor.lixee_zlinky_tic_puissance_apparente,1510,2026-07-14T04:24:44.853Z
sensor.lixee_zlinky_tic_puissance_apparente,1250,2026-07-14T04:24:54.888Z
sensor.lixee_zlinky_tic_puissance_apparente,1260,2026-07-14T04:25:04.918Z
sensor.lixee_zlinky_tic_puissance_apparente,1250,2026-07-14T04:25:24.980Z
sensor.lixee_zlinky_tic_puissance_apparente,1260,2026-07-14T04:26:13.135Z
sensor.lixee_zlinky_tic_puissance_apparente,1250,2026-07-14T04:26:33.204Z
sensor.lixee_zlinky_tic_puissance_apparente,1260,2026-07-14T04:27:32.399Z
sensor.lixee_zlinky_tic_puissance_apparente,1250,2026-07-14T04:27:42.419Z
sensor.lixee_zlinky_tic_puissance_apparente,1290,2026-07-14T04:28:21.541Z
sensor.lixee_zlinky_tic_puissance_apparente,1280,2026-07-14T04:28:30.574Z
sensor.lixee_zlinky_tic_puissance_apparente,1360,2026-07-14T04:29:00.678Z
sensor.lixee_zlinky_tic_puissance_apparente,1370,2026-07-14T04:29:10.723Z
sensor.lixee_zlinky_tic_puissance_apparente,1360,2026-07-14T04:29:29.771Z
sensor.lixee_zlinky_tic_puissance_apparente,1350,2026-07-14T04:30:08.903Z
sensor.lixee_zlinky_tic_puissance_apparente,1360,2026-07-14T04:30:18.956Z
sensor.lixee_zlinky_tic_puissance_apparente,1350,2026-07-14T04:30:28.982Z
sensor.lixee_zlinky_tic_puissance_apparente,1340,2026-07-14T04:30:39.016Z
sensor.lixee_zlinky_tic_puissance_apparente,1350,2026-07-14T04:30:48.035Z
sensor.lixee_zlinky_tic_puissance_apparente,1340,2026-07-14T04:31:18.147Z
sensor.lixee_zlinky_tic_puissance_apparente,3340,2026-07-14T04:31:27.183Z
sensor.lixee_zlinky_tic_puissance_apparente,3330,2026-07-14T04:31:37.209Z
sensor.lixee_zlinky_tic_puissance_apparente,3300,2026-07-14T04:31:47.244Z
sensor.lixee_zlinky_tic_puissance_apparente,1350,2026-07-14T04:31:57.275Z
sensor.lixee_zlinky_tic_puissance_apparente,1340,2026-07-14T04:32:07.320Z
sensor.lixee_zlinky_tic_puissance_apparente,1350,2026-07-14T04:32:26.366Z
sensor.lixee_zlinky_tic_puissance_apparente,3490,2026-07-14T04:32:55.473Z
sensor.lixee_zlinky_tic_puissance_apparente,3310,2026-07-14T04:33:05.493Z
sensor.lixee_zlinky_tic_puissance_apparente,3270,2026-07-14T04:33:15.532Z
sensor.lixee_zlinky_tic_puissance_apparente,1340,2026-07-14T04:33:25.566Z
sensor.lixee_zlinky_tic_puissance_apparente,1330,2026-07-14T04:33:44.620Z
sensor.lixee_zlinky_tic_puissance_apparente,1340,2026-07-14T04:33:54.653Z
sensor.lixee_zlinky_tic_puissance_apparente,1330,2026-07-14T04:34:23.748Z
sensor.lixee_zlinky_tic_puissance_apparente,3300,2026-07-14T04:34:33.776Z
sensor.lixee_zlinky_tic_puissance_apparente,3260,2026-07-14T04:34:43.814Z
sensor.lixee_zlinky_tic_puissance_apparente,1330,2026-07-14T04:34:53.849Z
sensor.lixee_zlinky_tic_puissance_apparente,1370,2026-07-14T04:35:32.973Z
sensor.lixee_zlinky_tic_puissance_apparente,1420,2026-07-14T04:35:43.005Z
sensor.lixee_zlinky_tic_puissance_apparente,1510,2026-07-14T04:35:52.112Z
sensor.lixee_zlinky_tic_puissance_apparente,3570,2026-07-14T04:36:02.077Z
sensor.lixee_zlinky_tic_puissance_apparente,3560,2026-07-14T04:36:12.087Z
sensor.lixee_zlinky_tic_puissance_apparente,1690,2026-07-14T04:36:22.127Z
sensor.lixee_zlinky_tic_puissance_apparente,1640,2026-07-14T04:36:32.157Z
sensor.lixee_zlinky_tic_puissance_apparente,1610,2026-07-14T04:36:41.181Z
sensor.lixee_zlinky_tic_puissance_apparente,1530,2026-07-14T04:36:51.217Z
sensor.lixee_zlinky_tic_puissance_apparente,1450,2026-07-14T04:37:01.252Z
sensor.lixee_zlinky_tic_puissance_apparente,1420,2026-07-14T04:37:11.277Z
sensor.lixee_zlinky_tic_puissance_apparente,3390,2026-07-14T04:37:30.348Z
sensor.lixee_zlinky_tic_puissance_apparente,3260,2026-07-14T04:37:40.367Z
sensor.lixee_zlinky_tic_puissance_apparente,3220,2026-07-14T04:37:50.408Z
sensor.lixee_zlinky_tic_puissance_apparente,1320,2026-07-14T04:38:00.437Z
sensor.lixee_zlinky_tic_puissance_apparente,1230,2026-07-14T04:38:29.538Z
sensor.lixee_zlinky_tic_puissance_apparente,3230,2026-07-14T04:38:58.626Z
sensor.lixee_zlinky_tic_puissance_apparente,3200,2026-07-14T04:39:08.656Z
sensor.lixee_zlinky_tic_puissance_apparente,3150,2026-07-14T04:39:18.691Z
sensor.lixee_zlinky_tic_puissance_apparente,1220,2026-07-14T04:39:28.720Z
sensor.lixee_zlinky_tic_puissance_apparente,1290,2026-07-14T04:39:38.756Z
sensor.lixee_zlinky_tic_puissance_apparente,1280,2026-07-14T04:39:47.781Z
sensor.lixee_zlinky_tic_puissance_apparente,1270,2026-07-14T04:40:07.846Z
sensor.lixee_zlinky_tic_puissance_apparente,1290,2026-07-14T04:40:17.863Z
sensor.lixee_zlinky_tic_puissance_apparente,1280,2026-07-14T04:40:26.885Z
sensor.lixee_zlinky_tic_puissance_apparente,3260,2026-07-14T04:40:36.921Z
sensor.lixee_zlinky_tic_puissance_apparente,3210,2026-07-14T04:40:46.957Z
sensor.lixee_zlinky_tic_puissance_apparente,1270,2026-07-14T04:40:57.001Z
sensor.lixee_zlinky_tic_puissance_apparente,1280,2026-07-14T04:41:07.032Z
sensor.lixee_zlinky_tic_puissance_apparente,3270,2026-07-14T04:42:05.226Z
sensor.lixee_zlinky_tic_puissance_apparente,3210,2026-07-14T04:42:15.249Z
sensor.lixee_zlinky_tic_puissance_apparente,3170,2026-07-14T04:42:25.282Z
sensor.lixee_zlinky_tic_puissance_apparente,1280,2026-07-14T04:42:35.311Z
sensor.lixee_zlinky_tic_puissance_apparente,1270,2026-07-14T04:43:04.417Z
sensor.lixee_zlinky_tic_puissance_apparente,3270,2026-07-14T04:43:33.507Z
sensor.lixee_zlinky_tic_puissance_apparente,3240,2026-07-14T04:43:43.540Z
sensor.lixee_zlinky_tic_puissance_apparente,3180,2026-07-14T04:43:53.585Z
sensor.lixee_zlinky_tic_puissance_apparente,1260,2026-07-14T04:44:03.617Z
sensor.lixee_zlinky_tic_puissance_apparente,1270,2026-07-14T04:44:12.647Z
sensor.lixee_zlinky_tic_puissance_apparente,1260,2026-07-14T04:44:42.759Z
sensor.lixee_zlinky_tic_puissance_apparente,1270,2026-07-14T04:45:01.802Z
sensor.lixee_zlinky_tic_puissance_apparente,3240,2026-07-14T04:45:11.846Z
sensor.lixee_zlinky_tic_puissance_apparente,3190,2026-07-14T04:45:21.871Z
sensor.lixee_zlinky_tic_puissance_apparente,3140,2026-07-14T04:45:31.901Z
sensor.lixee_zlinky_tic_puissance_apparente,1260,2026-07-14T04:45:40.930Z
sensor.lixee_zlinky_tic_puissance_apparente,1270,2026-07-14T04:45:50.943Z
sensor.lixee_zlinky_tic_puissance_apparente,1260,2026-07-14T04:46:11.001Z
sensor.lixee_zlinky_tic_puissance_apparente,1270,2026-07-14T04:46:30.047Z
sensor.lixee_zlinky_tic_puissance_apparente,3240,2026-07-14T04:46:40.076Z
sensor.lixee_zlinky_tic_puissance_apparente,3140,2026-07-14T04:46:50.118Z
sensor.lixee_zlinky_tic_puissance_apparente,3090,2026-07-14T04:47:00.148Z
sensor.lixee_zlinky_tic_puissance_apparente,1200,2026-07-14T04:47:09.188Z
sensor.lixee_zlinky_tic_puissance_apparente,1210,2026-07-14T04:47:19.219Z
sensor.lixee_zlinky_tic_puissance_apparente,1200,2026-07-14T04:47:39.280Z
sensor.lixee_zlinky_tic_puissance_apparente,1210,2026-07-14T04:47:48.668Z
sensor.lixee_zlinky_tic_puissance_apparente,2330,2026-07-14T04:48:08.359Z
sensor.lixee_zlinky_tic_puissance_apparente,3170,2026-07-14T04:48:18.396Z
sensor.lixee_zlinky_tic_puissance_apparente,3110,2026-07-14T04:48:28.429Z
sensor.lixee_zlinky_tic_puissance_apparente,1210,2026-07-14T04:48:37.462Z
sensor.lixee_zlinky_tic_puissance_apparente,1220,2026-07-14T04:48:57.530Z
sensor.lixee_zlinky_tic_puissance_apparente,1210,2026-07-14T04:49:07.553Z
sensor.lixee_zlinky_tic_puissance_apparente,1190,2026-07-14T04:49:36.643Z
sensor.lixee_zlinky_tic_puissance_apparente,3160,2026-07-14T04:49:46.672Z
sensor.lixee_zlinky_tic_puissance_apparente,3110,2026-07-14T04:49:56.701Z
sensor.lixee_zlinky_tic_puissance_apparente,3070,2026-07-14T04:50:06.732Z
sensor.lixee_zlinky_tic_puissance_apparente,1170,2026-07-14T04:50:15.765Z
sensor.lixee_zlinky_tic_puissance_apparente,1200,2026-07-14T04:50:25.799Z
sensor.lixee_zlinky_tic_puissance_apparente,1230,2026-07-14T04:50:35.832Z
sensor.lixee_zlinky_tic_puissance_apparente,1290,2026-07-14T04:50:45.861Z
sensor.lixee_zlinky_tic_puissance_apparente,1400,2026-07-14T04:50:54.885Z
sensor.lixee_zlinky_tic_puissance_apparente,1490,2026-07-14T04:51:04.917Z
sensor.lixee_zlinky_tic_puissance_apparente,3460,2026-07-14T04:51:14.957Z
sensor.lixee_zlinky_tic_puissance_apparente,3410,2026-07-14T04:51:24.990Z
sensor.lixee_zlinky_tic_puissance_apparente,3360,2026-07-14T04:51:35.022Z
sensor.lixee_zlinky_tic_puissance_apparente,1420,2026-07-14T04:51:44.060Z
sensor.lixee_zlinky_tic_puissance_apparente,1340,2026-07-14T04:51:54.084Z
sensor.lixee_zlinky_tic_puissance_apparente,1290,2026-07-14T04:52:04.116Z
sensor.lixee_zlinky_tic_puissance_apparente,1270,2026-07-14T04:52:14.144Z
sensor.lixee_zlinky_tic_puissance_apparente,1260,2026-07-14T04:52:23.168Z
sensor.lixee_zlinky_tic_puissance_apparente,1250,2026-07-14T04:52:33.203Z
sensor.lixee_zlinky_tic_puissance_apparente,3220,2026-07-14T04:52:53.269Z
sensor.lixee_zlinky_tic_puissance_apparente,3160,2026-07-14T04:53:03.301Z
sensor.lixee_zlinky_tic_puissance_apparente,3110,2026-07-14T04:53:12.327Z
sensor.lixee_zlinky_tic_puissance_apparente,1170,2026-07-14T04:53:22.355Z
sensor.lixee_zlinky_tic_puissance_apparente,1160,2026-07-14T04:53:32.399Z
sensor.lixee_zlinky_tic_puissance_apparente,1310,2026-07-14T04:53:51.467Z
sensor.lixee_zlinky_tic_puissance_apparente,1150,2026-07-14T04:54:01.493Z
sensor.lixee_zlinky_tic_puissance_apparente,1160,2026-07-14T04:54:11.531Z
sensor.lixee_zlinky_tic_puissance_apparente,3130,2026-07-14T04:54:21.568Z
sensor.lixee_zlinky_tic_puissance_apparente,3120,2026-07-14T04:54:31.597Z
sensor.lixee_zlinky_tic_puissance_apparente,3030,2026-07-14T04:54:40.620Z
sensor.lixee_zlinky_tic_puissance_apparente,1140,2026-07-14T04:54:50.661Z
sensor.lixee_zlinky_tic_puissance_apparente,1150,2026-07-14T04:55:10.727Z
sensor.lixee_zlinky_tic_puissance_apparente,1130,2026-07-14T04:55:19.752Z
sensor.lixee_zlinky_tic_puissance_apparente,3090,2026-07-14T04:55:59.896Z
sensor.lixee_zlinky_tic_puissance_apparente,3050,2026-07-14T04:56:08.920Z
sensor.lixee_zlinky_tic_puissance_apparente,2670,2026-07-14T04:56:18.953Z
sensor.lixee_zlinky_tic_puissance_apparente,1120,2026-07-14T04:56:28.995Z
sensor.lixee_zlinky_tic_puissance_apparente,1100,2026-07-14T04:56:58.087Z
sensor.lixee_zlinky_tic_puissance_apparente,1110,2026-07-14T04:57:18.159Z
sensor.lixee_zlinky_tic_puissance_apparente,3110,2026-07-14T04:57:28.197Z
sensor.lixee_zlinky_tic_puissance_apparente,3050,2026-07-14T04:57:37.214Z
sensor.lixee_zlinky_tic_puissance_apparente,3010,2026-07-14T04:57:47.253Z
sensor.lixee_zlinky_tic_puissance_apparente,1100,2026-07-14T04:57:57.285Z
sensor.lixee_zlinky_tic_puissance_apparente,1210,2026-07-14T04:58:17.350Z
sensor.lixee_zlinky_tic_puissance_apparente,1190,2026-07-14T04:58:26.376Z
sensor.lixee_zlinky_tic_puissance_apparente,2390,2026-07-14T04:58:56.478Z
sensor.lixee_zlinky_tic_puissance_apparente,3150,2026-07-14T04:59:05.515Z
sensor.lixee_zlinky_tic_puissance_apparente,3110,2026-07-14T04:59:15.535Z
sensor.lixee_zlinky_tic_puissance_apparente,1180,2026-07-14T04:59:25.577Z
sensor.lixee_zlinky_tic_puissance_apparente,1170,2026-07-14T04:59:35.615Z
sensor.lixee_zlinky_tic_puissance_apparente,1160,2026-07-14T04:59:54.663Z
sensor.lixee_zlinky_tic_puissance_apparente,3140,2026-07-14T05:00:24.764Z
sensor.lixee_zlinky_tic_puissance_apparente,3100,2026-07-14T05:00:33.790Z
sensor.lixee_zlinky_tic_puissance_apparente,3030,2026-07-14T05:00:43.825Z
sensor.lixee_zlinky_tic_puissance_apparente,1150,2026-07-14T05:00:53.861Z
sensor.lixee_zlinky_tic_puissance_apparente,3120,2026-07-14T05:01:53.055Z
sensor.lixee_zlinky_tic_puissance_apparente,3080,2026-07-14T05:02:02.098Z
sensor.lixee_zlinky_tic_puissance_apparente,3070,2026-07-14T05:02:12.111Z
sensor.lixee_zlinky_tic_puissance_apparente,1140,2026-07-14T05:02:22.144Z
sensor.lixee_zlinky_tic_puissance_apparente,1310,2026-07-14T05:02:32.173Z
sensor.lixee_zlinky_tic_puissance_apparente,1290,2026-07-14T05:02:42.200Z
sensor.lixee_zlinky_tic_puissance_apparente,1300,2026-07-14T05:03:01.255Z
sensor.lixee_zlinky_tic_puissance_apparente,1290,2026-07-14T05:03:21.325Z
sensor.lixee_zlinky_tic_puissance_apparente,3220,2026-07-14T05:03:31.351Z
sensor.lixee_zlinky_tic_puissance_apparente,3180,2026-07-14T05:03:40.373Z
sensor.lixee_zlinky_tic_puissance_apparente,3160,2026-07-14T05:03:50.383Z
sensor.lixee_zlinky_tic_puissance_apparente,1290,2026-07-14T05:04:00.419Z
sensor.lixee_zlinky_tic_puissance_apparente,1280,2026-07-14T05:04:10.456Z
sensor.lixee_zlinky_tic_puissance_apparente,1290,2026-07-14T05:04:29.515Z
sensor.lixee_zlinky_tic_puissance_apparente,1280,2026-07-14T05:04:39.538Z
sensor.lixee_zlinky_tic_puissance_apparente,3220,2026-07-14T05:04:59.621Z
sensor.lixee_zlinky_tic_puissance_apparente,3180,2026-07-14T05:05:08.647Z
sensor.lixee_zlinky_tic_puissance_apparente,3150,2026-07-14T05:05:18.676Z
sensor.lixee_zlinky_tic_puissance_apparente,1280,2026-07-14T05:05:28.715Z
sensor.lixee_zlinky_tic_puissance_apparente,1260,2026-07-14T05:05:38.751Z
sensor.lixee_zlinky_tic_puissance_apparente,1270,2026-07-14T05:06:07.838Z
sensor.lixee_zlinky_tic_puissance_apparente,1260,2026-07-14T05:06:17.871Z
sensor.lixee_zlinky_tic_puissance_apparente,2300,2026-07-14T05:06:27.887Z
sensor.lixee_zlinky_tic_puissance_apparente,3200,2026-07-14T05:06:36.931Z
sensor.lixee_zlinky_tic_puissance_apparente,3190,2026-07-14T05:06:46.948Z
sensor.lixee_zlinky_tic_puissance_apparente,2670,2026-07-14T05:06:56.976Z
sensor.lixee_zlinky_tic_puissance_apparente,1270,2026-07-14T05:07:07.015Z
sensor.lixee_zlinky_tic_puissance_apparente,1280,2026-07-14T05:07:17.045Z
sensor.lixee_zlinky_tic_puissance_apparente,1270,2026-07-14T05:07:56.180Z
sensor.lixee_zlinky_tic_puissance_apparente,3230,2026-07-14T05:08:05.198Z
sensor.lixee_zlinky_tic_puissance_apparente,3180,2026-07-14T05:08:25.277Z
sensor.lixee_zlinky_tic_puissance_apparente,1270,2026-07-14T05:08:34.762Z
sensor.lixee_zlinky_tic_puissance_apparente,1290,2026-07-14T05:09:14.427Z
sensor.lixee_zlinky_tic_puissance_apparente,1270,2026-07-14T05:09:24.460Z
sensor.lixee_zlinky_tic_puissance_apparente,3220,2026-07-14T05:09:43.523Z
sensor.lixee_zlinky_tic_puissance_apparente,3200,2026-07-14T05:09:53.555Z
sensor.lixee_zlinky_tic_puissance_apparente,3070,2026-07-14T05:10:03.590Z
sensor.lixee_zlinky_tic_puissance_apparente,1260,2026-07-14T05:10:13.628Z
sensor.lixee_zlinky_tic_puissance_apparente,1270,2026-07-14T05:10:32.687Z
sensor.lixee_zlinky_tic_puissance_apparente,1260,2026-07-14T05:10:42.714Z
sensor.lixee_zlinky_tic_puissance_apparente,1250,2026-07-14T05:10:52.751Z
sensor.lixee_zlinky_tic_puissance_apparente,3210,2026-07-14T05:11:11.818Z
sensor.lixee_zlinky_tic_puissance_apparente,3200,2026-07-14T05:11:21.855Z
sensor.lixee_zlinky_tic_puissance_apparente,3160,2026-07-14T05:11:31.881Z
sensor.lixee_zlinky_tic_puissance_apparente,1250,2026-07-14T05:11:41.722Z
sensor.lixee_zlinky_tic_puissance_apparente,1270,2026-07-14T05:12:00.962Z
sensor.lixee_zlinky_tic_puissance_apparente,1310,2026-07-14T05:12:10.996Z
sensor.lixee_zlinky_tic_puissance_apparente,1290,2026-07-14T05:12:21.032Z
sensor.lixee_zlinky_tic_puissance_apparente,1250,2026-07-14T05:12:30.060Z
sensor.lixee_zlinky_tic_puissance_apparente,3230,2026-07-14T05:12:50.116Z
sensor.lixee_zlinky_tic_puissance_apparente,3190,2026-07-14T05:13:00.147Z
sensor.lixee_zlinky_tic_puissance_apparente,1910,2026-07-14T05:13:10.169Z
sensor.lixee_zlinky_tic_puissance_apparente,1250,2026-07-14T05:13:19.200Z
sensor.lixee_zlinky_tic_puissance_apparente,1240,2026-07-14T05:13:59.336Z
sensor.lixee_zlinky_tic_puissance_apparente,3280,2026-07-14T05:14:18.393Z
sensor.lixee_zlinky_tic_puissance_apparente,3290,2026-07-14T05:14:28.425Z
sensor.lixee_zlinky_tic_puissance_apparente,3240,2026-07-14T05:14:38.448Z
sensor.lixee_zlinky_tic_puissance_apparente,1320,2026-07-14T05:14:47.479Z
sensor.lixee_zlinky_tic_puissance_apparente,1310,2026-07-14T05:15:14.564Z
sensor.lixee_zlinky_tic_puissance_apparente,3290,2026-07-14T05:15:54.689Z
sensor.lixee_zlinky_tic_puissance_apparente,4220,2026-07-14T05:16:03.724Z
sensor.lixee_zlinky_tic_puissance_apparente,4170,2026-07-14T05:16:13.750Z
sensor.lixee_zlinky_tic_puissance_apparente,2140,2026-07-14T05:16:23.786Z
sensor.lixee_zlinky_tic_puissance_apparente,1230,2026-07-14T05:16:33.820Z
sensor.lixee_zlinky_tic_puissance_apparente,1090,2026-07-14T05:16:42.855Z
sensor.lixee_zlinky_tic_puissance_apparente,1080,2026-07-14T05:16:52.883Z
sensor.lixee_zlinky_tic_puissance_apparente,1100,2026-07-14T05:17:12.959Z
sensor.lixee_zlinky_tic_puissance_apparente,4170,2026-07-14T05:17:22.992Z
sensor.lixee_zlinky_tic_puissance_apparente,3150,2026-07-14T05:17:32.021Z
sensor.lixee_zlinky_tic_puissance_apparente,3190,2026-07-14T05:17:42.047Z
sensor.lixee_zlinky_tic_puissance_apparente,1900,2026-07-14T05:17:52.085Z
sensor.lixee_zlinky_tic_puissance_apparente,3000,2026-07-14T05:18:02.117Z
sensor.lixee_zlinky_tic_puissance_apparente,3010,2026-07-14T05:18:12.154Z
sensor.lixee_zlinky_tic_puissance_apparente,2970,2026-07-14T05:18:21.172Z
sensor.lixee_zlinky_tic_puissance_apparente,1370,2026-07-14T05:18:31.200Z
sensor.lixee_zlinky_tic_puissance_apparente,1210,2026-07-14T05:18:41.233Z
sensor.lixee_zlinky_tic_puissance_apparente,3030,2026-07-14T05:18:51.258Z
sensor.lixee_zlinky_tic_puissance_apparente,4650,2026-07-14T05:19:00.301Z
sensor.lixee_zlinky_tic_puissance_apparente,4410,2026-07-14T05:19:10.321Z
sensor.lixee_zlinky_tic_puissance_apparente,2900,2026-07-14T05:19:20.353Z
sensor.lixee_zlinky_tic_puissance_apparente,2270,2026-07-14T05:19:30.393Z
sensor.lixee_zlinky_tic_puissance_apparente,1920,2026-07-14T05:19:40.420Z
sensor.lixee_zlinky_tic_puissance_apparente,1130,2026-07-14T05:19:49.450Z
sensor.lixee_zlinky_tic_puissance_apparente,1120,2026-07-14T05:19:59.473Z
sensor.lixee_zlinky_tic_puissance_apparente,3150,2026-07-14T05:20:28.571Z
sensor.lixee_zlinky_tic_puissance_apparente,3090,2026-07-14T05:20:38.585Z
sensor.lixee_zlinky_tic_puissance_apparente,3050,2026-07-14T05:20:48.625Z
sensor.lixee_zlinky_tic_puissance_apparente,1120,2026-07-14T05:20:58.650Z
sensor.lixee_zlinky_tic_puissance_apparente,2530,2026-07-14T05:21:08.687Z
sensor.lixee_zlinky_tic_puissance_apparente,1260,2026-07-14T05:21:17.712Z
sensor.lixee_zlinky_tic_puissance_apparente,1200,2026-07-14T05:21:27.736Z
sensor.lixee_zlinky_tic_puissance_apparente,1210,2026-07-14T05:21:57.834Z
sensor.lixee_zlinky_tic_puissance_apparente,3720,2026-07-14T05:22:06.864Z
sensor.lixee_zlinky_tic_puissance_apparente,3150,2026-07-14T05:22:16.907Z
sensor.lixee_zlinky_tic_puissance_apparente,1300,2026-07-14T05:22:26.922Z
sensor.lixee_zlinky_tic_puissance_apparente,1210,2026-07-14T05:22:36.963Z
sensor.lixee_zlinky_tic_puissance_apparente,1130,2026-07-14T05:22:56.020Z
sensor.lixee_zlinky_tic_puissance_apparente,1120,2026-07-14T05:23:06.056Z
sensor.lixee_zlinky_tic_puissance_apparente,1130,2026-07-14T05:23:16.079Z
sensor.lixee_zlinky_tic_puissance_apparente,1190,2026-07-14T05:23:26.113Z
sensor.lixee_zlinky_tic_puissance_apparente,3150,2026-07-14T05:23:35.149Z
sensor.lixee_zlinky_tic_puissance_apparente,3120,2026-07-14T05:23:45.173Z
sensor.lixee_zlinky_tic_puissance_apparente,3050,2026-07-14T05:23:55.209Z
sensor.lixee_zlinky_tic_puissance_apparente,1190,2026-07-14T05:24:05.248Z
sensor.lixee_zlinky_tic_puissance_apparente,1570,2026-07-14T05:24:14.269Z
sensor.lixee_zlinky_tic_puissance_apparente,1130,2026-07-14T05:24:24.306Z
sensor.lixee_zlinky_tic_puissance_apparente,1300,2026-07-14T05:24:34.340Z
sensor.lixee_zlinky_tic_puissance_apparente,1120,2026-07-14T05:24:54.411Z
sensor.lixee_zlinky_tic_puissance_apparente,2340,2026-07-14T05:25:03.433Z
sensor.lixee_zlinky_tic_puissance_apparente,3120,2026-07-14T05:25:13.457Z
sensor.lixee_zlinky_tic_puissance_apparente,3050,2026-07-14T05:25:23.497Z
sensor.lixee_zlinky_tic_puissance_apparente,2620,2026-07-14T05:25:33.532Z
sensor.lixee_zlinky_tic_puissance_apparente,1090,2026-07-14T05:25:42.569Z
sensor.lixee_zlinky_tic_puissance_apparente,1040,2026-07-14T05:26:22.695Z
sensor.lixee_zlinky_tic_puissance_apparente,1060,2026-07-14T05:26:31.714Z
sensor.lixee_zlinky_tic_puissance_apparente,3110,2026-07-14T05:26:41.748Z
sensor.lixee_zlinky_tic_puissance_apparente,3060,2026-07-14T05:26:51.783Z
sensor.lixee_zlinky_tic_puissance_apparente,3010,2026-07-14T05:27:01.810Z
sensor.lixee_zlinky_tic_puissance_apparente,1070,2026-07-14T05:27:10.852Z
sensor.lixee_zlinky_tic_puissance_apparente,1090,2026-07-14T05:27:20.874Z
sensor.lixee_zlinky_tic_puissance_apparente,1100,2026-07-14T05:27:30.919Z
sensor.lixee_zlinky_tic_puissance_apparente,1080,2026-07-14T05:27:40.940Z
sensor.lixee_zlinky_tic_puissance_apparente,1070,2026-07-14T05:27:50.972Z
sensor.lixee_zlinky_tic_puissance_apparente,1080,2026-07-14T05:27:59.992Z
sensor.lixee_zlinky_tic_puissance_apparente,3070,2026-07-14T05:28:20.065Z
sensor.lixee_zlinky_tic_puissance_apparente,3010,2026-07-14T05:28:30.104Z
sensor.lixee_zlinky_tic_puissance_apparente,1970,2026-07-14T05:28:40.131Z
sensor.lixee_zlinky_tic_puissance_apparente,1080,2026-07-14T05:28:49.172Z
sensor.lixee_zlinky_tic_puissance_apparente,1070,2026-07-14T05:28:59.211Z
sensor.lixee_zlinky_tic_puissance_apparente,1060,2026-07-14T05:29:09.241Z
sensor.lixee_zlinky_tic_puissance_apparente,3070,2026-07-14T05:29:48.377Z
sensor.lixee_zlinky_tic_puissance_apparente,3010,2026-07-14T05:29:58.407Z
sensor.lixee_zlinky_tic_puissance_apparente,2960,2026-07-14T05:30:08.444Z
sensor.lixee_zlinky_tic_puissance_apparente,1040,2026-07-14T05:30:17.468Z
sensor.lixee_zlinky_tic_puissance_apparente,1030,2026-07-14T05:30:47.566Z
sensor.lixee_zlinky_tic_puissance_apparente,1040,2026-07-14T05:30:56.604Z
sensor.lixee_zlinky_tic_puissance_apparente,1060,2026-07-14T05:31:26.685Z
sensor.lixee_zlinky_tic_puissance_apparente,1050,2026-07-14T05:32:05.816Z
sensor.lixee_zlinky_tic_puissance_apparente,1060,2026-07-14T05:32:15.848Z
sensor.lixee_zlinky_tic_puissance_apparente,1050,2026-07-14T05:32:34.898Z
sensor.lixee_zlinky_tic_puissance_apparente,1040,2026-07-14T05:33:44.128Z
sensor.lixee_zlinky_tic_puissance_apparente,1050,2026-07-14T05:34:03.188Z
sensor.lixee_zlinky_tic_puissance_apparente,1040,2026-07-14T05:34:13.224Z
sensor.lixee_zlinky_tic_puissance_apparente,1050,2026-07-14T05:34:33.295Z
sensor.lixee_zlinky_tic_puissance_apparente,1040,2026-07-14T05:34:42.321Z
sensor.lixee_zlinky_tic_puissance_apparente,1030,2026-07-14T05:35:41.521Z
sensor.lixee_zlinky_tic_puissance_apparente,1040,2026-07-14T05:35:51.552Z
sensor.lixee_zlinky_tic_puissance_apparente,3020,2026-07-14T05:36:10.618Z
sensor.lixee_zlinky_tic_puissance_apparente,2990,2026-07-14T05:36:20.649Z
sensor.lixee_zlinky_tic_puissance_apparente,2960,2026-07-14T05:36:30.679Z
sensor.lixee_zlinky_tic_puissance_apparente,1030,2026-07-14T05:36:40.713Z
sensor.lixee_zlinky_tic_puissance_apparente,3010,2026-07-14T05:37:38.913Z
sensor.lixee_zlinky_tic_puissance_apparente,2960,2026-07-14T05:37:48.933Z
sensor.lixee_zlinky_tic_puissance_apparente,2920,2026-07-14T05:37:58.969Z
sensor.lixee_zlinky_tic_puissance_apparente,1010,2026-07-14T05:38:08.994Z
sensor.lixee_zlinky_tic_puissance_apparente,1000,2026-07-14T05:38:28.046Z
sensor.lixee_zlinky_tic_puissance_apparente,1010,2026-07-14T05:38:38.079Z
sensor.lixee_zlinky_tic_puissance_apparente,1000,2026-07-14T05:38:58.150Z
sensor.lixee_zlinky_tic_puissance_apparente,3110,2026-07-14T05:39:07.175Z
sensor.lixee_zlinky_tic_puissance_apparente,2960,2026-07-14T05:39:17.208Z
sensor.lixee_zlinky_tic_puissance_apparente,2910,2026-07-14T05:39:27.250Z
sensor.lixee_zlinky_tic_puissance_apparente,1000,2026-07-14T05:39:37.274Z
sensor.lixee_zlinky_tic_puissance_apparente,1010,2026-07-14T05:39:47.313Z
sensor.lixee_zlinky_tic_puissance_apparente,1000,2026-07-14T05:39:56.343Z
sensor.lixee_zlinky_tic_puissance_apparente,990,2026-07-14T05:40:06.372Z
sensor.lixee_zlinky_tic_puissance_apparente,1000,2026-07-14T05:40:16.405Z
sensor.lixee_zlinky_tic_puissance_apparente,990,2026-07-14T05:40:36.463Z
sensor.lixee_zlinky_tic_puissance_apparente,2950,2026-07-14T05:40:45.491Z
sensor.lixee_zlinky_tic_puissance_apparente,2940,2026-07-14T05:40:55.525Z
sensor.lixee_zlinky_tic_puissance_apparente,2910,2026-07-14T05:41:05.568Z
sensor.lixee_zlinky_tic_puissance_apparente,1010,2026-07-14T05:41:15.590Z
sensor.lixee_zlinky_tic_puissance_apparente,1000,2026-07-14T05:41:34.648Z
sensor.lixee_zlinky_tic_puissance_apparente,990,2026-07-14T05:41:54.709Z
sensor.lixee_zlinky_tic_puissance_apparente,1010,2026-07-14T05:42:04.741Z
sensor.lixee_zlinky_tic_puissance_apparente,2960,2026-07-14T05:42:13.774Z
sensor.lixee_zlinky_tic_puissance_apparente,2940,2026-07-14T05:42:23.791Z
sensor.lixee_zlinky_tic_puissance_apparente,2890,2026-07-14T05:42:33.834Z
sensor.lixee_zlinky_tic_puissance_apparente,990,2026-07-14T05:42:43.866Z
sensor.lixee_zlinky_tic_puissance_apparente,1000,2026-07-14T05:43:02.920Z
sensor.lixee_zlinky_tic_puissance_apparente,990,2026-07-14T05:43:33.024Z
sensor.lixee_zlinky_tic_puissance_apparente,2930,2026-07-14T05:43:52.084Z
sensor.lixee_zlinky_tic_puissance_apparente,2900,2026-07-14T05:44:02.127Z
sensor.lixee_zlinky_tic_puissance_apparente,2870,2026-07-14T05:44:12.160Z
sensor.lixee_zlinky_tic_puissance_apparente,1000,2026-07-14T05:44:21.193Z
sensor.lixee_zlinky_tic_puissance_apparente,990,2026-07-14T05:44:41.252Z
sensor.lixee_zlinky_tic_puissance_apparente,1000,2026-07-14T05:45:01.305Z
sensor.lixee_zlinky_tic_puissance_apparente,990,2026-07-14T05:45:10.319Z
sensor.lixee_zlinky_tic_puissance_apparente,2920,2026-07-14T05:45:20.350Z
sensor.lixee_zlinky_tic_puissance_apparente,2890,2026-07-14T05:45:40.425Z
sensor.lixee_zlinky_tic_puissance_apparente,990,2026-07-14T05:45:50.460Z
sensor.lixee_zlinky_tic_puissance_apparente,980,2026-07-14T05:46:09.528Z
sensor.lixee_zlinky_tic_puissance_apparente,1000,2026-07-14T05:46:19.556Z
sensor.lixee_zlinky_tic_puissance_apparente,1010,2026-07-14T05:46:28.897Z
sensor.lixee_zlinky_tic_puissance_apparente,1000,2026-07-14T05:46:38.617Z
sensor.lixee_zlinky_tic_puissance_apparente,2940,2026-07-14T05:46:48.647Z
sensor.lixee_zlinky_tic_puissance_apparente,2910,2026-07-14T05:46:58.691Z
sensor.lixee_zlinky_tic_puissance_apparente,2890,2026-07-14T05:47:08.713Z
sensor.lixee_zlinky_tic_puissance_apparente,2870,2026-07-14T05:47:18.750Z
sensor.lixee_zlinky_tic_puissance_apparente,1000,2026-07-14T05:47:27.784Z
sensor.lixee_zlinky_tic_puissance_apparente,990,2026-07-14T05:47:37.814Z
sensor.lixee_zlinky_tic_puissance_apparente,980,2026-07-14T05:47:57.884Z
sensor.lixee_zlinky_tic_puissance_apparente,2940,2026-07-14T05:48:06.919Z
sensor.lixee_zlinky_tic_puissance_apparente,2920,2026-07-14T05:48:16.943Z
sensor.lixee_zlinky_tic_puissance_apparente,2880,2026-07-14T05:48:26.986Z
sensor.lixee_zlinky_tic_puissance_apparente,2850,2026-07-14T05:48:37.008Z
sensor.lixee_zlinky_tic_puissance_apparente,980,2026-07-14T05:48:47.046Z
sensor.lixee_zlinky_tic_puissance_apparente,2030,2026-07-14T05:49:35.193Z
sensor.lixee_zlinky_tic_puissance_apparente,3830,2026-07-14T05:49:45.229Z
sensor.lixee_zlinky_tic_puissance_apparente,2900,2026-07-14T05:49:55.259Z
sensor.lixee_zlinky_tic_puissance_apparente,2880,2026-07-14T05:50:05.296Z
sensor.lixee_zlinky_tic_puissance_apparente,2840,2026-07-14T05:50:15.331Z
sensor.lixee_zlinky_tic_puissance_apparente,2020,2026-07-14T05:50:24.363Z
sensor.lixee_zlinky_tic_puissance_apparente,990,2026-07-14T05:50:34.371Z
sensor.lixee_zlinky_tic_puissance_apparente,1000,2026-07-14T05:51:03.480Z
sensor.lixee_zlinky_tic_puissance_apparente,1020,2026-07-14T05:51:13.505Z
sensor.lixee_zlinky_tic_puissance_apparente,2990,2026-07-14T05:51:23.527Z
sensor.lixee_zlinky_tic_puissance_apparente,2970,2026-07-14T05:51:33.562Z
sensor.lixee_zlinky_tic_puissance_apparente,2930,2026-07-14T05:51:43.602Z
sensor.lixee_zlinky_tic_puissance_apparente,1060,2026-07-14T05:51:52.636Z
sensor.lixee_zlinky_tic_puissance_apparente,1440,2026-07-14T05:52:02.646Z
sensor.lixee_zlinky_tic_puissance_apparente,1060,2026-07-14T05:52:12.687Z
sensor.lixee_zlinky_tic_puissance_apparente,3010,2026-07-14T05:52:41.788Z
sensor.lixee_zlinky_tic_puissance_apparente,3000,2026-07-14T05:52:51.811Z
sensor.lixee_zlinky_tic_puissance_apparente,2960,2026-07-14T05:53:01.840Z
sensor.lixee_zlinky_tic_puissance_apparente,2930,2026-07-14T05:53:11.878Z
sensor.lixee_zlinky_tic_puissance_apparente,1050,2026-07-14T05:53:20.914Z
sensor.lixee_zlinky_tic_puissance_apparente,1060,2026-07-14T05:53:30.937Z
sensor.lixee_zlinky_tic_puissance_apparente,1050,2026-07-14T05:53:40.972Z
sensor.lixee_zlinky_tic_puissance_apparente,1040,2026-07-14T05:53:51.005Z
sensor.lixee_zlinky_tic_puissance_apparente,1050,2026-07-14T05:54:01.036Z
sensor.lixee_zlinky_tic_puissance_apparente,1180,2026-07-14T05:54:10.059Z
sensor.lixee_zlinky_tic_puissance_apparente,1040,2026-07-14T05:54:20.083Z
sensor.lixee_zlinky_tic_puissance_apparente,2980,2026-07-14T05:54:30.130Z
sensor.lixee_zlinky_tic_puissance_apparente,2940,2026-07-14T05:54:40.161Z
sensor.lixee_zlinky_tic_puissance_apparente,2900,2026-07-14T05:54:49.193Z
sensor.lixee_zlinky_tic_puissance_apparente,1010,2026-07-14T05:54:59.224Z
sensor.lixee_zlinky_tic_puissance_apparente,980,2026-07-14T05:55:09.261Z
sensor.lixee_zlinky_tic_puissance_apparente,960,2026-07-14T05:55:19.295Z
sensor.lixee_zlinky_tic_puissance_apparente,950,2026-07-14T05:55:29.327Z
sensor.lixee_zlinky_tic_puissance_apparente,2920,2026-07-14T05:55:58.413Z
sensor.lixee_zlinky_tic_puissance_apparente,2890,2026-07-14T05:56:08.453Z
sensor.lixee_zlinky_tic_puissance_apparente,2880,2026-07-14T05:56:17.477Z
sensor.lixee_zlinky_tic_puissance_apparente,980,2026-07-14T05:56:27.505Z
sensor.lixee_zlinky_tic_puissance_apparente,990,2026-07-14T05:56:37.541Z
sensor.lixee_zlinky_tic_puissance_apparente,980,2026-07-14T05:56:57.605Z
sensor.lixee_zlinky_tic_puissance_apparente,970,2026-07-14T05:57:06.627Z
sensor.lixee_zlinky_tic_puissance_apparente,980,2026-07-14T05:57:16.648Z
sensor.lixee_zlinky_tic_puissance_apparente,2910,2026-07-14T05:57:36.716Z
sensor.lixee_zlinky_tic_puissance_apparente,2860,2026-07-14T05:57:46.747Z
sensor.lixee_zlinky_tic_puissance_apparente,2810,2026-07-14T05:57:55.769Z
sensor.lixee_zlinky_tic_puissance_apparente,940,2026-07-14T05:58:05.804Z
sensor.lixee_zlinky_tic_puissance_apparente,960,2026-07-14T05:58:15.832Z
sensor.lixee_zlinky_tic_puissance_apparente,1000,2026-07-14T05:58:25.380Z
sensor.lixee_zlinky_tic_puissance_apparente,1060,2026-07-14T05:58:34.896Z
sensor.lixee_zlinky_tic_puissance_apparente,1050,2026-07-14T05:59:04.986Z
sensor.lixee_zlinky_tic_puissance_apparente,2920,2026-07-14T05:59:15.018Z
sensor.lixee_zlinky_tic_puissance_apparente,2900,2026-07-14T05:59:24.043Z
sensor.lixee_zlinky_tic_puissance_apparente,2880,2026-07-14T05:59:34.070Z
sensor.lixee_zlinky_tic_puissance_apparente,1110,2026-07-14T05:59:44.121Z
sensor.lixee_zlinky_tic_puissance_apparente,1040,2026-07-14T05:59:54.149Z
sensor.lixee_zlinky_tic_puissance_apparente,1080,2026-07-14T06:00:03.175Z
sensor.lixee_zlinky_tic_puissance_apparente,1180,2026-07-14T06:00:13.216Z
sensor.lixee_zlinky_tic_puissance_apparente,1190,2026-07-14T06:00:23.244Z
sensor.lixee_zlinky_tic_puissance_apparente,3140,2026-07-14T06:00:43.310Z
sensor.lixee_zlinky_tic_puissance_apparente,3110,2026-07-14T06:00:52.340Z
sensor.lixee_zlinky_tic_puissance_apparente,3090,2026-07-14T06:01:02.367Z
sensor.lixee_zlinky_tic_puissance_apparente,1180,2026-07-14T06:01:12.408Z
sensor.lixee_zlinky_tic_puissance_apparente,1190,2026-07-14T06:01:22.441Z
sensor.lixee_zlinky_tic_puissance_apparente,1180,2026-07-14T06:01:41.500Z
sensor.lixee_zlinky_tic_puissance_apparente,1190,2026-07-14T06:01:51.535Z
sensor.lixee_zlinky_tic_puissance_apparente,2850,2026-07-14T06:02:01.562Z
sensor.lixee_zlinky_tic_puissance_apparente,3120,2026-07-14T06:02:11.602Z
sensor.lixee_zlinky_tic_puissance_apparente,3100,2026-07-14T06:02:20.625Z
sensor.lixee_zlinky_tic_puissance_apparente,3060,2026-07-14T06:02:30.660Z
sensor.lixee_zlinky_tic_puissance_apparente,1180,2026-07-14T06:02:40.699Z
sensor.lixee_zlinky_tic_puissance_apparente,1240,2026-07-14T06:02:50.733Z
sensor.lixee_zlinky_tic_puissance_apparente,1230,2026-07-14T06:03:09.787Z
sensor.lixee_zlinky_tic_puissance_apparente,1250,2026-07-14T06:03:19.831Z
sensor.lixee_zlinky_tic_puissance_apparente,2630,2026-07-14T06:03:39.889Z
sensor.lixee_zlinky_tic_puissance_apparente,3180,2026-07-14T06:03:48.930Z
sensor.lixee_zlinky_tic_puissance_apparente,4200,2026-07-14T06:03:58.956Z
sensor.lixee_zlinky_tic_puissance_apparente,3950,2026-07-14T06:04:08.983Z
sensor.lixee_zlinky_tic_puissance_apparente,2370,2026-07-14T06:04:19.016Z
sensor.lixee_zlinky_tic_puissance_apparente,2350,2026-07-14T06:04:29.060Z
sensor.lixee_zlinky_tic_puissance_apparente,1740,2026-07-14T06:04:38.081Z
sensor.lixee_zlinky_tic_puissance_apparente,2290,2026-07-14T06:04:48.098Z
sensor.lixee_zlinky_tic_puissance_apparente,1220,2026-07-14T06:04:58.143Z
sensor.lixee_zlinky_tic_puissance_apparente,1240,2026-07-14T06:05:08.171Z
sensor.lixee_zlinky_tic_puissance_apparente,3150,2026-07-14T06:05:17.195Z
sensor.lixee_zlinky_tic_puissance_apparente,3130,2026-07-14T06:05:27.224Z
sensor.lixee_zlinky_tic_puissance_apparente,3080,2026-07-14T06:05:37.253Z
sensor.lixee_zlinky_tic_puissance_apparente,1160,2026-07-14T06:05:47.286Z
sensor.lixee_zlinky_tic_puissance_apparente,1150,2026-07-14T06:05:57.316Z
sensor.lixee_zlinky_tic_puissance_apparente,2360,2026-07-14T06:06:06.337Z
sensor.lixee_zlinky_tic_puissance_apparente,2090,2026-07-14T06:06:16.371Z
sensor.lixee_zlinky_tic_puissance_apparente,2320,2026-07-14T06:06:26.407Z
sensor.lixee_zlinky_tic_puissance_apparente,2350,2026-07-14T06:06:36.433Z
sensor.lixee_zlinky_tic_puissance_apparente,4210,2026-07-14T06:06:46.467Z
sensor.lixee_zlinky_tic_puissance_apparente,3130,2026-07-14T06:06:55.491Z
sensor.lixee_zlinky_tic_puissance_apparente,3070,2026-07-14T06:07:05.536Z
sensor.lixee_zlinky_tic_puissance_apparente,1170,2026-07-14T06:07:14.996Z
sensor.lixee_zlinky_tic_puissance_apparente,1130,2026-07-14T06:07:25.600Z
sensor.lixee_zlinky_tic_puissance_apparente,1120,2026-07-14T06:07:34.622Z
sensor.lixee_zlinky_tic_puissance_apparente,1110,2026-07-14T06:07:44.657Z
sensor.lixee_zlinky_tic_puissance_apparente,1100,2026-07-14T06:07:54.701Z
sensor.lixee_zlinky_tic_puissance_apparente,1070,2026-07-14T06:08:14.764Z
sensor.lixee_zlinky_tic_puissance_apparente,2980,2026-07-14T06:08:23.800Z
sensor.lixee_zlinky_tic_puissance_apparente,2950,2026-07-14T06:08:33.827Z
sensor.lixee_zlinky_tic_puissance_apparente,2920,2026-07-14T06:08:43.860Z
sensor.lixee_zlinky_tic_puissance_apparente,1080,2026-07-14T06:08:53.889Z
sensor.lixee_zlinky_tic_puissance_apparente,1070,2026-07-14T06:09:02.918Z
sensor.lixee_zlinky_tic_puissance_apparente,1080,2026-07-14T06:09:43.067Z
sensor.lixee_zlinky_tic_puissance_apparente,2050,2026-07-14T06:09:52.102Z
sensor.lixee_zlinky_tic_puissance_apparente,3000,2026-07-14T06:10:02.130Z
sensor.lixee_zlinky_tic_puissance_apparente,2960,2026-07-14T06:10:12.162Z
sensor.lixee_zlinky_tic_puissance_apparente,2940,2026-07-14T06:10:21.886Z
sensor.lixee_zlinky_tic_puissance_apparente,1150,2026-07-14T06:10:31.236Z
sensor.lixee_zlinky_tic_puissance_apparente,1090,2026-07-14T06:10:41.265Z
sensor.lixee_zlinky_tic_puissance_apparente,1140,2026-07-14T06:10:51.296Z
sensor.lixee_zlinky_tic_puissance_apparente,1120,2026-07-14T06:11:20.388Z
sensor.lixee_zlinky_tic_puissance_apparente,3050,2026-07-14T06:11:30.418Z
sensor.lixee_zlinky_tic_puissance_apparente,3000,2026-07-14T06:11:40.447Z
sensor.lixee_zlinky_tic_puissance_apparente,2960,2026-07-14T06:11:50.476Z
sensor.lixee_zlinky_tic_puissance_apparente,1130,2026-07-14T06:11:59.518Z
sensor.lixee_zlinky_tic_puissance_apparente,1140,2026-07-14T06:12:39.648Z
sensor.lixee_zlinky_tic_puissance_apparente,1130,2026-07-14T06:12:48.671Z
sensor.lixee_zlinky_tic_puissance_apparente,2920,2026-07-14T06:13:08.738Z
sensor.lixee_zlinky_tic_puissance_apparente,2910,2026-07-14T06:13:18.776Z
sensor.lixee_zlinky_tic_puissance_apparente,4270,2026-07-14T06:13:27.813Z
sensor.lixee_zlinky_tic_puissance_apparente,2600,2026-07-14T06:13:37.834Z
sensor.lixee_zlinky_tic_puissance_apparente,2590,2026-07-14T06:13:47.866Z
sensor.lixee_zlinky_tic_puissance_apparente,2670,2026-07-14T06:13:57.888Z
sensor.lixee_zlinky_tic_puissance_apparente,2570,2026-07-14T06:14:07.914Z
sensor.lixee_zlinky_tic_puissance_apparente,2670,2026-07-14T06:14:16.944Z
sensor.lixee_zlinky_tic_puissance_apparente,4370,2026-07-14T06:14:26.969Z
sensor.lixee_zlinky_tic_puissance_apparente,4450,2026-07-14T06:14:37.008Z
sensor.lixee_zlinky_tic_puissance_apparente,4320,2026-07-14T06:14:47.038Z
sensor.lixee_zlinky_tic_puissance_apparente,4370,2026-07-14T06:14:57.074Z
sensor.lixee_zlinky_tic_puissance_apparente,2550,2026-07-14T06:15:06.099Z
sensor.lixee_zlinky_tic_puissance_apparente,2640,2026-07-14T06:15:16.122Z
sensor.lixee_zlinky_tic_puissance_apparente,2570,2026-07-14T06:15:26.153Z
sensor.lixee_zlinky_tic_puissance_apparente,2630,2026-07-14T06:15:36.190Z
sensor.lixee_zlinky_tic_puissance_apparente,2570,2026-07-14T06:15:45.212Z
sensor.lixee_zlinky_tic_puissance_apparente,2640,2026-07-14T06:15:55.241Z
sensor.lixee_zlinky_tic_puissance_apparente,4590,2026-07-14T06:16:05.288Z
sensor.lixee_zlinky_tic_puissance_apparente,4390,2026-07-14T06:16:15.317Z
sensor.lixee_zlinky_tic_puissance_apparente,4280,2026-07-14T06:16:25.346Z
sensor.lixee_zlinky_tic_puissance_apparente,3700,2026-07-14T06:16:34.373Z
sensor.lixee_zlinky_tic_puissance_apparente,2540,2026-07-14T06:16:44.401Z
sensor.lixee_zlinky_tic_puissance_apparente,2630,2026-07-14T06:16:54.432Z
sensor.lixee_zlinky_tic_puissance_apparente,2520,2026-07-14T06:17:04.459Z
sensor.lixee_zlinky_tic_puissance_apparente,2610,2026-07-14T06:17:13.486Z
sensor.lixee_zlinky_tic_puissance_apparente,2520,2026-07-14T06:17:23.505Z
sensor.lixee_zlinky_tic_puissance_apparente,2600,2026-07-14T06:17:33.538Z
sensor.lixee_zlinky_tic_puissance_apparente,4350,2026-07-14T06:17:43.571Z
sensor.lixee_zlinky_tic_puissance_apparente,4380,2026-07-14T06:17:53.599Z
sensor.lixee_zlinky_tic_puissance_apparente,4340,2026-07-14T06:18:02.621Z
sensor.lixee_zlinky_tic_puissance_apparente,2610,2026-07-14T06:18:12.652Z
sensor.lixee_zlinky_tic_puissance_apparente,3630,2026-07-14T06:18:22.672Z
sensor.lixee_zlinky_tic_puissance_apparente,2600,2026-07-14T06:18:32.700Z
sensor.lixee_zlinky_tic_puissance_apparente,3640,2026-07-14T06:18:42.728Z
sensor.lixee_zlinky_tic_puissance_apparente,2820,2026-07-14T06:18:51.759Z
sensor.lixee_zlinky_tic_puissance_apparente,2540,2026-07-14T06:19:01.786Z
sensor.lixee_zlinky_tic_puissance_apparente,2960,2026-07-14T06:19:11.478Z
sensor.lixee_zlinky_tic_puissance_apparente,5370,2026-07-14T06:19:21.858Z
sensor.lixee_zlinky_tic_puissance_apparente,5430,2026-07-14T06:19:30.885Z
sensor.lixee_zlinky_tic_puissance_apparente,5320,2026-07-14T06:19:40.911Z
sensor.lixee_zlinky_tic_puissance_apparente,2600,2026-07-14T06:19:50.943Z
sensor.lixee_zlinky_tic_puissance_apparente,3030,2026-07-14T06:20:00.981Z
sensor.lixee_zlinky_tic_puissance_apparente,3120,2026-07-14T06:20:11.015Z
sensor.lixee_zlinky_tic_puissance_apparente,3630,2026-07-14T06:20:20.037Z
sensor.lixee_zlinky_tic_puissance_apparente,3660,2026-07-14T06:20:30.055Z
sensor.lixee_zlinky_tic_puissance_apparente,2580,2026-07-14T06:20:40.091Z
sensor.lixee_zlinky_tic_puissance_apparente,4370,2026-07-14T06:20:50.122Z
sensor.lixee_zlinky_tic_puissance_apparente,4360,2026-07-14T06:21:00.149Z
sensor.lixee_zlinky_tic_puissance_apparente,4260,2026-07-14T06:21:09.180Z
sensor.lixee_zlinky_tic_puissance_apparente,2600,2026-07-14T06:21:19.217Z
sensor.lixee_zlinky_tic_puissance_apparente,2560,2026-07-14T06:21:29.246Z
sensor.lixee_zlinky_tic_puissance_apparente,2720,2026-07-14T06:21:39.279Z
sensor.lixee_zlinky_tic_puissance_apparente,2670,2026-07-14T06:21:48.306Z
sensor.lixee_zlinky_tic_puissance_apparente,2940,2026-07-14T06:21:58.346Z
sensor.lixee_zlinky_tic_puissance_apparente,2950,2026-07-14T06:22:08.381Z
sensor.lixee_zlinky_tic_puissance_apparente,3290,2026-07-14T06:22:18.400Z
sensor.lixee_zlinky_tic_puissance_apparente,4890,2026-07-14T06:22:28.436Z
sensor.lixee_zlinky_tic_puissance_apparente,4820,2026-07-14T06:22:37.456Z
sensor.lixee_zlinky_tic_puissance_apparente,4650,2026-07-14T06:22:47.493Z
sensor.lixee_zlinky_tic_puissance_apparente,2980,2026-07-14T06:22:57.518Z
sensor.lixee_zlinky_tic_puissance_apparente,2830,2026-07-14T06:23:07.558Z
sensor.lixee_zlinky_tic_puissance_apparente,2920,2026-07-14T06:23:16.585Z
sensor.lixee_zlinky_tic_puissance_apparente,2780,2026-07-14T06:23:26.619Z
sensor.lixee_zlinky_tic_puissance_apparente,2860,2026-07-14T06:23:36.654Z
sensor.lixee_zlinky_tic_puissance_apparente,2730,2026-07-14T06:23:46.688Z
sensor.lixee_zlinky_tic_puissance_apparente,2830,2026-07-14T06:23:56.722Z
sensor.lixee_zlinky_tic_puissance_apparente,4480,2026-07-14T06:24:05.750Z
sensor.lixee_zlinky_tic_puissance_apparente,4530,2026-07-14T06:24:15.776Z
sensor.lixee_zlinky_tic_puissance_apparente,4410,2026-07-14T06:24:25.816Z
sensor.lixee_zlinky_tic_puissance_apparente,2810,2026-07-14T06:24:35.839Z
sensor.lixee_zlinky_tic_puissance_apparente,2730,2026-07-14T06:24:44.866Z
sensor.lixee_zlinky_tic_puissance_apparente,2810,2026-07-14T06:24:54.894Z
sensor.lixee_zlinky_tic_puissance_apparente,2720,2026-07-14T06:25:04.937Z
sensor.lixee_zlinky_tic_puissance_apparente,2830,2026-07-14T06:25:14.969Z
sensor.lixee_zlinky_tic_puissance_apparente,2750,2026-07-14T06:25:25.002Z
sensor.lixee_zlinky_tic_puissance_apparente,4620,2026-07-14T06:25:34.039Z
sensor.lixee_zlinky_tic_puissance_apparente,4500,2026-07-14T06:25:44.065Z
sensor.lixee_zlinky_tic_puissance_apparente,4570,2026-07-14T06:25:54.100Z
sensor.lixee_zlinky_tic_puissance_apparente,2770,2026-07-14T06:26:04.134Z
sensor.lixee_zlinky_tic_puissance_apparente,2880,2026-07-14T06:26:14.172Z
sensor.lixee_zlinky_tic_puissance_apparente,2720,2026-07-14T06:26:23.195Z
sensor.lixee_zlinky_tic_puissance_apparente,2820,2026-07-14T06:26:33.224Z
sensor.lixee_zlinky_tic_puissance_apparente,2710,2026-07-14T06:26:43.253Z
sensor.lixee_zlinky_tic_puissance_apparente,2790,2026-07-14T06:26:53.284Z
sensor.lixee_zlinky_tic_puissance_apparente,1290,2026-07-14T06:27:02.308Z
sensor.lixee_zlinky_tic_puissance_apparente,3170,2026-07-14T06:27:12.341Z
sensor.lixee_zlinky_tic_puissance_apparente,3150,2026-07-14T06:27:22.379Z
sensor.lixee_zlinky_tic_puissance_apparente,3050,2026-07-14T06:27:32.412Z
sensor.lixee_zlinky_tic_puissance_apparente,1360,2026-07-14T06:27:42.455Z
sensor.lixee_zlinky_tic_puissance_apparente,1370,2026-07-14T06:27:51.475Z
sensor.lixee_zlinky_tic_puissance_apparente,1360,2026-07-14T06:28:01.508Z
sensor.lixee_zlinky_tic_puissance_apparente,1270,2026-07-14T06:28:21.577Z
sensor.lixee_zlinky_tic_puissance_apparente,1320,2026-07-14T06:28:30.600Z
sensor.lixee_zlinky_tic_puissance_apparente,1310,2026-07-14T06:28:40.638Z
sensor.lixee_zlinky_tic_puissance_apparente,3040,2026-07-14T06:28:50.677Z
sensor.lixee_zlinky_tic_puissance_apparente,3070,2026-07-14T06:29:00.694Z
sensor.lixee_zlinky_tic_puissance_apparente,3050,2026-07-14T06:29:10.733Z
sensor.lixee_zlinky_tic_puissance_apparente,1320,2026-07-14T06:29:19.760Z
sensor.lixee_zlinky_tic_puissance_apparente,1310,2026-07-14T06:29:29.776Z
sensor.lixee_zlinky_tic_puissance_apparente,1240,2026-07-14T06:29:39.809Z
sensor.lixee_zlinky_tic_puissance_apparente,1330,2026-07-14T06:29:49.843Z
sensor.lixee_zlinky_tic_puissance_apparente,720,2026-07-14T06:29:58.861Z
sensor.lixee_zlinky_tic_puissance_apparente,1250,2026-07-14T06:30:08.893Z
sensor.lixee_zlinky_tic_puissance_apparente,3350,2026-07-14T06:30:18.933Z
sensor.lixee_zlinky_tic_puissance_apparente,3070,2026-07-14T06:30:28.967Z
sensor.lixee_zlinky_tic_puissance_apparente,3040,2026-07-14T06:30:39.000Z
sensor.lixee_zlinky_tic_puissance_apparente,1320,2026-07-14T06:30:48.033Z
sensor.lixee_zlinky_tic_puissance_apparente,700,2026-07-14T06:30:58.064Z
sensor.lixee_zlinky_tic_puissance_apparente,730,2026-07-14T06:31:08.016Z
sensor.lixee_zlinky_tic_puissance_apparente,660,2026-07-14T06:31:28.165Z
sensor.lixee_zlinky_tic_puissance_apparente,710,2026-07-14T06:31:37.191Z
sensor.lixee_zlinky_tic_puissance_apparente,720,2026-07-14T06:31:47.223Z
sensor.lixee_zlinky_tic_puissance_apparente,3110,2026-07-14T06:31:57.260Z
sensor.lixee_zlinky_tic_puissance_apparente,3070,2026-07-14T06:32:07.287Z
sensor.lixee_zlinky_tic_puissance_apparente,2990,2026-07-14T06:32:16.315Z
sensor.lixee_zlinky_tic_puissance_apparente,720,2026-07-14T06:32:26.360Z
sensor.lixee_zlinky_tic_puissance_apparente,730,2026-07-14T06:32:36.384Z
sensor.lixee_zlinky_tic_puissance_apparente,650,2026-07-14T06:32:46.416Z
sensor.lixee_zlinky_tic_puissance_apparente,690,2026-07-14T06:32:56.455Z
sensor.lixee_zlinky_tic_puissance_apparente,700,2026-07-14T06:33:05.479Z
sensor.lixee_zlinky_tic_puissance_apparente,720,2026-07-14T06:33:15.513Z
sensor.lixee_zlinky_tic_puissance_apparente,690,2026-07-14T06:33:25.547Z
sensor.lixee_zlinky_tic_puissance_apparente,3050,2026-07-14T06:33:35.581Z
sensor.lixee_zlinky_tic_puissance_apparente,3000,2026-07-14T06:33:44.609Z
sensor.lixee_zlinky_tic_puissance_apparente,2960,2026-07-14T06:33:54.643Z
sensor.lixee_zlinky_tic_puissance_apparente,260,2026-07-14T06:34:04.667Z
sensor.lixee_zlinky_tic_puissance_apparente,700,2026-07-14T06:34:14.702Z
sensor.lixee_zlinky_tic_puissance_apparente,710,2026-07-14T06:34:24.734Z
sensor.lixee_zlinky_tic_puissance_apparente,700,2026-07-14T06:34:33.749Z
sensor.lixee_zlinky_tic_puissance_apparente,3000,2026-07-14T06:35:03.858Z
sensor.lixee_zlinky_tic_puissance_apparente,2870,2026-07-14T06:35:22.921Z
sensor.lixee_zlinky_tic_puissance_apparente,710,2026-07-14T06:35:32.953Z
sensor.lixee_zlinky_tic_puissance_apparente,720,2026-07-14T06:35:53.023Z
sensor.lixee_zlinky_tic_puissance_apparente,700,2026-07-14T06:36:02.040Z
sensor.lixee_zlinky_tic_puissance_apparente,710,2026-07-14T06:36:22.103Z
sensor.lixee_zlinky_tic_puissance_apparente,700,2026-07-14T06:36:32.140Z
sensor.lixee_zlinky_tic_puissance_apparente,3900,2026-07-14T06:36:42.175Z
sensor.lixee_zlinky_tic_puissance_apparente,3980,2026-07-14T06:36:51.199Z
sensor.lixee_zlinky_tic_puissance_apparente,3970,2026-07-14T06:37:01.234Z
sensor.lixee_zlinky_tic_puissance_apparente,3910,2026-07-14T06:37:11.268Z
sensor.lixee_zlinky_tic_puissance_apparente,3940,2026-07-14T06:37:21.306Z
sensor.lixee_zlinky_tic_puissance_apparente,4010,2026-07-14T06:37:30.325Z
sensor.lixee_zlinky_tic_puissance_apparente,4000,2026-07-14T06:37:40.357Z
sensor.lixee_zlinky_tic_puissance_apparente,3920,2026-07-14T06:38:00.429Z
sensor.lixee_zlinky_tic_puissance_apparente,3990,2026-07-14T06:38:10.456Z
sensor.lixee_zlinky_tic_puissance_apparente,4020,2026-07-14T06:38:19.470Z
sensor.lixee_zlinky_tic_puissance_apparente,3960,2026-07-14T06:38:29.515Z
sensor.lixee_zlinky_tic_puissance_apparente,3990,2026-07-14T06:38:39.550Z
sensor.lixee_zlinky_tic_puissance_apparente,4000,2026-07-14T06:38:49.589Z
sensor.lixee_zlinky_tic_puissance_apparente,3990,2026-07-14T06:38:58.614Z
sensor.lixee_zlinky_tic_puissance_apparente,4010,2026-07-14T06:39:08.639Z
sensor.lixee_zlinky_tic_puissance_apparente,5780,2026-07-14T06:39:18.677Z
sensor.lixee_zlinky_tic_puissance_apparente,5820,2026-07-14T06:39:28.707Z
sensor.lixee_zlinky_tic_puissance_apparente,5790,2026-07-14T06:39:38.745Z
sensor.lixee_zlinky_tic_puissance_apparente,3890,2026-07-14T06:39:47.782Z
sensor.lixee_zlinky_tic_puissance_apparente,3960,2026-07-14T06:39:57.688Z
sensor.lixee_zlinky_tic_puissance_apparente,3930,2026-07-14T06:40:07.834Z
sensor.lixee_zlinky_tic_puissance_apparente,3960,2026-07-14T06:40:17.872Z
sensor.lixee_zlinky_tic_puissance_apparente,3980,2026-07-14T06:40:26.889Z
sensor.lixee_zlinky_tic_puissance_apparente,3900,2026-07-14T06:40:36.921Z
sensor.lixee_zlinky_tic_puissance_apparente,3970,2026-07-14T06:40:46.959Z
sensor.lixee_zlinky_tic_puissance_apparente,3930,2026-07-14T06:41:07.021Z
sensor.lixee_zlinky_tic_puissance_apparente,3920,2026-07-14T06:41:16.052Z
sensor.lixee_zlinky_tic_puissance_apparente,3910,2026-07-14T06:41:26.073Z
sensor.lixee_zlinky_tic_puissance_apparente,3930,2026-07-14T06:41:36.114Z
sensor.lixee_zlinky_tic_puissance_apparente,3920,2026-07-14T06:41:46.150Z
sensor.lixee_zlinky_tic_puissance_apparente,3860,2026-07-14T06:41:55.179Z
sensor.lixee_zlinky_tic_puissance_apparente,3920,2026-07-14T06:42:05.205Z
sensor.lixee_zlinky_tic_puissance_apparente,3930,2026-07-14T06:42:15.243Z
sensor.lixee_zlinky_tic_puissance_apparente,3820,2026-07-14T06:42:25.272Z
sensor.lixee_zlinky_tic_puissance_apparente,3900,2026-07-14T06:42:35.316Z
sensor.lixee_zlinky_tic_puissance_apparente,3920,2026-07-14T06:42:44.333Z
sensor.lixee_zlinky_tic_puissance_apparente,3880,2026-07-14T06:43:14.441Z
sensor.lixee_zlinky_tic_puissance_apparente,3900,2026-07-14T06:43:24.476Z
sensor.lixee_zlinky_tic_puissance_apparente,3810,2026-07-14T06:43:43.539Z
sensor.lixee_zlinky_tic_puissance_apparente,3920,2026-07-14T06:43:53.557Z
sensor.lixee_zlinky_tic_puissance_apparente,3900,2026-07-14T06:44:03.582Z
sensor.lixee_zlinky_tic_puissance_apparente,3930,2026-07-14T06:44:12.613Z
sensor.lixee_zlinky_tic_puissance_apparente,3900,2026-07-14T06:44:22.646Z
sensor.lixee_zlinky_tic_puissance_apparente,3860,2026-07-14T06:44:42.709Z
sensor.lixee_zlinky_tic_puissance_apparente,3850,2026-07-14T06:44:52.744Z
sensor.lixee_zlinky_tic_puissance_apparente,3780,2026-07-14T06:45:01.766Z
sensor.lixee_zlinky_tic_puissance_apparente,3840,2026-07-14T06:45:11.797Z
sensor.lixee_zlinky_tic_puissance_apparente,3830,2026-07-14T06:45:40.892Z
sensor.lixee_zlinky_tic_puissance_apparente,3840,2026-07-14T06:45:50.927Z
sensor.lixee_zlinky_tic_puissance_apparente,3830,2026-07-14T06:46:00.971Z
sensor.lixee_zlinky_tic_puissance_apparente,3840,2026-07-14T06:46:10.998Z
sensor.lixee_zlinky_tic_puissance_apparente,3730,2026-07-14T06:46:21.024Z
sensor.lixee_zlinky_tic_puissance_apparente,3820,2026-07-14T06:46:30.050Z
sensor.lixee_zlinky_tic_puissance_apparente,3780,2026-07-14T06:46:50.130Z
sensor.lixee_zlinky_tic_puissance_apparente,3840,2026-07-14T06:47:00.161Z
sensor.lixee_zlinky_tic_puissance_apparente,3850,2026-07-14T06:47:19.223Z
sensor.lixee_zlinky_tic_puissance_apparente,3820,2026-07-14T06:47:29.259Z
sensor.lixee_zlinky_tic_puissance_apparente,3730,2026-07-14T06:47:39.288Z
sensor.lixee_zlinky_tic_puissance_apparente,3810,2026-07-14T06:47:49.323Z
sensor.lixee_zlinky_tic_puissance_apparente,3800,2026-07-14T06:48:08.376Z
sensor.lixee_zlinky_tic_puissance_apparente,3810,2026-07-14T06:48:18.413Z
sensor.lixee_zlinky_tic_puissance_apparente,3830,2026-07-14T06:48:28.444Z
sensor.lixee_zlinky_tic_puissance_apparente,3840,2026-07-14T06:48:38.481Z
sensor.lixee_zlinky_tic_puissance_apparente,3860,2026-07-14T06:48:47.365Z
sensor.lixee_zlinky_tic_puissance_apparente,3870,2026-07-14T06:48:57.538Z
sensor.lixee_zlinky_tic_puissance_apparente,4070,2026-07-14T06:49:07.577Z
sensor.lixee_zlinky_tic_puissance_apparente,4110,2026-07-14T06:49:17.614Z
sensor.lixee_zlinky_tic_puissance_apparente,4010,2026-07-14T06:49:26.638Z
sensor.lixee_zlinky_tic_puissance_apparente,4050,2026-07-14T06:49:36.670Z
sensor.lixee_zlinky_tic_puissance_apparente,4010,2026-07-14T06:49:46.709Z
sensor.lixee_zlinky_tic_puissance_apparente,4000,2026-07-14T06:50:06.775Z
sensor.lixee_zlinky_tic_puissance_apparente,4070,2026-07-14T06:50:25.831Z
sensor.lixee_zlinky_tic_puissance_apparente,4020,2026-07-14T06:50:35.866Z
sensor.lixee_zlinky_tic_puissance_apparente,3960,2026-07-14T06:50:45.905Z
sensor.lixee_zlinky_tic_puissance_apparente,4030,2026-07-14T06:50:54.925Z
sensor.lixee_zlinky_tic_puissance_apparente,4020,2026-07-14T06:51:04.961Z
sensor.lixee_zlinky_tic_puissance_apparente,4060,2026-07-14T06:51:14.996Z
sensor.lixee_zlinky_tic_puissance_apparente,4010,2026-07-14T06:51:25.029Z
sensor.lixee_zlinky_tic_puissance_apparente,3980,2026-07-14T06:51:35.066Z
sensor.lixee_zlinky_tic_puissance_apparente,4000,2026-07-14T06:51:44.085Z
sensor.lixee_zlinky_tic_puissance_apparente,3930,2026-07-14T06:52:04.156Z
sensor.lixee_zlinky_tic_puissance_apparente,4000,2026-07-14T06:52:14.181Z
sensor.lixee_zlinky_tic_puissance_apparente,4030,2026-07-14T06:52:23.200Z
sensor.lixee_zlinky_tic_puissance_apparente,4040,2026-07-14T06:52:43.275Z
sensor.lixee_zlinky_tic_puissance_apparente,4020,2026-07-14T06:52:53.311Z
sensor.lixee_zlinky_tic_puissance_apparente,3930,2026-07-14T06:53:22.404Z
sensor.lixee_zlinky_tic_puissance_apparente,4020,2026-07-14T06:53:32.452Z
sensor.lixee_zlinky_tic_puissance_apparente,3990,2026-07-14T06:53:42.485Z
sensor.lixee_zlinky_tic_puissance_apparente,4000,2026-07-14T06:53:51.501Z
sensor.lixee_zlinky_tic_puissance_apparente,3970,2026-07-14T06:54:01.534Z
sensor.lixee_zlinky_tic_puissance_apparente,3920,2026-07-14T06:54:11.570Z
sensor.lixee_zlinky_tic_puissance_apparente,3990,2026-07-14T06:54:21.597Z
sensor.lixee_zlinky_tic_puissance_apparente,3960,2026-07-14T06:54:31.632Z
sensor.lixee_zlinky_tic_puissance_apparente,3900,2026-07-14T06:54:40.665Z
sensor.lixee_zlinky_tic_puissance_apparente,3940,2026-07-14T06:54:50.697Z
sensor.lixee_zlinky_tic_puissance_apparente,5790,2026-07-14T06:55:00.734Z
sensor.lixee_zlinky_tic_puissance_apparente,5760,2026-07-14T06:55:10.766Z
sensor.lixee_zlinky_tic_puissance_apparente,3910,2026-07-14T06:55:20.790Z
sensor.lixee_zlinky_tic_puissance_apparente,3920,2026-07-14T06:55:29.811Z
sensor.lixee_zlinky_tic_puissance_apparente,3910,2026-07-14T06:55:39.856Z
sensor.lixee_zlinky_tic_puissance_apparente,3940,2026-07-14T06:55:49.882Z
sensor.lixee_zlinky_tic_puissance_apparente,3850,2026-07-14T06:55:59.915Z
sensor.lixee_zlinky_tic_puissance_apparente,3920,2026-07-14T06:56:08.948Z
sensor.lixee_zlinky_tic_puissance_apparente,3940,2026-07-14T06:56:18.982Z
sensor.lixee_zlinky_tic_puissance_apparente,3910,2026-07-14T06:56:29.005Z
sensor.lixee_zlinky_tic_puissance_apparente,3950,2026-07-14T06:56:39.037Z
sensor.lixee_zlinky_tic_puissance_apparente,3920,2026-07-14T06:56:49.076Z
sensor.lixee_zlinky_tic_puissance_apparente,3910,2026-07-14T06:56:58.096Z
sensor.lixee_zlinky_tic_puissance_apparente,3920,2026-07-14T06:57:08.135Z
sensor.lixee_zlinky_tic_puissance_apparente,3850,2026-07-14T06:57:18.173Z
sensor.lixee_zlinky_tic_puissance_apparente,3950,2026-07-14T06:57:28.204Z
sensor.lixee_zlinky_tic_puissance_apparente,3930,2026-07-14T06:57:37.232Z
sensor.lixee_zlinky_tic_puissance_apparente,5780,2026-07-14T06:58:07.317Z
sensor.lixee_zlinky_tic_puissance_apparente,5750,2026-07-14T06:58:17.340Z
sensor.lixee_zlinky_tic_puissance_apparente,3940,2026-07-14T06:58:26.373Z
sensor.lixee_zlinky_tic_puissance_apparente,3870,2026-07-14T06:58:36.398Z
sensor.lixee_zlinky_tic_puissance_apparente,3930,2026-07-14T06:58:46.431Z
sensor.lixee_zlinky_tic_puissance_apparente,3940,2026-07-14T06:58:56.466Z
sensor.lixee_zlinky_tic_puissance_apparente,3870,2026-07-14T06:59:05.501Z
sensor.lixee_zlinky_tic_puissance_apparente,3920,2026-07-14T06:59:15.536Z
sensor.lixee_zlinky_tic_puissance_apparente,3930,2026-07-14T06:59:25.570Z
sensor.lixee_zlinky_tic_puissance_apparente,3940,2026-07-14T06:59:35.593Z
sensor.lixee_zlinky_tic_puissance_apparente,3950,2026-07-14T06:59:45.630Z
sensor.lixee_zlinky_tic_puissance_apparente,5730,2026-07-14T06:59:54.659Z
sensor.lixee_zlinky_tic_puissance_apparente,5790,2026-07-14T07:00:04.690Z
sensor.lixee_zlinky_tic_puissance_apparente,4300,2026-07-14T07:00:14.726Z
sensor.lixee_zlinky_tic_puissance_apparente,3850,2026-07-14T07:00:24.762Z
sensor.lixee_zlinky_tic_puissance_apparente,3900,2026-07-14T07:00:34.791Z
sensor.lixee_zlinky_tic_puissance_apparente,3920,2026-07-14T07:00:53.852Z
sensor.lixee_zlinky_tic_puissance_apparente,4740,2026-07-14T07:01:13.918Z
sensor.lixee_zlinky_tic_puissance_apparente,4810,2026-07-14T07:01:22.947Z
sensor.lixee_zlinky_tic_puissance_apparente,4760,2026-07-14T07:01:32.974Z
sensor.lixee_zlinky_tic_puissance_apparente,4840,2026-07-14T07:01:42.999Z
sensor.lixee_zlinky_tic_puissance_apparente,6920,2026-07-14T07:01:53.043Z
sensor.lixee_zlinky_tic_puissance_apparente,6910,2026-07-14T07:02:03.079Z
sensor.lixee_zlinky_tic_puissance_apparente,5100,2026-07-14T07:02:12.108Z
sensor.lixee_zlinky_tic_puissance_apparente,5220,2026-07-14T07:02:32.174Z
sensor.lixee_zlinky_tic_puissance_apparente,5190,2026-07-14T07:02:42.203Z
sensor.lixee_zlinky_tic_puissance_apparente,5210,2026-07-14T07:02:51.232Z
sensor.lixee_zlinky_tic_puissance_apparente,5130,2026-07-14T07:03:01.256Z
sensor.lixee_zlinky_tic_puissance_apparente,5230,2026-07-14T07:03:11.295Z
sensor.lixee_zlinky_tic_puissance_apparente,5190,2026-07-14T07:03:21.319Z
sensor.lixee_zlinky_tic_puissance_apparente,5200,2026-07-14T07:03:31.355Z
sensor.lixee_zlinky_tic_puissance_apparente,7110,2026-07-14T07:03:40.395Z
sensor.lixee_zlinky_tic_puissance_apparente,7070,2026-07-14T07:03:50.421Z
sensor.lixee_zlinky_tic_puissance_apparente,7040,2026-07-14T07:04:00.456Z
sensor.lixee_zlinky_tic_puissance_apparente,5220,2026-07-14T07:04:10.483Z
sensor.lixee_zlinky_tic_puissance_apparente,5180,2026-07-14T07:04:19.515Z
sensor.lixee_zlinky_tic_puissance_apparente,5230,2026-07-14T07:04:29.549Z
sensor.lixee_zlinky_tic_puissance_apparente,5200,2026-07-14T07:04:39.578Z
sensor.lixee_zlinky_tic_puissance_apparente,5120,2026-07-14T07:04:49.607Z
sensor.lixee_zlinky_tic_puissance_apparente,5160,2026-07-14T07:04:59.645Z
sensor.lixee_zlinky_tic_puissance_apparente,5190,2026-07-14T07:05:28.739Z
sensor.lixee_zlinky_tic_puissance_apparente,7000,2026-07-14T07:05:38.774Z
sensor.lixee_zlinky_tic_puissance_apparente,7080,2026-07-14T07:05:48.808Z
sensor.lixee_zlinky_tic_puissance_apparente,6970,2026-07-14T07:05:57.831Z
sensor.lixee_zlinky_tic_puissance_apparente,5090,2026-07-14T07:06:07.869Z
sensor.lixee_zlinky_tic_puissance_apparente,5140,2026-07-14T07:06:17.892Z
sensor.lixee_zlinky_tic_puissance_apparente,5150,2026-07-14T07:06:27.925Z
sensor.lixee_zlinky_tic_puissance_apparente,5170,2026-07-14T07:06:36.944Z
sensor.lixee_zlinky_tic_puissance_apparente,5130,2026-07-14T07:06:46.960Z
sensor.lixee_zlinky_tic_puissance_apparente,5140,2026-07-14T07:06:56.998Z
sensor.lixee_zlinky_tic_puissance_apparente,5120,2026-07-14T07:07:07.033Z
sensor.lixee_zlinky_tic_puissance_apparente,5130,2026-07-14T07:07:17.063Z
sensor.lixee_zlinky_tic_puissance_apparente,5040,2026-07-14T07:07:26.096Z
sensor.lixee_zlinky_tic_puissance_apparente,5110,2026-07-14T07:07:36.119Z
sensor.lixee_zlinky_tic_puissance_apparente,5140,2026-07-14T07:07:56.191Z
sensor.lixee_zlinky_tic_puissance_apparente,5160,2026-07-14T07:08:05.214Z
sensor.lixee_zlinky_tic_puissance_apparente,5110,2026-07-14T07:08:15.244Z
sensor.lixee_zlinky_tic_puissance_apparente,7030,2026-07-14T07:08:25.285Z
sensor.lixee_zlinky_tic_puissance_apparente,6980,2026-07-14T07:08:35.317Z
sensor.lixee_zlinky_tic_puissance_apparente,5050,2026-07-14T07:08:45.352Z
sensor.lixee_zlinky_tic_puissance_apparente,5120,2026-07-14T07:08:54.382Z
sensor.lixee_zlinky_tic_puissance_apparente,5110,2026-07-14T07:09:04.404Z
sensor.lixee_zlinky_tic_puissance_apparente,5160,2026-07-14T07:09:14.443Z
sensor.lixee_zlinky_tic_puissance_apparente,5110,2026-07-14T07:09:24.472Z
sensor.lixee_zlinky_tic_puissance_apparente,5120,2026-07-14T07:09:33.512Z
sensor.lixee_zlinky_tic_puissance_apparente,5070,2026-07-14T07:09:43.538Z
sensor.lixee_zlinky_tic_puissance_apparente,5080,2026-07-14T07:09:53.574Z
sensor.lixee_zlinky_tic_puissance_apparente,5010,2026-07-14T07:10:03.601Z
sensor.lixee_zlinky_tic_puissance_apparente,5080,2026-07-14T07:10:13.634Z
sensor.lixee_zlinky_tic_puissance_apparente,7020,2026-07-14T07:10:22.669Z
sensor.lixee_zlinky_tic_puissance_apparente,6910,2026-07-14T07:10:32.695Z
sensor.lixee_zlinky_tic_puissance_apparente,6940,2026-07-14T07:10:42.723Z
sensor.lixee_zlinky_tic_puissance_apparente,5090,2026-07-14T07:10:52.753Z
sensor.lixee_zlinky_tic_puissance_apparente,5110,2026-07-14T07:11:02.783Z
sensor.lixee_zlinky_tic_puissance_apparente,5100,2026-07-14T07:11:11.819Z
sensor.lixee_zlinky_tic_puissance_apparente,5030,2026-07-14T07:11:21.862Z
sensor.lixee_zlinky_tic_puissance_apparente,5120,2026-07-14T07:11:31.875Z
sensor.lixee_zlinky_tic_puissance_apparente,5110,2026-07-14T07:11:41.908Z
sensor.lixee_zlinky_tic_puissance_apparente,5090,2026-07-14T07:11:50.935Z
sensor.lixee_zlinky_tic_puissance_apparente,5130,2026-07-14T07:12:00.973Z
sensor.lixee_zlinky_tic_puissance_apparente,7040,2026-07-14T07:12:11.010Z
sensor.lixee_zlinky_tic_puissance_apparente,7070,2026-07-14T07:12:21.038Z
sensor.lixee_zlinky_tic_puissance_apparente,7000,2026-07-14T07:12:31.074Z
sensor.lixee_zlinky_tic_puissance_apparente,5170,2026-07-14T07:12:40.107Z
sensor.lixee_zlinky_tic_puissance_apparente,5210,2026-07-14T07:12:50.129Z
sensor.lixee_zlinky_tic_puissance_apparente,5170,2026-07-14T07:13:10.199Z
sensor.lixee_zlinky_tic_puissance_apparente,5210,2026-07-14T07:13:19.225Z
sensor.lixee_zlinky_tic_puissance_apparente,5250,2026-07-14T07:13:29.260Z
sensor.lixee_zlinky_tic_puissance_apparente,5230,2026-07-14T07:13:39.300Z
sensor.lixee_zlinky_tic_puissance_apparente,5240,2026-07-14T07:13:49.332Z
sensor.lixee_zlinky_tic_puissance_apparente,5150,2026-07-14T07:13:59.359Z
sensor.lixee_zlinky_tic_puissance_apparente,5200,2026-07-14T07:14:08.389Z
sensor.lixee_zlinky_tic_puissance_apparente,5210,2026-07-14T07:14:18.410Z
sensor.lixee_zlinky_tic_puissance_apparente,5200,2026-07-14T07:14:38.475Z
sensor.lixee_zlinky_tic_puissance_apparente,5140,2026-07-14T07:14:47.495Z
sensor.lixee_zlinky_tic_puissance_apparente,5180,2026-07-14T07:14:55.537Z
sensor.lixee_zlinky_tic_puissance_apparente,5140,2026-07-14T07:15:05.575Z
sensor.lixee_zlinky_tic_puissance_apparente,7040,2026-07-14T07:15:14.609Z
sensor.lixee_zlinky_tic_puissance_apparente,6990,2026-07-14T07:15:24.636Z
sensor.lixee_zlinky_tic_puissance_apparente,5150,2026-07-14T07:15:34.666Z
sensor.lixee_zlinky_tic_puissance_apparente,5110,2026-07-14T07:15:44.696Z
sensor.lixee_zlinky_tic_puissance_apparente,5160,2026-07-14T07:15:54.720Z
sensor.lixee_zlinky_tic_puissance_apparente,5190,2026-07-14T07:16:03.747Z
sensor.lixee_zlinky_tic_puissance_apparente,5090,2026-07-14T07:16:13.784Z
sensor.lixee_zlinky_tic_puissance_apparente,5180,2026-07-14T07:16:23.824Z
sensor.lixee_zlinky_tic_puissance_apparente,5200,2026-07-14T07:16:43.883Z
sensor.lixee_zlinky_tic_puissance_apparente,5230,2026-07-14T07:16:52.907Z
sensor.lixee_zlinky_tic_puissance_apparente,5120,2026-07-14T07:17:02.944Z
sensor.lixee_zlinky_tic_puissance_apparente,7120,2026-07-14T07:17:12.983Z
sensor.lixee_zlinky_tic_puissance_apparente,7040,2026-07-14T07:17:23.013Z
sensor.lixee_zlinky_tic_puissance_apparente,5170,2026-07-14T07:17:32.052Z
sensor.lixee_zlinky_tic_puissance_apparente,5200,2026-07-14T07:17:42.067Z
sensor.lixee_zlinky_tic_puissance_apparente,5220,2026-07-14T07:18:02.132Z
sensor.lixee_zlinky_tic_puissance_apparente,5200,2026-07-14T07:18:12.155Z
sensor.lixee_zlinky_tic_puissance_apparente,5130,2026-07-14T07:18:21.187Z
sensor.lixee_zlinky_tic_puissance_apparente,5190,2026-07-14T07:18:31.209Z
sensor.lixee_zlinky_tic_puissance_apparente,5170,2026-07-14T07:18:41.249Z
sensor.lixee_zlinky_tic_puissance_apparente,5160,2026-07-14T07:19:00.307Z
sensor.lixee_zlinky_tic_puissance_apparente,5180,2026-07-14T07:19:10.345Z
sensor.lixee_zlinky_tic_puissance_apparente,5140,2026-07-14T07:19:20.383Z
sensor.lixee_zlinky_tic_puissance_apparente,6940,2026-07-14T07:19:40.448Z
sensor.lixee_zlinky_tic_puissance_apparente,7000,2026-07-14T07:19:49.480Z
sensor.lixee_zlinky_tic_puissance_apparente,6280,2026-07-14T07:19:59.499Z
sensor.lixee_zlinky_tic_puissance_apparente,5120,2026-07-14T07:20:09.540Z
sensor.lixee_zlinky_tic_puissance_apparente,5160,2026-07-14T07:20:19.574Z
sensor.lixee_zlinky_tic_puissance_apparente,5240,2026-07-14T07:20:38.624Z
sensor.lixee_zlinky_tic_puissance_apparente,5260,2026-07-14T07:20:48.660Z
sensor.lixee_zlinky_tic_puissance_apparente,5170,2026-07-14T07:20:58.696Z
sensor.lixee_zlinky_tic_puissance_apparente,5260,2026-07-14T07:21:08.715Z
sensor.lixee_zlinky_tic_puissance_apparente,5250,2026-07-14T07:21:17.746Z
sensor.lixee_zlinky_tic_puissance_apparente,7080,2026-07-14T07:21:27.771Z
sensor.lixee_zlinky_tic_puissance_apparente,7120,2026-07-14T07:21:37.804Z
sensor.lixee_zlinky_tic_puissance_apparente,5470,2026-07-14T07:21:47.841Z
sensor.lixee_zlinky_tic_puissance_apparente,5270,2026-07-14T07:21:57.867Z
sensor.lixee_zlinky_tic_puissance_apparente,5220,2026-07-14T07:22:06.898Z
sensor.lixee_zlinky_tic_puissance_apparente,5210,2026-07-14T07:22:16.940Z
sensor.lixee_zlinky_tic_puissance_apparente,5260,2026-07-14T07:22:26.972Z
sensor.lixee_zlinky_tic_puissance_apparente,5240,2026-07-14T07:22:46.025Z
sensor.lixee_zlinky_tic_puissance_apparente,5270,2026-07-14T07:22:56.062Z
sensor.lixee_zlinky_tic_puissance_apparente,7130,2026-07-14T07:23:06.090Z
sensor.lixee_zlinky_tic_puissance_apparente,5270,2026-07-14T07:23:26.134Z
sensor.lixee_zlinky_tic_puissance_apparente,5250,2026-07-14T07:23:35.151Z
sensor.lixee_zlinky_tic_puissance_apparente,5230,2026-07-14T07:23:45.183Z
sensor.lixee_zlinky_tic_puissance_apparente,5280,2026-07-14T07:23:55.230Z
sensor.lixee_zlinky_tic_puissance_apparente,5150,2026-07-14T07:24:05.265Z
sensor.lixee_zlinky_tic_puissance_apparente,5230,2026-07-14T07:24:14.280Z
sensor.lixee_zlinky_tic_puissance_apparente,7130,2026-07-14T07:24:24.316Z
sensor.lixee_zlinky_tic_puissance_apparente,7090,2026-07-14T07:24:34.345Z
sensor.lixee_zlinky_tic_puissance_apparente,5220,2026-07-14T07:24:54.411Z
sensor.lixee_zlinky_tic_puissance_apparente,5150,2026-07-14T07:25:23.484Z
sensor.lixee_zlinky_tic_puissance_apparente,5250,2026-07-14T07:25:33.516Z
sensor.lixee_zlinky_tic_puissance_apparente,5230,2026-07-14T07:25:43.552Z
sensor.lixee_zlinky_tic_puissance_apparente,5210,2026-07-14T07:25:52.568Z
sensor.lixee_zlinky_tic_puissance_apparente,7100,2026-07-14T07:26:02.603Z
sensor.lixee_zlinky_tic_puissance_apparente,7070,2026-07-14T07:26:12.648Z
sensor.lixee_zlinky_tic_puissance_apparente,5230,2026-07-14T07:26:31.725Z
sensor.lixee_zlinky_tic_puissance_apparente,5180,2026-07-14T07:26:41.693Z
sensor.lixee_zlinky_tic_puissance_apparente,5210,2026-07-14T07:26:51.773Z
sensor.lixee_zlinky_tic_puissance_apparente,5220,2026-07-14T07:27:01.809Z
sensor.lixee_zlinky_tic_puissance_apparente,5180,2026-07-14T07:27:11.840Z
sensor.lixee_zlinky_tic_puissance_apparente,5220,2026-07-14T07:27:20.866Z
sensor.lixee_zlinky_tic_puissance_apparente,5240,2026-07-14T07:27:30.901Z
sensor.lixee_zlinky_tic_puissance_apparente,7050,2026-07-14T07:27:40.940Z
sensor.lixee_zlinky_tic_puissance_apparente,7010,2026-07-14T07:27:50.965Z
sensor.lixee_zlinky_tic_puissance_apparente,6920,2026-07-14T07:27:59.996Z
sensor.lixee_zlinky_tic_puissance_apparente,5170,2026-07-14T07:28:10.024Z
sensor.lixee_zlinky_tic_puissance_apparente,5230,2026-07-14T07:28:20.062Z
sensor.lixee_zlinky_tic_puissance_apparente,5210,2026-07-14T07:28:30.088Z
sensor.lixee_zlinky_tic_puissance_apparente,5120,2026-07-14T07:28:40.127Z
sensor.lixee_zlinky_tic_puissance_apparente,5110,2026-07-14T07:28:59.181Z
sensor.lixee_zlinky_tic_puissance_apparente,5130,2026-07-14T07:29:09.222Z
sensor.lixee_zlinky_tic_puissance_apparente,7060,2026-07-14T07:29:19.251Z
sensor.lixee_zlinky_tic_puissance_apparente,7980,2026-07-14T07:29:28.293Z
sensor.lixee_zlinky_tic_puissance_apparente,7780,2026-07-14T07:29:38.308Z
sensor.lixee_zlinky_tic_puissance_apparente,7630,2026-07-14T07:29:48.346Z
sensor.lixee_zlinky_tic_puissance_apparente,6200,2026-07-14T07:29:58.379Z
sensor.lixee_zlinky_tic_puissance_apparente,5860,2026-07-14T07:30:17.445Z
sensor.lixee_zlinky_tic_puissance_apparente,5820,2026-07-14T07:30:27.473Z
sensor.lixee_zlinky_tic_puissance_apparente,5890,2026-07-14T07:30:37.509Z
sensor.lixee_zlinky_tic_puissance_apparente,7710,2026-07-14T07:30:47.537Z
sensor.lixee_zlinky_tic_puissance_apparente,7760,2026-07-14T07:30:57.572Z
sensor.lixee_zlinky_tic_puissance_apparente,7770,2026-07-14T07:31:06.600Z
sensor.lixee_zlinky_tic_puissance_apparente,5940,2026-07-14T07:31:16.651Z
sensor.lixee_zlinky_tic_puissance_apparente,6000,2026-07-14T07:31:26.689Z
sensor.lixee_zlinky_tic_puissance_apparente,5880,2026-07-14T07:31:36.720Z
sensor.lixee_zlinky_tic_puissance_apparente,6000,2026-07-14T07:31:45.753Z
sensor.lixee_zlinky_tic_puissance_apparente,5890,2026-07-14T07:31:55.779Z
sensor.lixee_zlinky_tic_puissance_apparente,5980,2026-07-14T07:32:05.799Z
sensor.lixee_zlinky_tic_puissance_apparente,7750,2026-07-14T07:32:15.841Z
sensor.lixee_zlinky_tic_puissance_apparente,7800,2026-07-14T07:32:25.872Z
sensor.lixee_zlinky_tic_puissance_apparente,7690,2026-07-14T07:32:34.894Z
sensor.lixee_zlinky_tic_puissance_apparente,7710,2026-07-14T07:32:44.933Z
sensor.lixee_zlinky_tic_puissance_apparente,5880,2026-07-14T07:32:54.979Z
sensor.lixee_zlinky_tic_puissance_apparente,5980,2026-07-14T07:33:05.000Z
sensor.lixee_zlinky_tic_puissance_apparente,5860,2026-07-14T07:33:14.029Z
sensor.lixee_zlinky_tic_puissance_apparente,5970,2026-07-14T07:33:24.060Z
sensor.lixee_zlinky_tic_puissance_apparente,5860,2026-07-14T07:33:34.097Z
sensor.lixee_zlinky_tic_puissance_apparente,5970,2026-07-14T07:33:44.129Z
sensor.lixee_zlinky_tic_puissance_apparente,7650,2026-07-14T07:33:54.165Z
sensor.lixee_zlinky_tic_puissance_apparente,7790,2026-07-14T07:34:03.188Z
sensor.lixee_zlinky_tic_puissance_apparente,7630,2026-07-14T07:34:13.217Z
sensor.lixee_zlinky_tic_puissance_apparente,5980,2026-07-14T07:34:23.260Z
sensor.lixee_zlinky_tic_puissance_apparente,5900,2026-07-14T07:34:33.297Z
sensor.lixee_zlinky_tic_puissance_apparente,5140,2026-07-14T07:34:42.328Z
sensor.lixee_zlinky_tic_puissance_apparente,5070,2026-07-14T07:34:52.358Z
sensor.lixee_zlinky_tic_puissance_apparente,5120,2026-07-14T07:35:02.394Z
sensor.lixee_zlinky_tic_puissance_apparente,5060,2026-07-14T07:35:12.424Z
sensor.lixee_zlinky_tic_puissance_apparente,5120,2026-07-14T07:35:22.451Z
sensor.lixee_zlinky_tic_puissance_apparente,5090,2026-07-14T07:35:31.355Z
sensor.lixee_zlinky_tic_puissance_apparente,5080,2026-07-14T07:35:41.505Z
sensor.lixee_zlinky_tic_puissance_apparente,6950,2026-07-14T07:35:51.551Z
sensor.lixee_zlinky_tic_puissance_apparente,6850,2026-07-14T07:36:01.583Z
sensor.lixee_zlinky_tic_puissance_apparente,5050,2026-07-14T07:36:10.622Z
sensor.lixee_zlinky_tic_puissance_apparente,4990,2026-07-14T07:36:20.645Z
sensor.lixee_zlinky_tic_puissance_apparente,5110,2026-07-14T07:36:30.686Z
sensor.lixee_zlinky_tic_puissance_apparente,5100,2026-07-14T07:36:40.721Z
sensor.lixee_zlinky_tic_puissance_apparente,5070,2026-07-14T07:36:50.750Z
sensor.lixee_zlinky_tic_puissance_apparente,5090,2026-07-14T07:36:59.775Z
sensor.lixee_zlinky_tic_puissance_apparente,5100,2026-07-14T07:37:19.838Z
sensor.lixee_zlinky_tic_puissance_apparente,5060,2026-07-14T07:37:29.867Z
sensor.lixee_zlinky_tic_puissance_apparente,5090,2026-07-14T07:37:48.927Z
sensor.lixee_zlinky_tic_puissance_apparente,5120,2026-07-14T07:37:58.972Z
sensor.lixee_zlinky_tic_puissance_apparente,5070,2026-07-14T07:38:09.005Z
sensor.lixee_zlinky_tic_puissance_apparente,5010,2026-07-14T07:38:19.032Z
sensor.lixee_zlinky_tic_puissance_apparente,5660,2026-07-14T07:38:28.062Z
sensor.lixee_zlinky_tic_puissance_apparente,4400,2026-07-14T07:38:38.101Z
sensor.lixee_zlinky_tic_puissance_apparente,4420,2026-07-14T07:38:48.131Z
sensor.lixee_zlinky_tic_puissance_apparente,700,2026-07-14T07:38:58.167Z
sensor.lixee_zlinky_tic_puissance_apparente,690,2026-07-14T07:39:08.204Z
sensor.lixee_zlinky_tic_puissance_apparente,710,2026-07-14T07:39:37.293Z
sensor.lixee_zlinky_tic_puissance_apparente,0,2026-07-14T07:39:47.333Z
sensor.lixee_zlinky_tic_puissance_apparente,710,2026-07-14T07:40:26.458Z
sensor.lixee_zlinky_tic_puissance_apparente,3080,2026-07-14T07:40:36.477Z
sensor.lixee_zlinky_tic_puissance_apparente,2900,2026-07-14T07:40:45.508Z
sensor.lixee_zlinky_tic_puissance_apparente,690,2026-07-14T07:40:55.530Z
sensor.lixee_zlinky_tic_puissance_apparente,2960,2026-07-14T07:41:05.560Z
sensor.lixee_zlinky_tic_puissance_apparente,2900,2026-07-14T07:41:15.600Z
sensor.lixee_zlinky_tic_puissance_apparente,4070,2026-07-14T07:41:24.657Z
sensor.lixee_zlinky_tic_puissance_apparente,4540,2026-07-14T07:41:34.663Z
sensor.lixee_zlinky_tic_puissance_apparente,4070,2026-07-14T07:43:03.111Z
sensor.lixee_zlinky_tic_puissance_apparente,3700,2026-07-14T07:43:12.137Z
sensor.lixee_zlinky_tic_puissance_apparente,4640,2026-07-14T07:43:22.161Z
sensor.lixee_zlinky_tic_puissance_apparente,4770,2026-07-14T07:43:32.200Z
sensor.lixee_zlinky_tic_puissance_apparente,6630,2026-07-14T07:43:42.235Z
sensor.lixee_zlinky_tic_puissance_apparente,6490,2026-07-14T07:43:52.268Z
sensor.lixee_zlinky_tic_puissance_apparente,4710,2026-07-14T07:44:01.293Z
sensor.lixee_zlinky_tic_puissance_apparente,4590,2026-07-14T07:44:11.321Z
sensor.lixee_zlinky_tic_puissance_apparente,4570,2026-07-14T07:44:20.952Z
sensor.lixee_zlinky_tic_puissance_apparente,4630,2026-07-14T07:44:31.389Z
sensor.lixee_zlinky_tic_puissance_apparente,4610,2026-07-14T07:44:40.420Z
sensor.lixee_zlinky_tic_puissance_apparente,4120,2026-07-14T07:44:50.451Z
sensor.lixee_zlinky_tic_puissance_apparente,4060,2026-07-14T07:45:00.474Z
sensor.lixee_zlinky_tic_puissance_apparente,4020,2026-07-14T07:45:10.517Z
sensor.lixee_zlinky_tic_puissance_apparente,2930,2026-07-14T07:45:20.543Z
sensor.lixee_zlinky_tic_puissance_apparente,3160,2026-07-14T07:45:29.576Z
sensor.lixee_zlinky_tic_puissance_apparente,3240,2026-07-14T07:45:39.600Z
sensor.lixee_zlinky_tic_puissance_apparente,5240,2026-07-14T07:45:49.643Z
sensor.lixee_zlinky_tic_puissance_apparente,4650,2026-07-14T07:45:59.671Z
sensor.lixee_zlinky_tic_puissance_apparente,2800,2026-07-14T07:46:08.714Z
sensor.lixee_zlinky_tic_puissance_apparente,2740,2026-07-14T07:46:18.728Z
sensor.lixee_zlinky_tic_puissance_apparente,2750,2026-07-14T07:46:28.764Z
sensor.lixee_zlinky_tic_puissance_apparente,3140,2026-07-14T07:46:38.797Z
sensor.lixee_zlinky_tic_puissance_apparente,2700,2026-07-14T07:46:48.825Z
sensor.lixee_zlinky_tic_puissance_apparente,2670,2026-07-14T07:46:57.849Z
sensor.lixee_zlinky_tic_puissance_apparente,2700,2026-07-14T07:47:07.883Z
sensor.lixee_zlinky_tic_puissance_apparente,2690,2026-07-14T07:47:17.920Z
sensor.lixee_zlinky_tic_puissance_apparente,2710,2026-07-14T07:47:27.866Z
sensor.lixee_zlinky_tic_puissance_apparente,2740,2026-07-14T07:47:37.984Z
sensor.lixee_zlinky_tic_puissance_apparente,2770,2026-07-14T07:47:47.009Z
sensor.lixee_zlinky_tic_puissance_apparente,2800,2026-07-14T07:47:57.047Z
sensor.lixee_zlinky_tic_puissance_apparente,2830,2026-07-14T07:48:07.083Z
sensor.lixee_zlinky_tic_puissance_apparente,710,2026-07-14T07:48:17.117Z
sensor.lixee_zlinky_tic_puissance_apparente,0,2026-07-14T07:48:26.148Z
sensor.lixee_zlinky_tic_puissance_apparente,4390,2026-07-14T07:49:06.284Z
sensor.lixee_zlinky_tic_puissance_apparente,4420,2026-07-14T07:49:15.311Z
sensor.lixee_zlinky_tic_puissance_apparente,700,2026-07-14T07:49:25.364Z
sensor.lixee_zlinky_tic_puissance_apparente,710,2026-07-14T07:49:35.387Z
sensor.lixee_zlinky_tic_puissance_apparente,2820,2026-07-14T07:49:45.423Z
sensor.lixee_zlinky_tic_puissance_apparente,0,2026-07-14T07:49:54.441Z
sensor.lixee_zlinky_tic_puissance_apparente,1280,2026-07-14T07:54:49.337Z
sensor.lixee_zlinky_tic_puissance_apparente,1350,2026-07-14T07:54:59.370Z
sensor.lixee_zlinky_tic_puissance_apparente,630,2026-07-14T07:55:08.409Z
sensor.lixee_zlinky_tic_puissance_apparente,2730,2026-07-14T07:55:18.421Z
sensor.lixee_zlinky_tic_puissance_apparente,1340,2026-07-14T07:55:28.467Z
sensor.lixee_zlinky_tic_puissance_apparente,2720,2026-07-14T07:55:48.539Z
sensor.lixee_zlinky_tic_puissance_apparente,2760,2026-07-14T07:55:57.564Z
sensor.lixee_zlinky_tic_puissance_apparente,620,2026-07-14T07:56:07.596Z
sensor.lixee_zlinky_tic_puissance_apparente,1380,2026-07-14T07:56:17.638Z
sensor.lixee_zlinky_tic_puissance_apparente,1390,2026-07-14T07:56:27.656Z
sensor.lixee_zlinky_tic_puissance_apparente,3920,2026-07-14T07:57:06.835Z
sensor.lixee_zlinky_tic_puissance_apparente,3930,2026-07-14T07:57:37.009Z
sensor.lixee_zlinky_tic_puissance_apparente,3910,2026-07-14T07:57:57.087Z
sensor.lixee_zlinky_tic_puissance_apparente,3820,2026-07-14T07:58:17.156Z
sensor.lixee_zlinky_tic_puissance_apparente,3730,2026-07-14T07:58:27.193Z
sensor.lixee_zlinky_tic_puissance_apparente,3690,2026-07-14T07:58:37.212Z
sensor.lixee_zlinky_tic_puissance_apparente,3610,2026-07-14T07:58:46.247Z
sensor.lixee_zlinky_tic_puissance_apparente,3390,2026-07-14T07:58:56.270Z
sensor.lixee_zlinky_tic_puissance_apparente,3310,2026-07-14T07:59:06.309Z
sensor.lixee_zlinky_tic_puissance_apparente,3320,2026-07-14T07:59:16.343Z
sensor.lixee_zlinky_tic_puissance_apparente,3230,2026-07-14T07:59:25.363Z
sensor.lixee_zlinky_tic_puissance_apparente,3140,2026-07-14T07:59:35.404Z
sensor.lixee_zlinky_tic_puissance_apparente,3130,2026-07-14T07:59:45.441Z
sensor.lixee_zlinky_tic_puissance_apparente,3110,2026-07-14T07:59:55.472Z
sensor.lixee_zlinky_tic_puissance_apparente,3080,2026-07-14T08:00:05.507Z
sensor.lixee_zlinky_tic_puissance_apparente,3210,2026-07-14T08:00:14.547Z
sensor.lixee_zlinky_tic_puissance_apparente,3260,2026-07-14T08:00:24.571Z
sensor.lixee_zlinky_tic_puissance_apparente,3290,2026-07-14T08:00:34.607Z
sensor.lixee_zlinky_tic_puissance_apparente,3280,2026-07-14T08:00:44.639Z
sensor.lixee_zlinky_tic_puissance_apparente,3340,2026-07-14T08:00:54.669Z
sensor.lixee_zlinky_tic_puissance_apparente,3360,2026-07-14T08:01:03.697Z
sensor.lixee_zlinky_tic_puissance_apparente,3350,2026-07-14T08:01:13.738Z
sensor.lixee_zlinky_tic_puissance_apparente,3340,2026-07-14T08:01:23.774Z
sensor.lixee_zlinky_tic_puissance_apparente,3320,2026-07-14T08:01:33.795Z
sensor.lixee_zlinky_tic_puissance_apparente,3330,2026-07-14T08:01:42.826Z
sensor.lixee_zlinky_tic_puissance_apparente,3320,2026-07-14T08:01:52.862Z
sensor.lixee_zlinky_tic_puissance_apparente,3230,2026-07-14T08:02:02.897Z
sensor.lixee_zlinky_tic_puissance_apparente,3270,2026-07-14T08:02:12.928Z
sensor.lixee_zlinky_tic_puissance_apparente,3230,2026-07-14T08:02:22.962Z
sensor.lixee_zlinky_tic_puissance_apparente,3120,2026-07-14T08:02:31.995Z
sensor.lixee_zlinky_tic_puissance_apparente,3230,2026-07-14T08:02:42.027Z
sensor.lixee_zlinky_tic_puissance_apparente,2860,2026-07-14T08:02:52.066Z
sensor.lixee_zlinky_tic_puissance_apparente,2850,2026-07-14T08:03:02.096Z
sensor.lixee_zlinky_tic_puissance_apparente,4730,2026-07-14T08:03:11.134Z
sensor.lixee_zlinky_tic_puissance_apparente,4550,2026-07-14T08:03:21.158Z
sensor.lixee_zlinky_tic_puissance_apparente,2840,2026-07-14T08:03:31.193Z
sensor.lixee_zlinky_tic_puissance_apparente,2860,2026-07-14T08:03:41.232Z
sensor.lixee_zlinky_tic_puissance_apparente,1260,2026-07-14T08:04:00.294Z
sensor.lixee_zlinky_tic_puissance_apparente,1250,2026-07-14T08:04:10.332Z
sensor.lixee_zlinky_tic_puissance_apparente,0,2026-07-14T08:04:20.362Z
sensor.lixee_zlinky_tic_puissance_apparente,5080,2026-07-14T08:06:21.990Z
sensor.lixee_zlinky_tic_puissance_apparente,5010,2026-07-14T08:06:31.003Z
sensor.lixee_zlinky_tic_puissance_apparente,4940,2026-07-14T08:06:41.026Z
sensor.lixee_zlinky_tic_puissance_apparente,4920,2026-07-14T08:06:51.057Z
sensor.lixee_zlinky_tic_puissance_apparente,4630,2026-07-14T08:07:01.093Z
sensor.lixee_zlinky_tic_puissance_apparente,4570,2026-07-14T08:07:11.128Z
sensor.lixee_zlinky_tic_puissance_apparente,4670,2026-07-14T08:07:20.151Z
sensor.lixee_zlinky_tic_puissance_apparente,4580,2026-07-14T08:07:40.220Z
sensor.lixee_zlinky_tic_puissance_apparente,4630,2026-07-14T08:07:50.255Z
sensor.lixee_zlinky_tic_puissance_apparente,3140,2026-07-14T08:08:00.292Z
sensor.lixee_zlinky_tic_puissance_apparente,3130,2026-07-14T08:08:09.311Z
sensor.lixee_zlinky_tic_puissance_apparente,3060,2026-07-14T08:08:19.350Z
sensor.lixee_zlinky_tic_puissance_apparente,3040,2026-07-14T08:08:29.378Z
sensor.lixee_zlinky_tic_puissance_apparente,3100,2026-07-14T08:08:39.416Z
sensor.lixee_zlinky_tic_puissance_apparente,3120,2026-07-14T08:08:48.450Z
sensor.lixee_zlinky_tic_puissance_apparente,3060,2026-07-14T08:08:58.479Z
sensor.lixee_zlinky_tic_puissance_apparente,3080,2026-07-14T08:09:08.517Z
sensor.lixee_zlinky_tic_puissance_apparente,3090,2026-07-14T08:09:18.547Z
sensor.lixee_zlinky_tic_puissance_apparente,5030,2026-07-14T08:09:37.610Z
sensor.lixee_zlinky_tic_puissance_apparente,4990,2026-07-14T08:09:47.629Z
sensor.lixee_zlinky_tic_puissance_apparente,3080,2026-07-14T08:09:57.656Z
sensor.lixee_zlinky_tic_puissance_apparente,3090,2026-07-14T08:10:07.693Z
sensor.lixee_zlinky_tic_puissance_apparente,3020,2026-07-14T08:10:16.723Z
sensor.lixee_zlinky_tic_puissance_apparente,3010,2026-07-14T08:10:36.799Z
sensor.lixee_zlinky_tic_puissance_apparente,3000,2026-07-14T08:10:46.824Z
sensor.lixee_zlinky_tic_puissance_apparente,3010,2026-07-14T08:10:56.208Z
sensor.lixee_zlinky_tic_puissance_apparente,3000,2026-07-14T08:11:15.921Z
sensor.lixee_zlinky_tic_puissance_apparente,3010,2026-07-14T08:11:25.956Z
sensor.lixee_zlinky_tic_puissance_apparente,2990,2026-07-14T08:11:35.988Z
sensor.lixee_zlinky_tic_puissance_apparente,2980,2026-07-14T08:11:45.017Z
sensor.lixee_zlinky_tic_puissance_apparente,3000,2026-07-14T08:12:05.080Z
sensor.lixee_zlinky_tic_puissance_apparente,3010,2026-07-14T08:12:15.116Z
sensor.lixee_zlinky_tic_puissance_apparente,3000,2026-07-14T08:12:25.139Z
sensor.lixee_zlinky_tic_puissance_apparente,2980,2026-07-14T08:12:34.167Z
sensor.lixee_zlinky_tic_puissance_apparente,2990,2026-07-14T08:12:44.197Z
sensor.lixee_zlinky_tic_puissance_apparente,2980,2026-07-14T08:12:54.227Z
sensor.lixee_zlinky_tic_puissance_apparente,2930,2026-07-14T08:13:04.262Z
sensor.lixee_zlinky_tic_puissance_apparente,2900,2026-07-14T08:13:14.289Z
sensor.lixee_zlinky_tic_puissance_apparente,2830,2026-07-14T08:13:23.309Z
sensor.lixee_zlinky_tic_puissance_apparente,2730,2026-07-14T08:13:33.339Z
sensor.lixee_zlinky_tic_puissance_apparente,2620,2026-07-14T08:13:43.382Z
sensor.lixee_zlinky_tic_puissance_apparente,3780,2026-07-14T08:13:53.414Z
sensor.lixee_zlinky_tic_puissance_apparente,3670,2026-07-14T08:14:12.477Z
sensor.lixee_zlinky_tic_puissance_apparente,3640,2026-07-14T08:14:22.507Z
sensor.lixee_zlinky_tic_puissance_apparente,3660,2026-07-14T08:14:42.563Z
sensor.lixee_zlinky_tic_puissance_apparente,3720,2026-07-14T08:14:51.596Z
sensor.lixee_zlinky_tic_puissance_apparente,5100,2026-07-14T08:15:01.624Z
sensor.lixee_zlinky_tic_puissance_apparente,5650,2026-07-14T08:15:11.671Z
sensor.lixee_zlinky_tic_puissance_apparente,5490,2026-07-14T08:15:21.700Z
sensor.lixee_zlinky_tic_puissance_apparente,3610,2026-07-14T08:15:30.732Z
sensor.lixee_zlinky_tic_puissance_apparente,3490,2026-07-14T08:15:40.752Z
sensor.lixee_zlinky_tic_puissance_apparente,3470,2026-07-14T08:15:50.792Z
sensor.lixee_zlinky_tic_puissance_apparente,3390,2026-07-14T08:16:00.822Z
sensor.lixee_zlinky_tic_puissance_apparente,3300,2026-07-14T08:16:10.855Z
sensor.lixee_zlinky_tic_puissance_apparente,3240,2026-07-14T08:16:19.877Z
sensor.lixee_zlinky_tic_puissance_apparente,3190,2026-07-14T08:16:29.901Z
sensor.lixee_zlinky_tic_puissance_apparente,3130,2026-07-14T08:16:39.942Z
sensor.lixee_zlinky_tic_puissance_apparente,3060,2026-07-14T08:16:49.976Z
sensor.lixee_zlinky_tic_puissance_apparente,3760,2026-07-14T08:16:59.021Z
sensor.lixee_zlinky_tic_puissance_apparente,5000,2026-07-14T08:17:09.048Z
sensor.lixee_zlinky_tic_puissance_apparente,4960,2026-07-14T08:17:19.074Z
sensor.lixee_zlinky_tic_puissance_apparente,3900,2026-07-14T08:17:29.109Z
sensor.lixee_zlinky_tic_puissance_apparente,4910,2026-07-14T08:17:39.143Z
sensor.lixee_zlinky_tic_puissance_apparente,3780,2026-07-14T08:17:48.173Z
sensor.lixee_zlinky_tic_puissance_apparente,3710,2026-07-14T08:17:58.200Z
sensor.lixee_zlinky_tic_puissance_apparente,3650,2026-07-14T08:18:08.243Z
sensor.lixee_zlinky_tic_puissance_apparente,4370,2026-07-14T08:18:18.274Z
sensor.lixee_zlinky_tic_puissance_apparente,4510,2026-07-14T08:18:28.302Z
sensor.lixee_zlinky_tic_puissance_apparente,4480,2026-07-14T08:18:37.332Z
sensor.lixee_zlinky_tic_puissance_apparente,3500,2026-07-14T08:18:47.366Z
sensor.lixee_zlinky_tic_puissance_apparente,2640,2026-07-14T08:18:57.402Z
sensor.lixee_zlinky_tic_puissance_apparente,2690,2026-07-14T08:19:07.443Z
sensor.lixee_zlinky_tic_puissance_apparente,2640,2026-07-14T08:19:16.460Z
sensor.lixee_zlinky_tic_puissance_apparente,2660,2026-07-14T08:19:26.499Z
sensor.lixee_zlinky_tic_puissance_apparente,2680,2026-07-14T08:19:36.533Z
sensor.lixee_zlinky_tic_puissance_apparente,680,2026-07-14T08:19:46.570Z
sensor.lixee_zlinky_tic_puissance_apparente,0,2026-07-14T08:20:15.664Z
sensor.lixee_zlinky_tic_puissance_apparente,4410,2026-07-14T08:20:54.799Z
sensor.lixee_zlinky_tic_puissance_apparente,4380,2026-07-14T08:21:04.835Z
sensor.lixee_zlinky_tic_puissance_apparente,0,2026-07-14T08:21:14.867Z
sensor.lixee_zlinky_tic_puissance_apparente,1890,2026-07-14T08:27:57.135Z
sensor.lixee_zlinky_tic_puissance_apparente,1390,2026-07-14T08:28:07.171Z
sensor.lixee_zlinky_tic_puissance_apparente,0,2026-07-14T08:28:16.199Z
sensor.lixee_zlinky_tic_puissance_apparente,1450,2026-07-14T09:23:33.730Z
sensor.lixee_zlinky_tic_puissance_apparente,1410,2026-07-14T09:23:42.743Z
sensor.lixee_zlinky_tic_puissance_apparente,1390,2026-07-14T09:23:52.777Z
sensor.lixee_zlinky_tic_puissance_apparente,1490,2026-07-14T09:24:02.815Z
sensor.lixee_zlinky_tic_puissance_apparente,1480,2026-07-14T09:24:12.843Z
sensor.lixee_zlinky_tic_puissance_apparente,1360,2026-07-14T09:24:21.870Z
sensor.lixee_zlinky_tic_puissance_apparente,1370,2026-07-14T09:24:31.899Z
sensor.lixee_zlinky_tic_puissance_apparente,1380,2026-07-14T09:24:41.928Z
sensor.lixee_zlinky_tic_puissance_apparente,1400,2026-07-14T09:24:51.967Z
sensor.lixee_zlinky_tic_puissance_apparente,1410,2026-07-14T09:25:21.047Z
sensor.lixee_zlinky_tic_puissance_apparente,0,2026-07-14T09:25:31.094Z
sensor.lixee_zlinky_tic_puissance_apparente,1300,2026-07-14T09:26:30.308Z
sensor.lixee_zlinky_tic_puissance_apparente,1240,2026-07-14T09:26:39.334Z
sensor.lixee_zlinky_tic_puissance_apparente,1310,2026-07-14T09:26:49.366Z
sensor.lixee_zlinky_tic_puissance_apparente,1250,2026-07-14T09:26:59.403Z
sensor.lixee_zlinky_tic_puissance_apparente,1310,2026-07-14T09:27:09.436Z
sensor.lixee_zlinky_tic_puissance_apparente,1240,2026-07-14T09:27:18.454Z
sensor.lixee_zlinky_tic_puissance_apparente,1310,2026-07-14T09:27:28.477Z
sensor.lixee_zlinky_tic_puissance_apparente,1240,2026-07-14T09:27:38.526Z
sensor.lixee_zlinky_tic_puissance_apparente,1310,2026-07-14T09:27:48.558Z
sensor.lixee_zlinky_tic_puissance_apparente,1230,2026-07-14T09:27:58.593Z
sensor.lixee_zlinky_tic_puissance_apparente,1320,2026-07-14T09:28:28.829Z
sensor.lixee_zlinky_tic_puissance_apparente,1240,2026-07-14T09:28:37.687Z
sensor.lixee_zlinky_tic_puissance_apparente,1350,2026-07-14T09:28:47.714Z
sensor.lixee_zlinky_tic_puissance_apparente,1230,2026-07-14T09:28:56.733Z
sensor.lixee_zlinky_tic_puissance_apparente,1320,2026-07-14T09:29:06.781Z
sensor.lixee_zlinky_tic_puissance_apparente,1260,2026-07-14T09:29:16.815Z
sensor.lixee_zlinky_tic_puissance_apparente,1330,2026-07-14T09:29:26.843Z
sensor.lixee_zlinky_tic_puissance_apparente,1260,2026-07-14T09:29:55.927Z
sensor.lixee_zlinky_tic_puissance_apparente,1350,2026-07-14T09:30:05.954Z
sensor.lixee_zlinky_tic_puissance_apparente,1190,2026-07-14T09:30:15.976Z
sensor.lixee_zlinky_tic_puissance_apparente,1250,2026-07-14T09:30:25.006Z
sensor.lixee_zlinky_tic_puissance_apparente,1280,2026-07-14T09:30:35.032Z
sensor.lixee_zlinky_tic_puissance_apparente,1340,2026-07-14T09:30:45.073Z
sensor.lixee_zlinky_tic_puissance_apparente,1290,2026-07-14T09:30:55.108Z
sensor.lixee_zlinky_tic_puissance_apparente,1370,2026-07-14T09:31:04.124Z
sensor.lixee_zlinky_tic_puissance_apparente,1300,2026-07-14T09:31:14.152Z
sensor.lixee_zlinky_tic_puissance_apparente,1370,2026-07-14T09:31:24.198Z
sensor.lixee_zlinky_tic_puissance_apparente,1340,2026-07-14T09:31:34.230Z
sensor.lixee_zlinky_tic_puissance_apparente,1400,2026-07-14T09:31:44.261Z
sensor.lixee_zlinky_tic_puissance_apparente,1350,2026-07-14T09:31:53.279Z
sensor.lixee_zlinky_tic_puissance_apparente,2590,2026-07-14T09:32:03.316Z
sensor.lixee_zlinky_tic_puissance_apparente,2170,2026-07-14T09:32:13.350Z
sensor.lixee_zlinky_tic_puissance_apparente,2130,2026-07-14T09:32:23.379Z
sensor.lixee_zlinky_tic_puissance_apparente,2210,2026-07-14T09:32:33.404Z
sensor.lixee_zlinky_tic_puissance_apparente,2150,2026-07-14T09:32:42.430Z
sensor.lixee_zlinky_tic_puissance_apparente,2250,2026-07-14T09:32:52.468Z
sensor.lixee_zlinky_tic_puissance_apparente,2270,2026-07-14T09:33:02.511Z
sensor.lixee_zlinky_tic_puissance_apparente,2350,2026-07-14T09:33:12.532Z
sensor.lixee_zlinky_tic_puissance_apparente,2220,2026-07-14T09:33:21.557Z
sensor.lixee_zlinky_tic_puissance_apparente,2280,2026-07-14T09:33:31.584Z
sensor.lixee_zlinky_tic_puissance_apparente,2190,2026-07-14T09:33:41.628Z
sensor.lixee_zlinky_tic_puissance_apparente,2250,2026-07-14T09:33:51.663Z
sensor.lixee_zlinky_tic_puissance_apparente,1290,2026-07-14T09:34:01.689Z
sensor.lixee_zlinky_tic_puissance_apparente,1230,2026-07-14T09:34:10.718Z
sensor.lixee_zlinky_tic_puissance_apparente,1290,2026-07-14T09:34:20.740Z
sensor.lixee_zlinky_tic_puissance_apparente,1260,2026-07-14T09:34:30.775Z
sensor.lixee_zlinky_tic_puissance_apparente,1280,2026-07-14T09:34:40.813Z
sensor.lixee_zlinky_tic_puissance_apparente,1300,2026-07-14T09:34:49.839Z
sensor.lixee_zlinky_tic_puissance_apparente,1280,2026-07-14T09:35:09.910Z
sensor.lixee_zlinky_tic_puissance_apparente,1310,2026-07-14T09:35:19.944Z
sensor.lixee_zlinky_tic_puissance_apparente,1340,2026-07-14T09:35:29.981Z
sensor.lixee_zlinky_tic_puissance_apparente,1270,2026-07-14T09:35:39.011Z
sensor.lixee_zlinky_tic_puissance_apparente,1370,2026-07-14T09:35:49.039Z
sensor.lixee_zlinky_tic_puissance_apparente,1230,2026-07-14T09:35:59.070Z
sensor.lixee_zlinky_tic_puissance_apparente,1270,2026-07-14T09:36:09.099Z
sensor.lixee_zlinky_tic_puissance_apparente,1180,2026-07-14T09:36:18.131Z
sensor.lixee_zlinky_tic_puissance_apparente,1220,2026-07-14T09:36:28.148Z
sensor.lixee_zlinky_tic_puissance_apparente,1140,2026-07-14T09:36:38.187Z
sensor.lixee_zlinky_tic_puissance_apparente,1240,2026-07-14T09:36:48.225Z
sensor.lixee_zlinky_tic_puissance_apparente,1130,2026-07-14T09:36:58.258Z
sensor.lixee_zlinky_tic_puissance_apparente,1230,2026-07-14T09:37:07.274Z
sensor.lixee_zlinky_tic_puissance_apparente,1140,2026-07-14T09:37:17.312Z
sensor.lixee_zlinky_tic_puissance_apparente,1230,2026-07-14T09:37:27.352Z
sensor.lixee_zlinky_tic_puissance_apparente,1150,2026-07-14T09:37:37.385Z
sensor.lixee_zlinky_tic_puissance_apparente,0,2026-07-14T09:37:47.418Z
sensor.lixee_zlinky_tic_puissance_apparente,1830,2026-07-14T09:41:13.060Z
sensor.lixee_zlinky_tic_puissance_apparente,1810,2026-07-14T09:41:23.110Z
sensor.lixee_zlinky_tic_puissance_apparente,0,2026-07-14T09:41:42.165Z
sensor.lixee_zlinky_tic_puissance_apparente,1790,2026-07-14T09:41:52.190Z
sensor.lixee_zlinky_tic_puissance_apparente,1780,2026-07-14T09:42:12.250Z
sensor.lixee_zlinky_tic_puissance_apparente,1810,2026-07-14T09:42:41.342Z
sensor.lixee_zlinky_tic_puissance_apparente,1800,2026-07-14T09:42:51.369Z
sensor.lixee_zlinky_tic_puissance_apparente,0,2026-07-14T09:43:01.400Z
sensor.lixee_zlinky_tic_puissance_apparente,1730,2026-07-14T09:50:31.789Z
sensor.lixee_zlinky_tic_puissance_apparente,1710,2026-07-14T09:50:41.821Z
sensor.lixee_zlinky_tic_puissance_apparente,1700,2026-07-14T09:51:01.888Z
sensor.lixee_zlinky_tic_puissance_apparente,1710,2026-07-14T09:51:11.913Z
sensor.lixee_zlinky_tic_puissance_apparente,1720,2026-07-14T09:51:30.966Z
sensor.lixee_zlinky_tic_puissance_apparente,1770,2026-07-14T09:51:41.000Z
sensor.lixee_zlinky_tic_puissance_apparente,1740,2026-07-14T09:51:51.030Z
sensor.lixee_zlinky_tic_puissance_apparente,1750,2026-07-14T09:52:01.061Z
sensor.lixee_zlinky_tic_puissance_apparente,0,2026-07-14T09:52:10.082Z
sensor.lixee_zlinky_tic_puissance_apparente,1790,2026-07-14T09:59:12.402Z
sensor.lixee_zlinky_tic_puissance_apparente,0,2026-07-14T09:59:22.435Z
sensor.lixee_zlinky_tic_puissance_apparente,620,2026-07-14T12:02:40.988Z
sensor.lixee_zlinky_tic_puissance_apparente,940,2026-07-14T12:02:51.084Z
sensor.lixee_zlinky_tic_puissance_apparente,980,2026-07-14T12:03:00.044Z
sensor.lixee_zlinky_tic_puissance_apparente,0,2026-07-14T12:03:10.098Z
sensor.lixee_zlinky_tic_puissance_apparente,1830,2026-07-14T12:12:58.864Z
sensor.lixee_zlinky_tic_puissance_apparente,1860,2026-07-14T12:13:08.896Z
sensor.lixee_zlinky_tic_puissance_apparente,0,2026-07-14T12:13:18.928Z
sensor.lixee_zlinky_tic_puissance_apparente,1210,2026-07-14T12:55:30.136Z
sensor.lixee_zlinky_tic_puissance_apparente,1160,2026-07-14T12:55:50.152Z
sensor.lixee_zlinky_tic_puissance_apparente,1170,2026-07-14T12:56:09.262Z
sensor.lixee_zlinky_tic_puissance_apparente,0,2026-07-14T12:56:39.368Z
sensor.lixee_zlinky_tic_puissance_apparente,1060,2026-07-14T13:04:19.854Z
sensor.lixee_zlinky_tic_puissance_apparente,1040,2026-07-14T13:04:39.855Z
sensor.lixee_zlinky_tic_puissance_apparente,1050,2026-07-14T13:04:49.945Z
sensor.lixee_zlinky_tic_puissance_apparente,1040,2026-07-14T13:05:08.999Z
sensor.lixee_zlinky_tic_puissance_apparente,0,2026-07-14T13:05:19.035Z
sensor.lixee_zlinky_tic_puissance_apparente,1100,2026-07-14T15:00:07.863Z
sensor.lixee_zlinky_tic_puissance_apparente,0,2026-07-14T15:00:16.891Z
sensor.lixee_zlinky_tic_puissance_apparente,1110,2026-07-14T15:00:46.981Z
sensor.lixee_zlinky_tic_puissance_apparente,0,2026-07-14T15:00:57.016Z
sensor.lixee_zlinky_tic_puissance_apparente,1100,2026-07-14T15:02:15.441Z
sensor.lixee_zlinky_tic_puissance_apparente,1090,2026-07-14T15:02:25.293Z
sensor.lixee_zlinky_tic_puissance_apparente,0,2026-07-14T15:02:34.332Z
sensor.lixee_zlinky_tic_puissance_apparente,4840,2026-07-14T15:05:11.835Z
sensor.lixee_zlinky_tic_puissance_apparente,0,2026-07-14T15:05:30.892Z
sensor.lixee_zlinky_tic_puissance_apparente,1040,2026-07-14T15:05:50.944Z
sensor.lixee_zlinky_tic_puissance_apparente,1090,2026-07-14T15:06:00.980Z
sensor.lixee_zlinky_tic_puissance_apparente,1060,2026-07-14T15:06:11.014Z
sensor.lixee_zlinky_tic_puissance_apparente,1050,2026-07-14T15:06:30.076Z
sensor.lixee_zlinky_tic_puissance_apparente,1040,2026-07-14T15:06:40.113Z
sensor.lixee_zlinky_tic_puissance_apparente,1030,2026-07-14T15:06:59.173Z
sensor.lixee_zlinky_tic_puissance_apparente,1020,2026-07-14T15:07:09.199Z
sensor.lixee_zlinky_tic_puissance_apparente,1010,2026-07-14T15:07:19.239Z
sensor.lixee_zlinky_tic_puissance_apparente,1030,2026-07-14T15:07:29.273Z
sensor.lixee_zlinky_tic_puissance_apparente,1010,2026-07-14T15:07:39.305Z
sensor.lixee_zlinky_tic_puissance_apparente,1020,2026-07-14T15:07:48.332Z
sensor.lixee_zlinky_tic_puissance_apparente,1050,2026-07-14T15:07:58.368Z
sensor.lixee_zlinky_tic_puissance_apparente,1060,2026-07-14T15:08:08.411Z
sensor.lixee_zlinky_tic_puissance_apparente,1050,2026-07-14T15:08:27.464Z
sensor.lixee_zlinky_tic_puissance_apparente,1180,2026-07-14T15:08:47.525Z
sensor.lixee_zlinky_tic_puissance_apparente,1190,2026-07-14T15:08:57.561Z
sensor.lixee_zlinky_tic_puissance_apparente,1200,2026-07-14T15:09:07.599Z
sensor.lixee_zlinky_tic_puissance_apparente,1150,2026-07-14T15:09:16.620Z
sensor.lixee_zlinky_tic_puissance_apparente,1170,2026-07-14T15:09:26.651Z
sensor.lixee_zlinky_tic_puissance_apparente,1150,2026-07-14T15:09:55.743Z
sensor.lixee_zlinky_tic_puissance_apparente,1140,2026-07-14T15:10:15.811Z
sensor.lixee_zlinky_tic_puissance_apparente,1130,2026-07-14T15:10:25.834Z
sensor.lixee_zlinky_tic_puissance_apparente,1140,2026-07-14T15:10:35.876Z
sensor.lixee_zlinky_tic_puissance_apparente,1130,2026-07-14T15:10:54.925Z
sensor.lixee_zlinky_tic_puissance_apparente,1160,2026-07-14T15:11:04.962Z
sensor.lixee_zlinky_tic_puissance_apparente,1150,2026-07-14T15:11:14.868Z
sensor.lixee_zlinky_tic_puissance_apparente,1170,2026-07-14T15:11:34.057Z
sensor.lixee_zlinky_tic_puissance_apparente,1160,2026-07-14T15:11:44.093Z
sensor.lixee_zlinky_tic_puissance_apparente,1140,2026-07-14T15:12:04.160Z
sensor.lixee_zlinky_tic_puissance_apparente,1130,2026-07-14T15:12:22.723Z
sensor.lixee_zlinky_tic_puissance_apparente,1980,2026-07-14T15:12:33.256Z
sensor.lixee_zlinky_tic_puissance_apparente,1390,2026-07-14T15:12:43.290Z
sensor.lixee_zlinky_tic_puissance_apparente,1380,2026-07-14T15:13:02.352Z
sensor.lixee_zlinky_tic_puissance_apparente,1370,2026-07-14T15:13:12.382Z
sensor.lixee_zlinky_tic_puissance_apparente,1380,2026-07-14T15:13:32.444Z
sensor.lixee_zlinky_tic_puissance_apparente,1390,2026-07-14T15:14:30.622Z
sensor.lixee_zlinky_tic_puissance_apparente,1380,2026-07-14T15:14:40.652Z
sensor.lixee_zlinky_tic_puissance_apparente,1390,2026-07-14T15:14:57.720Z
sensor.lixee_zlinky_tic_puissance_apparente,0,2026-07-14T15:15:27.824Z
sensor.lixee_zlinky_tic_puissance_apparente,1120,2026-07-14T15:21:00.861Z
sensor.lixee_zlinky_tic_puissance_apparente,1080,2026-07-14T15:21:10.894Z
sensor.lixee_zlinky_tic_puissance_apparente,1070,2026-07-14T15:21:20.937Z
sensor.lixee_zlinky_tic_puissance_apparente,1370,2026-07-14T15:21:30.962Z
sensor.lixee_zlinky_tic_puissance_apparente,1380,2026-07-14T15:21:39.986Z
sensor.lixee_zlinky_tic_puissance_apparente,1060,2026-07-14T15:22:00.051Z
sensor.lixee_zlinky_tic_puissance_apparente,1040,2026-07-14T15:22:29.160Z
sensor.lixee_zlinky_tic_puissance_apparente,1030,2026-07-14T15:22:49.225Z
sensor.lixee_zlinky_tic_puissance_apparente,1010,2026-07-14T15:22:59.261Z
sensor.lixee_zlinky_tic_puissance_apparente,1020,2026-07-14T15:23:08.290Z
sensor.lixee_zlinky_tic_puissance_apparente,1000,2026-07-14T15:23:28.347Z
sensor.lixee_zlinky_tic_puissance_apparente,980,2026-07-14T15:23:38.387Z
sensor.lixee_zlinky_tic_puissance_apparente,960,2026-07-14T15:23:48.421Z
sensor.lixee_zlinky_tic_puissance_apparente,920,2026-07-14T15:23:57.449Z
sensor.lixee_zlinky_tic_puissance_apparente,910,2026-07-14T15:24:07.480Z
sensor.lixee_zlinky_tic_puissance_apparente,890,2026-07-14T15:24:17.515Z
sensor.lixee_zlinky_tic_puissance_apparente,900,2026-07-14T15:24:46.610Z
sensor.lixee_zlinky_tic_puissance_apparente,880,2026-07-14T15:25:06.672Z
sensor.lixee_zlinky_tic_puissance_apparente,870,2026-07-14T15:25:25.728Z
sensor.lixee_zlinky_tic_puissance_apparente,840,2026-07-14T15:25:35.759Z
sensor.lixee_zlinky_tic_puissance_apparente,850,2026-07-14T15:25:45.801Z
sensor.lixee_zlinky_tic_puissance_apparente,880,2026-07-14T15:25:55.818Z
sensor.lixee_zlinky_tic_puissance_apparente,940,2026-07-14T15:26:05.856Z
sensor.lixee_zlinky_tic_puissance_apparente,950,2026-07-14T15:26:14.879Z
sensor.lixee_zlinky_tic_puissance_apparente,940,2026-07-14T15:26:24.921Z
sensor.lixee_zlinky_tic_puissance_apparente,950,2026-07-14T15:26:34.958Z
sensor.lixee_zlinky_tic_puissance_apparente,940,2026-07-14T15:27:04.037Z
sensor.lixee_zlinky_tic_puissance_apparente,930,2026-07-14T15:27:14.076Z
sensor.lixee_zlinky_tic_puissance_apparente,970,2026-07-14T15:27:24.111Z
sensor.lixee_zlinky_tic_puissance_apparente,960,2026-07-14T15:27:34.144Z
sensor.lixee_zlinky_tic_puissance_apparente,930,2026-07-14T15:27:43.175Z
sensor.lixee_zlinky_tic_puissance_apparente,940,2026-07-14T15:28:03.240Z
sensor.lixee_zlinky_tic_puissance_apparente,950,2026-07-14T15:28:13.276Z
sensor.lixee_zlinky_tic_puissance_apparente,960,2026-07-14T15:28:32.336Z
sensor.lixee_zlinky_tic_puissance_apparente,970,2026-07-14T15:28:42.378Z
sensor.lixee_zlinky_tic_puissance_apparente,960,2026-07-14T15:28:52.406Z
sensor.lixee_zlinky_tic_puissance_apparente,970,2026-07-14T15:29:11.467Z
sensor.lixee_zlinky_tic_puissance_apparente,940,2026-07-14T15:29:31.545Z
sensor.lixee_zlinky_tic_puissance_apparente,920,2026-07-14T15:29:50.603Z
sensor.lixee_zlinky_tic_puissance_apparente,950,2026-07-14T15:30:00.633Z
sensor.lixee_zlinky_tic_puissance_apparente,970,2026-07-14T15:30:10.674Z
sensor.lixee_zlinky_tic_puissance_apparente,990,2026-07-14T15:30:20.711Z
sensor.lixee_zlinky_tic_puissance_apparente,980,2026-07-14T15:30:59.828Z
sensor.lixee_zlinky_tic_puissance_apparente,970,2026-07-14T15:31:09.864Z
sensor.lixee_zlinky_tic_puissance_apparente,960,2026-07-14T15:31:18.889Z
sensor.lixee_zlinky_tic_puissance_apparente,940,2026-07-14T15:31:28.916Z
sensor.lixee_zlinky_tic_puissance_apparente,5340,2026-07-14T15:31:38.958Z
sensor.lixee_zlinky_tic_puissance_apparente,5330,2026-07-14T15:31:48.996Z
sensor.lixee_zlinky_tic_puissance_apparente,960,2026-07-14T15:31:59.024Z
sensor.lixee_zlinky_tic_puissance_apparente,940,2026-07-14T15:32:08.049Z
sensor.lixee_zlinky_tic_puissance_apparente,930,2026-07-14T15:32:28.125Z
sensor.lixee_zlinky_tic_puissance_apparente,940,2026-07-14T15:32:48.188Z
sensor.lixee_zlinky_tic_puissance_apparente,930,2026-07-14T15:33:07.250Z
sensor.lixee_zlinky_tic_puissance_apparente,940,2026-07-14T15:33:27.327Z
sensor.lixee_zlinky_tic_puissance_apparente,930,2026-07-14T15:33:36.354Z
sensor.lixee_zlinky_tic_puissance_apparente,970,2026-07-14T15:33:46.385Z
sensor.lixee_zlinky_tic_puissance_apparente,960,2026-07-14T15:33:56.425Z
sensor.lixee_zlinky_tic_puissance_apparente,980,2026-07-14T15:34:06.465Z
sensor.lixee_zlinky_tic_puissance_apparente,970,2026-07-14T15:34:16.487Z
sensor.lixee_zlinky_tic_puissance_apparente,940,2026-07-14T15:34:25.522Z
sensor.lixee_zlinky_tic_puissance_apparente,920,2026-07-14T15:34:35.558Z
sensor.lixee_zlinky_tic_puissance_apparente,910,2026-07-14T15:34:55.612Z
sensor.lixee_zlinky_tic_puissance_apparente,890,2026-07-14T15:35:04.645Z
sensor.lixee_zlinky_tic_puissance_apparente,880,2026-07-14T15:35:24.721Z
sensor.lixee_zlinky_tic_puissance_apparente,70,2026-07-14T15:35:34.749Z
sensor.lixee_zlinky_tic_puissance_apparente,80,2026-07-14T15:35:44.776Z
sensor.lixee_zlinky_tic_puissance_apparente,70,2026-07-14T15:35:53.804Z
sensor.lixee_zlinky_tic_puissance_apparente,890,2026-07-14T15:36:03.840Z
sensor.lixee_zlinky_tic_puissance_apparente,40,2026-07-14T15:36:13.881Z
sensor.lixee_zlinky_tic_puissance_apparente,30,2026-07-14T15:36:23.912Z
sensor.lixee_zlinky_tic_puissance_apparente,890,2026-07-14T15:36:42.967Z
sensor.lixee_zlinky_tic_puissance_apparente,0,2026-07-14T15:36:53.005Z
sensor.lixee_zlinky_tic_puissance_apparente,870,2026-07-14T15:39:49.595Z
sensor.lixee_zlinky_tic_puissance_apparente,730,2026-07-14T15:39:59.623Z
sensor.lixee_zlinky_tic_puissance_apparente,750,2026-07-14T15:40:09.658Z
sensor.lixee_zlinky_tic_puissance_apparente,760,2026-07-14T15:40:18.682Z
sensor.lixee_zlinky_tic_puissance_apparente,750,2026-07-14T15:40:38.748Z
sensor.lixee_zlinky_tic_puissance_apparente,760,2026-07-14T15:40:48.791Z
sensor.lixee_zlinky_tic_puissance_apparente,750,2026-07-14T15:40:58.818Z
sensor.lixee_zlinky_tic_puissance_apparente,740,2026-07-14T15:41:17.876Z
sensor.lixee_zlinky_tic_puissance_apparente,730,2026-07-14T15:41:27.916Z
sensor.lixee_zlinky_tic_puissance_apparente,5150,2026-07-14T15:41:37.946Z
sensor.lixee_zlinky_tic_puissance_apparente,5140,2026-07-14T15:41:46.962Z
sensor.lixee_zlinky_tic_puissance_apparente,720,2026-07-14T15:41:56.987Z
sensor.lixee_zlinky_tic_puissance_apparente,710,2026-07-14T15:42:27.085Z
sensor.lixee_zlinky_tic_puissance_apparente,700,2026-07-14T15:42:36.113Z
sensor.lixee_zlinky_tic_puissance_apparente,690,2026-07-14T15:42:46.141Z
sensor.lixee_zlinky_tic_puissance_apparente,680,2026-07-14T15:42:56.181Z
sensor.lixee_zlinky_tic_puissance_apparente,650,2026-07-14T15:43:06.220Z
sensor.lixee_zlinky_tic_puissance_apparente,640,2026-07-14T15:43:55.363Z
sensor.lixee_zlinky_tic_puissance_apparente,660,2026-07-14T15:44:14.410Z
sensor.lixee_zlinky_tic_puissance_apparente,650,2026-07-14T15:44:24.446Z
sensor.lixee_zlinky_tic_puissance_apparente,670,2026-07-14T15:44:34.489Z
sensor.lixee_zlinky_tic_puissance_apparente,5550,2026-07-14T15:44:43.519Z
sensor.lixee_zlinky_tic_puissance_apparente,5130,2026-07-14T15:44:53.540Z
sensor.lixee_zlinky_tic_puissance_apparente,660,2026-07-14T15:45:03.587Z
sensor.lixee_zlinky_tic_puissance_apparente,640,2026-07-14T15:45:23.659Z
sensor.lixee_zlinky_tic_puissance_apparente,650,2026-07-14T15:45:32.676Z
sensor.lixee_zlinky_tic_puissance_apparente,610,2026-07-14T15:46:05.452Z
sensor.lixee_zlinky_tic_puissance_apparente,0,2026-07-14T15:46:12.786Z
sensor.lixee_zlinky_tic_puissance_apparente,580,2026-07-14T15:49:28.411Z
sensor.lixee_zlinky_tic_puissance_apparente,570,2026-07-14T15:49:48.479Z
sensor.lixee_zlinky_tic_puissance_apparente,550,2026-07-14T15:49:58.512Z
sensor.lixee_zlinky_tic_puissance_apparente,540,2026-07-14T15:50:07.534Z
sensor.lixee_zlinky_tic_puissance_apparente,530,2026-07-14T15:50:17.575Z
sensor.lixee_zlinky_tic_puissance_apparente,520,2026-07-14T15:50:37.636Z
sensor.lixee_zlinky_tic_puissance_apparente,540,2026-07-14T15:50:50.456Z
sensor.lixee_zlinky_tic_puissance_apparente,1480,2026-07-14T15:51:06.714Z
sensor.lixee_zlinky_tic_puissance_apparente,540,2026-07-14T15:51:16.748Z
sensor.lixee_zlinky_tic_puissance_apparente,530,2026-07-14T15:51:45.840Z
sensor.lixee_zlinky_tic_puissance_apparente,540,2026-07-14T15:51:55.898Z
sensor.lixee_zlinky_tic_puissance_apparente,600,2026-07-14T15:52:05.940Z
sensor.lixee_zlinky_tic_puissance_apparente,590,2026-07-14T15:52:14.941Z
sensor.lixee_zlinky_tic_puissance_apparente,600,2026-07-14T15:52:24.957Z
sensor.lixee_zlinky_tic_puissance_apparente,590,2026-07-14T15:52:34.996Z
sensor.lixee_zlinky_tic_puissance_apparente,600,2026-07-14T15:52:55.110Z
sensor.lixee_zlinky_tic_puissance_apparente,610,2026-07-14T15:53:04.088Z
sensor.lixee_zlinky_tic_puissance_apparente,620,2026-07-14T15:53:34.190Z
sensor.lixee_zlinky_tic_puissance_apparente,1370,2026-07-14T15:53:43.208Z
sensor.lixee_zlinky_tic_puissance_apparente,1390,2026-07-14T15:54:03.284Z
sensor.lixee_zlinky_tic_puissance_apparente,1410,2026-07-14T15:54:13.314Z
sensor.lixee_zlinky_tic_puissance_apparente,1380,2026-07-14T15:54:32.370Z
sensor.lixee_zlinky_tic_puissance_apparente,1400,2026-07-14T15:54:42.399Z
sensor.lixee_zlinky_tic_puissance_apparente,1390,2026-07-14T15:54:52.443Z
sensor.lixee_zlinky_tic_puissance_apparente,1370,2026-07-14T15:55:12.502Z
sensor.lixee_zlinky_tic_puissance_apparente,1380,2026-07-14T15:55:21.525Z
sensor.lixee_zlinky_tic_puissance_apparente,1390,2026-07-14T15:55:41.285Z
sensor.lixee_zlinky_tic_puissance_apparente,1380,2026-07-14T15:55:51.643Z
sensor.lixee_zlinky_tic_puissance_apparente,1360,2026-07-14T15:56:10.694Z
sensor.lixee_zlinky_tic_puissance_apparente,1380,2026-07-14T15:56:50.130Z
sensor.lixee_zlinky_tic_puissance_apparente,1370,2026-07-14T15:56:59.808Z
sensor.lixee_zlinky_tic_puissance_apparente,1380,2026-07-14T15:57:28.943Z
sensor.lixee_zlinky_tic_puissance_apparente,1390,2026-07-14T15:57:59.053Z
sensor.lixee_zlinky_tic_puissance_apparente,1370,2026-07-14T15:58:09.080Z
sensor.lixee_zlinky_tic_puissance_apparente,1380,2026-07-14T15:58:28.139Z
sensor.lixee_zlinky_tic_puissance_apparente,1370,2026-07-14T15:58:48.217Z
sensor.lixee_zlinky_tic_puissance_apparente,1380,2026-07-14T15:58:57.238Z
sensor.lixee_zlinky_tic_puissance_apparente,1370,2026-07-14T15:59:07.284Z
sensor.lixee_zlinky_tic_puissance_apparente,1380,2026-07-14T15:59:36.512Z
sensor.lixee_zlinky_tic_puissance_apparente,1370,2026-07-14T15:59:46.418Z
sensor.lixee_zlinky_tic_puissance_apparente,1380,2026-07-14T15:59:56.443Z
sensor.lixee_zlinky_tic_puissance_apparente,1350,2026-07-14T16:00:06.488Z
sensor.lixee_zlinky_tic_puissance_apparente,1370,2026-07-14T16:00:16.517Z
sensor.lixee_zlinky_tic_puissance_apparente,1380,2026-07-14T16:00:25.540Z
sensor.lixee_zlinky_tic_puissance_apparente,1390,2026-07-14T16:00:35.581Z
sensor.lixee_zlinky_tic_puissance_apparente,570,2026-07-14T16:00:55.649Z
sensor.lixee_zlinky_tic_puissance_apparente,560,2026-07-14T16:01:05.677Z
sensor.lixee_zlinky_tic_puissance_apparente,550,2026-07-14T16:01:14.691Z
sensor.lixee_zlinky_tic_puissance_apparente,560,2026-07-14T16:01:24.729Z
sensor.lixee_zlinky_tic_puissance_apparente,420,2026-07-14T16:01:44.804Z
sensor.lixee_zlinky_tic_puissance_apparente,440,2026-07-14T16:01:54.826Z
sensor.lixee_zlinky_tic_puissance_apparente,450,2026-07-14T16:02:13.893Z
sensor.lixee_zlinky_tic_puissance_apparente,440,2026-07-14T16:02:33.958Z
sensor.lixee_zlinky_tic_puissance_apparente,430,2026-07-14T16:02:53.011Z
sensor.lixee_zlinky_tic_puissance_apparente,420,2026-07-14T16:03:03.055Z
sensor.lixee_zlinky_tic_puissance_apparente,380,2026-07-14T16:03:13.084Z
sensor.lixee_zlinky_tic_puissance_apparente,360,2026-07-14T16:03:23.117Z
sensor.lixee_zlinky_tic_puissance_apparente,430,2026-07-14T16:03:32.145Z
sensor.lixee_zlinky_tic_puissance_apparente,420,2026-07-14T16:03:42.168Z
sensor.lixee_zlinky_tic_puissance_apparente,400,2026-07-14T16:03:52.205Z
sensor.lixee_zlinky_tic_puissance_apparente,380,2026-07-14T16:04:02.230Z
sensor.lixee_zlinky_tic_puissance_apparente,390,2026-07-14T16:04:21.291Z
sensor.lixee_zlinky_tic_puissance_apparente,380,2026-07-14T16:04:31.324Z
sensor.lixee_zlinky_tic_puissance_apparente,390,2026-07-14T16:04:41.364Z
sensor.lixee_zlinky_tic_puissance_apparente,380,2026-07-14T16:05:20.493Z
sensor.lixee_zlinky_tic_puissance_apparente,390,2026-07-14T16:05:30.519Z
sensor.lixee_zlinky_tic_puissance_apparente,380,2026-07-14T16:06:09.657Z
sensor.lixee_zlinky_tic_puissance_apparente,4990,2026-07-14T16:06:28.719Z
sensor.lixee_zlinky_tic_puissance_apparente,4960,2026-07-14T16:06:38.741Z
sensor.lixee_zlinky_tic_puissance_apparente,3530,2026-07-14T16:06:48.795Z
sensor.lixee_zlinky_tic_puissance_apparente,360,2026-07-14T16:06:58.828Z
sensor.lixee_zlinky_tic_puissance_apparente,370,2026-07-14T16:07:07.850Z
sensor.lixee_zlinky_tic_puissance_apparente,380,2026-07-14T16:07:27.911Z
sensor.lixee_zlinky_tic_puissance_apparente,360,2026-07-14T16:07:37.941Z
sensor.lixee_zlinky_tic_puissance_apparente,380,2026-07-14T16:07:47.978Z
sensor.lixee_zlinky_tic_puissance_apparente,370,2026-07-14T16:07:56.995Z
sensor.lixee_zlinky_tic_puissance_apparente,360,2026-07-14T16:08:07.026Z
sensor.lixee_zlinky_tic_puissance_apparente,1560,2026-07-14T16:08:27.115Z
sensor.lixee_zlinky_tic_puissance_apparente,440,2026-07-14T16:08:37.146Z
sensor.lixee_zlinky_tic_puissance_apparente,1020,2026-07-14T16:09:06.228Z
sensor.lixee_zlinky_tic_puissance_apparente,1000,2026-07-14T16:09:45.343Z
sensor.lixee_zlinky_tic_puissance_apparente,980,2026-07-14T16:10:24.469Z
sensor.lixee_zlinky_tic_puissance_apparente,4380,2026-07-14T16:10:34.514Z
sensor.lixee_zlinky_tic_puissance_apparente,4370,2026-07-14T16:10:44.543Z
sensor.lixee_zlinky_tic_puissance_apparente,4360,2026-07-14T16:10:53.562Z
sensor.lixee_zlinky_tic_puissance_apparente,990,2026-07-14T16:11:03.607Z
sensor.lixee_zlinky_tic_puissance_apparente,980,2026-07-14T16:11:13.640Z
sensor.lixee_zlinky_tic_puissance_apparente,990,2026-07-14T16:11:42.731Z
sensor.lixee_zlinky_tic_puissance_apparente,1000,2026-07-14T16:11:52.760Z
sensor.lixee_zlinky_tic_puissance_apparente,1210,2026-07-14T16:12:02.789Z
sensor.lixee_zlinky_tic_puissance_apparente,5130,2026-07-14T16:12:12.094Z
sensor.lixee_zlinky_tic_puissance_apparente,5030,2026-07-14T16:12:22.839Z
sensor.lixee_zlinky_tic_puissance_apparente,3360,2026-07-14T16:12:31.948Z
sensor.lixee_zlinky_tic_puissance_apparente,1400,2026-07-14T16:13:01.958Z
sensor.lixee_zlinky_tic_puissance_apparente,3360,2026-07-14T16:13:10.982Z
sensor.lixee_zlinky_tic_puissance_apparente,5040,2026-07-14T16:13:41.090Z
sensor.lixee_zlinky_tic_puissance_apparente,5060,2026-07-14T16:13:51.122Z
sensor.lixee_zlinky_tic_puissance_apparente,5030,2026-07-14T16:14:00.150Z
sensor.lixee_zlinky_tic_puissance_apparente,3400,2026-07-14T16:14:10.185Z
sensor.lixee_zlinky_tic_puissance_apparente,3380,2026-07-14T16:14:20.220Z
sensor.lixee_zlinky_tic_puissance_apparente,3390,2026-07-14T16:14:30.250Z
sensor.lixee_zlinky_tic_puissance_apparente,3400,2026-07-14T16:14:49.314Z
sensor.lixee_zlinky_tic_puissance_apparente,3410,2026-07-14T16:14:59.345Z
sensor.lixee_zlinky_tic_puissance_apparente,3420,2026-07-14T16:15:19.416Z
sensor.lixee_zlinky_tic_puissance_apparente,3410,2026-07-14T16:15:28.443Z
sensor.lixee_zlinky_tic_puissance_apparente,3400,2026-07-14T16:15:38.467Z
sensor.lixee_zlinky_tic_puissance_apparente,3410,2026-07-14T16:15:48.530Z
sensor.lixee_zlinky_tic_puissance_apparente,3400,2026-07-14T16:16:07.554Z
sensor.lixee_zlinky_tic_puissance_apparente,3410,2026-07-14T16:16:17.594Z
sensor.lixee_zlinky_tic_puissance_apparente,3400,2026-07-14T16:16:27.617Z
sensor.lixee_zlinky_tic_puissance_apparente,3410,2026-07-14T16:16:47.682Z
sensor.lixee_zlinky_tic_puissance_apparente,3400,2026-07-14T16:16:56.710Z
sensor.lixee_zlinky_tic_puissance_apparente,3390,2026-07-14T16:17:06.746Z
sensor.lixee_zlinky_tic_puissance_apparente,3400,2026-07-14T16:17:26.812Z
sensor.lixee_zlinky_tic_puissance_apparente,3430,2026-07-14T16:17:35.838Z
sensor.lixee_zlinky_tic_puissance_apparente,3440,2026-07-14T16:17:45.869Z
sensor.lixee_zlinky_tic_puissance_apparente,3420,2026-07-14T16:17:55.905Z
sensor.lixee_zlinky_tic_puissance_apparente,3430,2026-07-14T16:18:05.933Z
sensor.lixee_zlinky_tic_puissance_apparente,3420,2026-07-14T16:18:15.974Z
sensor.lixee_zlinky_tic_puissance_apparente,3410,2026-07-14T16:18:24.994Z
sensor.lixee_zlinky_tic_puissance_apparente,3400,2026-07-14T16:18:35.025Z
sensor.lixee_zlinky_tic_puissance_apparente,2740,2026-07-14T16:18:55.088Z
sensor.lixee_zlinky_tic_puissance_apparente,2730,2026-07-14T16:19:14.151Z
sensor.lixee_zlinky_tic_puissance_apparente,2720,2026-07-14T16:19:53.253Z
sensor.lixee_zlinky_tic_puissance_apparente,2710,2026-07-14T16:20:33.408Z
sensor.lixee_zlinky_tic_puissance_apparente,2720,2026-07-14T16:20:52.446Z
sensor.lixee_zlinky_tic_puissance_apparente,2770,2026-07-14T16:21:02.485Z
sensor.lixee_zlinky_tic_puissance_apparente,2850,2026-07-14T16:21:12.513Z
sensor.lixee_zlinky_tic_puissance_apparente,2990,2026-07-14T16:21:21.539Z
sensor.lixee_zlinky_tic_puissance_apparente,3140,2026-07-14T16:21:31.580Z
sensor.lixee_zlinky_tic_puissance_apparente,2930,2026-07-14T16:21:41.618Z
sensor.lixee_zlinky_tic_puissance_apparente,3060,2026-07-14T16:21:51.645Z
sensor.lixee_zlinky_tic_puissance_apparente,3930,2026-07-14T16:22:01.664Z
sensor.lixee_zlinky_tic_puissance_apparente,4050,2026-07-14T16:22:10.686Z
sensor.lixee_zlinky_tic_puissance_apparente,4060,2026-07-14T16:22:20.711Z
sensor.lixee_zlinky_tic_puissance_apparente,4080,2026-07-14T16:22:30.750Z
sensor.lixee_zlinky_tic_puissance_apparente,4090,2026-07-14T16:22:59.850Z
sensor.lixee_zlinky_tic_puissance_apparente,4120,2026-07-14T16:23:09.877Z
sensor.lixee_zlinky_tic_puissance_apparente,4110,2026-07-14T16:23:19.910Z
sensor.lixee_zlinky_tic_puissance_apparente,4130,2026-07-14T16:23:29.947Z
sensor.lixee_zlinky_tic_puissance_apparente,4140,2026-07-14T16:23:49.006Z
sensor.lixee_zlinky_tic_puissance_apparente,4160,2026-07-14T16:23:59.034Z
sensor.lixee_zlinky_tic_puissance_apparente,4150,2026-07-14T16:24:09.066Z
sensor.lixee_zlinky_tic_puissance_apparente,4160,2026-07-14T16:24:28.107Z
sensor.lixee_zlinky_tic_puissance_apparente,4150,2026-07-14T16:24:38.134Z
sensor.lixee_zlinky_tic_puissance_apparente,4140,2026-07-14T16:24:48.181Z
sensor.lixee_zlinky_tic_puissance_apparente,4090,2026-07-14T16:25:17.265Z
sensor.lixee_zlinky_tic_puissance_apparente,4060,2026-07-14T16:25:47.353Z
sensor.lixee_zlinky_tic_puissance_apparente,3930,2026-07-14T16:25:56.393Z
sensor.lixee_zlinky_tic_puissance_apparente,3810,2026-07-14T16:26:06.412Z
sensor.lixee_zlinky_tic_puissance_apparente,3660,2026-07-14T16:26:16.451Z
sensor.lixee_zlinky_tic_puissance_apparente,3600,2026-07-14T16:26:26.481Z
sensor.lixee_zlinky_tic_puissance_apparente,3900,2026-07-14T16:26:36.515Z
sensor.lixee_zlinky_tic_puissance_apparente,3840,2026-07-14T16:26:45.534Z
sensor.lixee_zlinky_tic_puissance_apparente,3790,2026-07-14T16:26:55.576Z
sensor.lixee_zlinky_tic_puissance_apparente,3760,2026-07-14T16:27:05.611Z
sensor.lixee_zlinky_tic_puissance_apparente,3720,2026-07-14T16:27:15.639Z
sensor.lixee_zlinky_tic_puissance_apparente,3670,2026-07-14T16:27:24.665Z
sensor.lixee_zlinky_tic_puissance_apparente,5320,2026-07-14T16:27:34.701Z
sensor.lixee_zlinky_tic_puissance_apparente,5380,2026-07-14T16:27:44.731Z
sensor.lixee_zlinky_tic_puissance_apparente,5320,2026-07-14T16:27:54.776Z
sensor.lixee_zlinky_tic_puissance_apparente,5290,2026-07-14T16:28:04.811Z
sensor.lixee_zlinky_tic_puissance_apparente,5160,2026-07-14T16:28:13.847Z
sensor.lixee_zlinky_tic_puissance_apparente,5120,2026-07-14T16:28:23.881Z
sensor.lixee_zlinky_tic_puissance_apparente,5130,2026-07-14T16:28:52.963Z
sensor.lixee_zlinky_tic_puissance_apparente,5100,2026-07-14T16:29:13.026Z
sensor.lixee_zlinky_tic_puissance_apparente,5110,2026-07-14T16:29:23.067Z
sensor.lixee_zlinky_tic_puissance_apparente,5100,2026-07-14T16:29:33.095Z
sensor.lixee_zlinky_tic_puissance_apparente,6070,2026-07-14T16:29:42.127Z
sensor.lixee_zlinky_tic_puissance_apparente,6100,2026-07-14T16:29:52.156Z
sensor.lixee_zlinky_tic_puissance_apparente,6110,2026-07-14T16:30:02.195Z
sensor.lixee_zlinky_tic_puissance_apparente,5160,2026-07-14T16:30:12.233Z
sensor.lixee_zlinky_tic_puissance_apparente,5150,2026-07-14T16:30:21.252Z
sensor.lixee_zlinky_tic_puissance_apparente,6080,2026-07-14T16:30:31.290Z
sensor.lixee_zlinky_tic_puissance_apparente,5150,2026-07-14T16:31:01.368Z
sensor.lixee_zlinky_tic_puissance_apparente,6120,2026-07-14T16:31:10.397Z
sensor.lixee_zlinky_tic_puissance_apparente,6110,2026-07-14T16:31:20.428Z
sensor.lixee_zlinky_tic_puissance_apparente,5190,2026-07-14T16:31:40.499Z
sensor.lixee_zlinky_tic_puissance_apparente,6140,2026-07-14T16:32:19.621Z
sensor.lixee_zlinky_tic_puissance_apparente,5180,2026-07-14T16:32:29.660Z
sensor.lixee_zlinky_tic_puissance_apparente,6150,2026-07-14T16:32:38.683Z
sensor.lixee_zlinky_tic_puissance_apparente,6130,2026-07-14T16:32:48.714Z
sensor.lixee_zlinky_tic_puissance_apparente,6120,2026-07-14T16:32:58.746Z
sensor.lixee_zlinky_tic_puissance_apparente,5190,2026-07-14T16:33:11.563Z
sensor.lixee_zlinky_tic_puissance_apparente,6110,2026-07-14T16:33:27.814Z
sensor.lixee_zlinky_tic_puissance_apparente,5310,2026-07-14T16:33:47.884Z
sensor.lixee_zlinky_tic_puissance_apparente,5180,2026-07-14T16:34:06.955Z
sensor.lixee_zlinky_tic_puissance_apparente,5290,2026-07-14T16:34:16.976Z
sensor.lixee_zlinky_tic_puissance_apparente,5280,2026-07-14T16:34:27.019Z
sensor.lixee_zlinky_tic_puissance_apparente,4470,2026-07-14T16:34:37.049Z
sensor.lixee_zlinky_tic_puissance_apparente,4440,2026-07-14T16:34:47.080Z
sensor.lixee_zlinky_tic_puissance_apparente,5260,2026-07-14T16:34:56.106Z
sensor.lixee_zlinky_tic_puissance_apparente,5250,2026-07-14T16:35:06.135Z
sensor.lixee_zlinky_tic_puissance_apparente,5260,2026-07-14T16:35:16.175Z
sensor.lixee_zlinky_tic_puissance_apparente,4430,2026-07-14T16:35:26.366Z
sensor.lixee_zlinky_tic_puissance_apparente,4960,2026-07-14T16:35:35.235Z
sensor.lixee_zlinky_tic_puissance_apparente,5250,2026-07-14T16:35:45.265Z
sensor.lixee_zlinky_tic_puissance_apparente,5240,2026-07-14T16:35:55.302Z
sensor.lixee_zlinky_tic_puissance_apparente,4410,2026-07-14T16:36:05.344Z
sensor.lixee_zlinky_tic_puissance_apparente,5240,2026-07-14T16:36:24.419Z
sensor.lixee_zlinky_tic_puissance_apparente,6060,2026-07-14T16:36:44.460Z
sensor.lixee_zlinky_tic_puissance_apparente,5170,2026-07-14T16:36:54.493Z
sensor.lixee_zlinky_tic_puissance_apparente,6140,2026-07-14T16:37:03.533Z
sensor.lixee_zlinky_tic_puissance_apparente,6120,2026-07-14T16:37:13.553Z
sensor.lixee_zlinky_tic_puissance_apparente,6110,2026-07-14T16:37:23.592Z
sensor.lixee_zlinky_tic_puissance_apparente,5160,2026-07-14T16:37:43.640Z
sensor.lixee_zlinky_tic_puissance_apparente,6120,2026-07-14T16:37:52.679Z
sensor.lixee_zlinky_tic_puissance_apparente,6100,2026-07-14T16:38:12.744Z
sensor.lixee_zlinky_tic_puissance_apparente,5160,2026-07-14T16:38:22.776Z
sensor.lixee_zlinky_tic_puissance_apparente,6110,2026-07-14T16:38:32.809Z
sensor.lixee_zlinky_tic_puissance_apparente,6140,2026-07-14T16:38:51.881Z
sensor.lixee_zlinky_tic_puissance_apparente,5210,2026-07-14T16:39:01.913Z
sensor.lixee_zlinky_tic_puissance_apparente,6170,2026-07-14T16:39:20.971Z
sensor.lixee_zlinky_tic_puissance_apparente,6110,2026-07-14T16:39:30.998Z
sensor.lixee_zlinky_tic_puissance_apparente,6120,2026-07-14T16:39:41.031Z
sensor.lixee_zlinky_tic_puissance_apparente,5170,2026-07-14T16:39:51.060Z
sensor.lixee_zlinky_tic_puissance_apparente,5970,2026-07-14T16:40:01.098Z
sensor.lixee_zlinky_tic_puissance_apparente,6130,2026-07-14T16:40:10.119Z
sensor.lixee_zlinky_tic_puissance_apparente,6140,2026-07-14T16:40:20.152Z
sensor.lixee_zlinky_tic_puissance_apparente,5190,2026-07-14T16:40:30.184Z
sensor.lixee_zlinky_tic_puissance_apparente,5180,2026-07-14T16:40:40.197Z
sensor.lixee_zlinky_tic_puissance_apparente,6140,2026-07-14T16:40:49.240Z
sensor.lixee_zlinky_tic_puissance_apparente,6120,2026-07-14T16:40:59.262Z
sensor.lixee_zlinky_tic_puissance_apparente,5160,2026-07-14T16:41:19.328Z
sensor.lixee_zlinky_tic_puissance_apparente,6130,2026-07-14T16:41:29.358Z
sensor.lixee_zlinky_tic_puissance_apparente,6170,2026-07-14T16:41:38.384Z
sensor.lixee_zlinky_tic_puissance_apparente,6150,2026-07-14T16:41:48.415Z
sensor.lixee_zlinky_tic_puissance_apparente,5220,2026-07-14T16:41:58.563Z
sensor.lixee_zlinky_tic_puissance_apparente,5170,2026-07-14T16:42:08.485Z
sensor.lixee_zlinky_tic_puissance_apparente,6100,2026-07-14T16:42:18.518Z
sensor.lixee_zlinky_tic_puissance_apparente,5140,2026-07-14T16:42:47.609Z
sensor.lixee_zlinky_tic_puissance_apparente,6100,2026-07-14T16:43:10.871Z
sensor.lixee_zlinky_tic_puissance_apparente,6110,2026-07-14T16:43:16.690Z
sensor.lixee_zlinky_tic_puissance_apparente,6100,2026-07-14T16:43:55.825Z
sensor.lixee_zlinky_tic_puissance_apparente,6110,2026-07-14T16:44:05.864Z
sensor.lixee_zlinky_tic_puissance_apparente,5180,2026-07-14T16:44:15.901Z
sensor.lixee_zlinky_tic_puissance_apparente,6170,2026-07-14T16:44:25.929Z
sensor.lixee_zlinky_tic_puissance_apparente,6140,2026-07-14T16:44:34.957Z
sensor.lixee_zlinky_tic_puissance_apparente,6130,2026-07-14T16:44:44.992Z
sensor.lixee_zlinky_tic_puissance_apparente,5160,2026-07-14T16:44:55.047Z
sensor.lixee_zlinky_tic_puissance_apparente,5250,2026-07-14T16:45:15.104Z
sensor.lixee_zlinky_tic_puissance_apparente,5240,2026-07-14T16:45:24.122Z
sensor.lixee_zlinky_tic_puissance_apparente,4380,2026-07-14T16:45:44.194Z
sensor.lixee_zlinky_tic_puissance_apparente,5250,2026-07-14T16:45:54.233Z
sensor.lixee_zlinky_tic_puissance_apparente,4390,2026-07-14T16:46:03.260Z
sensor.lixee_zlinky_tic_puissance_apparente,4760,2026-07-14T16:46:23.318Z
sensor.lixee_zlinky_tic_puissance_apparente,5270,2026-07-14T16:46:33.365Z
sensor.lixee_zlinky_tic_puissance_apparente,5280,2026-07-14T16:46:43.384Z
sensor.lixee_zlinky_tic_puissance_apparente,4410,2026-07-14T16:46:52.420Z
sensor.lixee_zlinky_tic_puissance_apparente,4420,2026-07-14T16:47:02.445Z
sensor.lixee_zlinky_tic_puissance_apparente,5280,2026-07-14T16:47:12.490Z
sensor.lixee_zlinky_tic_puissance_apparente,4410,2026-07-14T16:47:31.544Z
sensor.lixee_zlinky_tic_puissance_apparente,4520,2026-07-14T16:47:51.600Z
sensor.lixee_zlinky_tic_puissance_apparente,5290,2026-07-14T16:48:01.634Z
sensor.lixee_zlinky_tic_puissance_apparente,5960,2026-07-14T16:48:11.659Z
sensor.lixee_zlinky_tic_puissance_apparente,5270,2026-07-14T16:48:20.696Z
sensor.lixee_zlinky_tic_puissance_apparente,5210,2026-07-14T16:48:30.719Z
sensor.lixee_zlinky_tic_puissance_apparente,6180,2026-07-14T16:48:40.760Z
sensor.lixee_zlinky_tic_puissance_apparente,6190,2026-07-14T16:48:50.783Z
sensor.lixee_zlinky_tic_puissance_apparente,5230,2026-07-14T16:49:00.817Z
sensor.lixee_zlinky_tic_puissance_apparente,5220,2026-07-14T16:49:09.848Z
sensor.lixee_zlinky_tic_puissance_apparente,6060,2026-07-14T16:49:19.882Z
sensor.lixee_zlinky_tic_puissance_apparente,6190,2026-07-14T16:49:29.916Z
sensor.lixee_zlinky_tic_puissance_apparente,6180,2026-07-14T16:49:39.951Z
sensor.lixee_zlinky_tic_puissance_apparente,5220,2026-07-14T16:49:48.979Z
sensor.lixee_zlinky_tic_puissance_apparente,6200,2026-07-14T16:50:09.052Z
sensor.lixee_zlinky_tic_puissance_apparente,5280,2026-07-14T16:50:29.125Z
sensor.lixee_zlinky_tic_puissance_apparente,5260,2026-07-14T16:50:38.145Z
sensor.lixee_zlinky_tic_puissance_apparente,5900,2026-07-14T16:50:48.182Z
sensor.lixee_zlinky_tic_puissance_apparente,6230,2026-07-14T16:50:58.223Z
sensor.lixee_zlinky_tic_puissance_apparente,6220,2026-07-14T16:51:08.250Z
sensor.lixee_zlinky_tic_puissance_apparente,5270,2026-07-14T16:51:17.284Z
sensor.lixee_zlinky_tic_puissance_apparente,6240,2026-07-14T16:51:37.346Z
sensor.lixee_zlinky_tic_puissance_apparente,6250,2026-07-14T16:51:47.386Z
sensor.lixee_zlinky_tic_puissance_apparente,5290,2026-07-14T16:51:57.411Z
sensor.lixee_zlinky_tic_puissance_apparente,5670,2026-07-14T16:52:16.472Z
sensor.lixee_zlinky_tic_puissance_apparente,6260,2026-07-14T16:52:26.528Z
sensor.lixee_zlinky_tic_puissance_apparente,6240,2026-07-14T16:52:36.546Z
sensor.lixee_zlinky_tic_puissance_apparente,5270,2026-07-14T16:52:45.576Z
sensor.lixee_zlinky_tic_puissance_apparente,5260,2026-07-14T16:52:55.606Z
sensor.lixee_zlinky_tic_puissance_apparente,6240,2026-07-14T16:53:05.761Z
sensor.lixee_zlinky_tic_puissance_apparente,5270,2026-07-14T16:53:25.716Z
sensor.lixee_zlinky_tic_puissance_apparente,5260,2026-07-14T16:53:34.737Z
sensor.lixee_zlinky_tic_puissance_apparente,6250,2026-07-14T16:53:44.766Z
sensor.lixee_zlinky_tic_puissance_apparente,6230,2026-07-14T16:53:54.828Z
sensor.lixee_zlinky_tic_puissance_apparente,5260,2026-07-14T16:54:13.878Z
sensor.lixee_zlinky_tic_puissance_apparente,6260,2026-07-14T16:54:33.936Z
sensor.lixee_zlinky_tic_puissance_apparente,5280,2026-07-14T16:54:54.000Z
sensor.lixee_zlinky_tic_puissance_apparente,5260,2026-07-14T16:55:03.028Z
sensor.lixee_zlinky_tic_puissance_apparente,6120,2026-07-14T16:55:13.061Z
sensor.lixee_zlinky_tic_puissance_apparente,6260,2026-07-14T16:55:23.096Z
sensor.lixee_zlinky_tic_puissance_apparente,5280,2026-07-14T16:55:42.166Z
sensor.lixee_zlinky_tic_puissance_apparente,6240,2026-07-14T16:56:02.201Z
sensor.lixee_zlinky_tic_puissance_apparente,5280,2026-07-14T16:56:22.269Z
sensor.lixee_zlinky_tic_puissance_apparente,5890,2026-07-14T16:56:41.330Z
sensor.lixee_zlinky_tic_puissance_apparente,5290,2026-07-14T16:57:10.749Z
sensor.lixee_zlinky_tic_puissance_apparente,5280,2026-07-14T16:57:20.447Z
sensor.lixee_zlinky_tic_puissance_apparente,6250,2026-07-14T16:57:30.521Z
sensor.lixee_zlinky_tic_puissance_apparente,5290,2026-07-14T16:57:55.475Z
sensor.lixee_zlinky_tic_puissance_apparente,5300,2026-07-14T16:57:59.578Z
sensor.lixee_zlinky_tic_puissance_apparente,6280,2026-07-14T16:58:09.621Z
sensor.lixee_zlinky_tic_puissance_apparente,6330,2026-07-14T16:58:19.655Z
sensor.lixee_zlinky_tic_puissance_apparente,6340,2026-07-14T16:58:29.687Z
sensor.lixee_zlinky_tic_puissance_apparente,5360,2026-07-14T16:58:39.732Z
sensor.lixee_zlinky_tic_puissance_apparente,5370,2026-07-14T16:58:48.786Z
sensor.lixee_zlinky_tic_puissance_apparente,6350,2026-07-14T16:58:58.784Z
sensor.lixee_zlinky_tic_puissance_apparente,5380,2026-07-14T16:59:18.857Z
sensor.lixee_zlinky_tic_puissance_apparente,5370,2026-07-14T16:59:27.890Z
sensor.lixee_zlinky_tic_puissance_apparente,6380,2026-07-14T16:59:58.632Z
sensor.lixee_zlinky_tic_puissance_apparente,5370,2026-07-14T17:00:08.022Z
sensor.lixee_zlinky_tic_puissance_apparente,5390,2026-07-14T17:00:17.032Z
sensor.lixee_zlinky_tic_puissance_apparente,6380,2026-07-14T17:00:27.075Z
sensor.lixee_zlinky_tic_puissance_apparente,5400,2026-07-14T17:00:47.197Z
sensor.lixee_zlinky_tic_puissance_apparente,5380,2026-07-14T17:00:56.169Z
sensor.lixee_zlinky_tic_puissance_apparente,6230,2026-07-14T17:01:06.189Z
sensor.lixee_zlinky_tic_puissance_apparente,6380,2026-07-14T17:01:16.235Z
sensor.lixee_zlinky_tic_puissance_apparente,5410,2026-07-14T17:01:36.300Z
sensor.lixee_zlinky_tic_puissance_apparente,6410,2026-07-14T17:01:55.354Z
sensor.lixee_zlinky_tic_puissance_apparente,6400,2026-07-14T17:02:05.381Z
sensor.lixee_zlinky_tic_puissance_apparente,5440,2026-07-14T17:02:15.416Z
sensor.lixee_zlinky_tic_puissance_apparente,5450,2026-07-14T17:02:25.454Z
sensor.lixee_zlinky_tic_puissance_apparente,6450,2026-07-14T17:02:34.474Z
sensor.lixee_zlinky_tic_puissance_apparente,6430,2026-07-14T17:02:44.523Z
sensor.lixee_zlinky_tic_puissance_apparente,5420,2026-07-14T17:03:04.592Z
sensor.lixee_zlinky_tic_puissance_apparente,5380,2026-07-14T17:03:13.619Z
sensor.lixee_zlinky_tic_puissance_apparente,6360,2026-07-14T17:03:23.648Z
sensor.lixee_zlinky_tic_puissance_apparente,6340,2026-07-14T17:03:33.695Z
sensor.lixee_zlinky_tic_puissance_apparente,5380,2026-07-14T17:03:43.717Z
sensor.lixee_zlinky_tic_puissance_apparente,5390,2026-07-14T17:03:53.743Z
sensor.lixee_zlinky_tic_puissance_apparente,5370,2026-07-14T17:04:12.790Z
sensor.lixee_zlinky_tic_puissance_apparente,5390,2026-07-14T17:04:22.827Z
sensor.lixee_zlinky_tic_puissance_apparente,5380,2026-07-14T17:04:32.851Z
sensor.lixee_zlinky_tic_puissance_apparente,5420,2026-07-14T17:04:41.878Z
sensor.lixee_zlinky_tic_puissance_apparente,5410,2026-07-14T17:04:51.918Z
sensor.lixee_zlinky_tic_puissance_apparente,5430,2026-07-14T17:05:01.949Z
sensor.lixee_zlinky_tic_puissance_apparente,5440,2026-07-14T17:05:22.017Z
sensor.lixee_zlinky_tic_puissance_apparente,5460,2026-07-14T17:05:31.046Z
sensor.lixee_zlinky_tic_puissance_apparente,5400,2026-07-14T17:05:41.250Z
sensor.lixee_zlinky_tic_puissance_apparente,5410,2026-07-14T17:05:51.107Z
sensor.lixee_zlinky_tic_puissance_apparente,5400,2026-07-14T17:06:01.147Z
sensor.lixee_zlinky_tic_puissance_apparente,5430,2026-07-14T17:06:10.174Z
sensor.lixee_zlinky_tic_puissance_apparente,5410,2026-07-14T17:06:20.194Z
sensor.lixee_zlinky_tic_puissance_apparente,5420,2026-07-14T17:06:30.240Z
sensor.lixee_zlinky_tic_puissance_apparente,5340,2026-07-14T17:06:40.266Z
sensor.lixee_zlinky_tic_puissance_apparente,5360,2026-07-14T17:06:59.328Z
sensor.lixee_zlinky_tic_puissance_apparente,5370,2026-07-14T17:07:09.357Z
sensor.lixee_zlinky_tic_puissance_apparente,5350,2026-07-14T17:07:29.424Z
sensor.lixee_zlinky_tic_puissance_apparente,4540,2026-07-14T17:07:48.484Z
sensor.lixee_zlinky_tic_puissance_apparente,4590,2026-07-14T17:07:58.515Z
sensor.lixee_zlinky_tic_puissance_apparente,4610,2026-07-14T17:08:08.545Z
sensor.lixee_zlinky_tic_puissance_apparente,4640,2026-07-14T17:08:18.576Z
sensor.lixee_zlinky_tic_puissance_apparente,4620,2026-07-14T17:08:27.598Z
sensor.lixee_zlinky_tic_puissance_apparente,4590,2026-07-14T17:08:37.632Z
sensor.lixee_zlinky_tic_puissance_apparente,4620,2026-07-14T17:08:47.657Z
sensor.lixee_zlinky_tic_puissance_apparente,4610,2026-07-14T17:08:57.694Z
sensor.lixee_zlinky_tic_puissance_apparente,4600,2026-07-14T17:09:16.754Z
sensor.lixee_zlinky_tic_puissance_apparente,4610,2026-07-14T17:09:26.779Z
sensor.lixee_zlinky_tic_puissance_apparente,4630,2026-07-14T17:09:36.820Z
sensor.lixee_zlinky_tic_puissance_apparente,4610,2026-07-14T17:09:46.853Z
sensor.lixee_zlinky_tic_puissance_apparente,4600,2026-07-14T17:09:55.877Z
sensor.lixee_zlinky_tic_puissance_apparente,4620,2026-07-14T17:10:06.048Z
sensor.lixee_zlinky_tic_puissance_apparente,4630,2026-07-14T17:10:15.934Z
sensor.lixee_zlinky_tic_puissance_apparente,4610,2026-07-14T17:10:25.970Z
sensor.lixee_zlinky_tic_puissance_apparente,5290,2026-07-14T17:10:36.001Z
sensor.lixee_zlinky_tic_puissance_apparente,5540,2026-07-14T17:10:45.033Z
sensor.lixee_zlinky_tic_puissance_apparente,5480,2026-07-14T17:10:55.058Z
sensor.lixee_zlinky_tic_puissance_apparente,5490,2026-07-14T17:11:05.096Z
sensor.lixee_zlinky_tic_puissance_apparente,5520,2026-07-14T17:11:34.192Z
sensor.lixee_zlinky_tic_puissance_apparente,5540,2026-07-14T17:11:44.220Z
sensor.lixee_zlinky_tic_puissance_apparente,5470,2026-07-14T17:12:04.276Z
sensor.lixee_zlinky_tic_puissance_apparente,5520,2026-07-14T17:12:13.308Z
sensor.lixee_zlinky_tic_puissance_apparente,5530,2026-07-14T17:12:23.341Z
sensor.lixee_zlinky_tic_puissance_apparente,5540,2026-07-14T17:12:33.378Z
sensor.lixee_zlinky_tic_puissance_apparente,5550,2026-07-14T17:12:43.413Z
sensor.lixee_zlinky_tic_puissance_apparente,5560,2026-07-14T17:12:53.444Z
sensor.lixee_zlinky_tic_puissance_apparente,5580,2026-07-14T17:13:12.509Z
sensor.lixee_zlinky_tic_puissance_apparente,5600,2026-07-14T17:13:22.554Z
sensor.lixee_zlinky_tic_puissance_apparente,5580,2026-07-14T17:13:32.580Z
sensor.lixee_zlinky_tic_puissance_apparente,5590,2026-07-14T17:13:51.644Z
sensor.lixee_zlinky_tic_puissance_apparente,5620,2026-07-14T17:14:21.663Z
sensor.lixee_zlinky_tic_puissance_apparente,5610,2026-07-14T17:14:40.793Z
sensor.lixee_zlinky_tic_puissance_apparente,5580,2026-07-14T17:14:50.978Z
sensor.lixee_zlinky_tic_puissance_apparente,5620,2026-07-14T17:15:06.433Z
sensor.lixee_zlinky_tic_puissance_apparente,5630,2026-07-14T17:15:09.896Z
sensor.lixee_zlinky_tic_puissance_apparente,5620,2026-07-14T17:15:19.933Z
sensor.lixee_zlinky_tic_puissance_apparente,5670,2026-07-14T17:15:29.966Z
sensor.lixee_zlinky_tic_puissance_apparente,5640,2026-07-14T17:15:40.020Z
sensor.lixee_zlinky_tic_puissance_apparente,5630,2026-07-14T17:15:50.032Z
sensor.lixee_zlinky_tic_puissance_apparente,5640,2026-07-14T17:15:59.051Z
sensor.lixee_zlinky_tic_puissance_apparente,5650,2026-07-14T17:16:09.079Z
sensor.lixee_zlinky_tic_puissance_apparente,5590,2026-07-14T17:16:19.123Z
sensor.lixee_zlinky_tic_puissance_apparente,5610,2026-07-14T17:16:29.168Z
sensor.lixee_zlinky_tic_puissance_apparente,5590,2026-07-14T17:16:48.200Z
sensor.lixee_zlinky_tic_puissance_apparente,5570,2026-07-14T17:16:58.229Z
sensor.lixee_zlinky_tic_puissance_apparente,5580,2026-07-14T17:17:08.264Z
sensor.lixee_zlinky_tic_puissance_apparente,5600,2026-07-14T17:17:18.296Z
sensor.lixee_zlinky_tic_puissance_apparente,5620,2026-07-14T17:17:27.330Z
sensor.lixee_zlinky_tic_puissance_apparente,5600,2026-07-14T17:17:48.882Z
sensor.lixee_zlinky_tic_puissance_apparente,5550,2026-07-14T17:17:57.425Z
sensor.lixee_zlinky_tic_puissance_apparente,5530,2026-07-14T17:18:07.455Z
sensor.lixee_zlinky_tic_puissance_apparente,5550,2026-07-14T17:19:15.677Z
sensor.lixee_zlinky_tic_puissance_apparente,5510,2026-07-14T17:19:25.716Z
sensor.lixee_zlinky_tic_puissance_apparente,5560,2026-07-14T17:19:35.743Z
sensor.lixee_zlinky_tic_puissance_apparente,5550,2026-07-14T17:19:44.769Z
sensor.lixee_zlinky_tic_puissance_apparente,5520,2026-07-14T17:20:04.826Z
sensor.lixee_zlinky_tic_puissance_apparente,5530,2026-07-14T17:20:14.864Z
sensor.lixee_zlinky_tic_puissance_apparente,5510,2026-07-14T17:20:23.894Z
sensor.lixee_zlinky_tic_puissance_apparente,5430,2026-07-14T17:20:33.927Z
sensor.lixee_zlinky_tic_puissance_apparente,5510,2026-07-14T17:20:43.969Z
sensor.lixee_zlinky_tic_puissance_apparente,5490,2026-07-14T17:20:54.002Z
sensor.lixee_zlinky_tic_puissance_apparente,5460,2026-07-14T17:21:04.034Z
sensor.lixee_zlinky_tic_puissance_apparente,5450,2026-07-14T17:21:13.047Z
sensor.lixee_zlinky_tic_puissance_apparente,5380,2026-07-14T17:21:23.085Z
sensor.lixee_zlinky_tic_puissance_apparente,5360,2026-07-14T17:21:33.117Z
sensor.lixee_zlinky_tic_puissance_apparente,5340,2026-07-14T17:21:43.150Z
sensor.lixee_zlinky_tic_puissance_apparente,5330,2026-07-14T17:21:52.181Z
sensor.lixee_zlinky_tic_puissance_apparente,5300,2026-07-14T17:22:02.210Z
sensor.lixee_zlinky_tic_puissance_apparente,5270,2026-07-14T17:22:12.242Z
sensor.lixee_zlinky_tic_puissance_apparente,5250,2026-07-14T17:22:22.289Z
sensor.lixee_zlinky_tic_puissance_apparente,5440,2026-07-14T17:22:51.369Z
sensor.lixee_zlinky_tic_puissance_apparente,5240,2026-07-14T17:23:01.413Z
sensor.lixee_zlinky_tic_puissance_apparente,5230,2026-07-14T17:23:11.436Z
sensor.lixee_zlinky_tic_puissance_apparente,4990,2026-07-14T17:23:30.500Z
sensor.lixee_zlinky_tic_puissance_apparente,3740,2026-07-14T17:23:40.541Z
sensor.lixee_zlinky_tic_puissance_apparente,3750,2026-07-14T17:24:00.610Z
sensor.lixee_zlinky_tic_puissance_apparente,3740,2026-07-14T17:24:09.642Z
sensor.lixee_zlinky_tic_puissance_apparente,3750,2026-07-14T17:24:39.738Z
sensor.lixee_zlinky_tic_puissance_apparente,3760,2026-07-14T17:24:49.772Z
sensor.lixee_zlinky_tic_puissance_apparente,3750,2026-07-14T17:24:58.802Z
sensor.lixee_zlinky_tic_puissance_apparente,3760,2026-07-14T17:25:28.911Z
sensor.lixee_zlinky_tic_puissance_apparente,3750,2026-07-14T17:25:38.009Z
sensor.lixee_zlinky_tic_puissance_apparente,3760,2026-07-14T17:26:23.600Z
sensor.lixee_zlinky_tic_puissance_apparente,3770,2026-07-14T17:26:27.091Z
sensor.lixee_zlinky_tic_puissance_apparente,3790,2026-07-14T17:26:57.189Z
sensor.lixee_zlinky_tic_puissance_apparente,5290,2026-07-14T17:27:06.221Z
sensor.lixee_zlinky_tic_puissance_apparente,5280,2026-07-14T17:27:16.247Z
sensor.lixee_zlinky_tic_puissance_apparente,5270,2026-07-14T17:27:26.287Z
sensor.lixee_zlinky_tic_puissance_apparente,3790,2026-07-14T17:27:36.317Z
sensor.lixee_zlinky_tic_puissance_apparente,3780,2026-07-14T17:28:05.411Z
sensor.lixee_zlinky_tic_puissance_apparente,3790,2026-07-14T17:29:04.624Z
sensor.lixee_zlinky_tic_puissance_apparente,3810,2026-07-14T17:29:14.657Z
sensor.lixee_zlinky_tic_puissance_apparente,3820,2026-07-14T17:29:33.716Z
sensor.lixee_zlinky_tic_puissance_apparente,3810,2026-07-14T17:29:43.752Z
sensor.lixee_zlinky_tic_puissance_apparente,3820,2026-07-14T17:29:53.782Z
sensor.lixee_zlinky_tic_puissance_apparente,3810,2026-07-14T17:30:12.851Z
sensor.lixee_zlinky_tic_puissance_apparente,3830,2026-07-14T17:30:22.891Z
sensor.lixee_zlinky_tic_puissance_apparente,3810,2026-07-14T17:30:32.919Z
sensor.lixee_zlinky_tic_puissance_apparente,3820,2026-07-14T17:30:52.016Z
sensor.lixee_zlinky_tic_puissance_apparente,3830,2026-07-14T17:31:12.036Z
sensor.lixee_zlinky_tic_puissance_apparente,3850,2026-07-14T17:31:22.061Z
sensor.lixee_zlinky_tic_puissance_apparente,3840,2026-07-14T17:31:41.112Z
sensor.lixee_zlinky_tic_puissance_apparente,3850,2026-07-14T17:31:51.160Z
sensor.lixee_zlinky_tic_puissance_apparente,3860,2026-07-14T17:32:01.189Z
sensor.lixee_zlinky_tic_puissance_apparente,3840,2026-07-14T17:32:11.210Z
sensor.lixee_zlinky_tic_puissance_apparente,3850,2026-07-14T17:32:50.332Z
sensor.lixee_zlinky_tic_puissance_apparente,3860,2026-07-14T17:33:09.378Z
sensor.lixee_zlinky_tic_puissance_apparente,3870,2026-07-14T17:33:19.420Z
sensor.lixee_zlinky_tic_puissance_apparente,3880,2026-07-14T17:33:48.506Z
sensor.lixee_zlinky_tic_puissance_apparente,3890,2026-07-14T17:33:58.540Z
sensor.lixee_zlinky_tic_puissance_apparente,3880,2026-07-14T17:34:08.574Z
sensor.lixee_zlinky_tic_puissance_apparente,3830,2026-07-14T17:34:18.608Z
sensor.lixee_zlinky_tic_puissance_apparente,3890,2026-07-14T17:34:28.642Z
sensor.lixee_zlinky_tic_puissance_apparente,3880,2026-07-14T17:34:37.673Z
sensor.lixee_zlinky_tic_puissance_apparente,3870,2026-07-14T17:34:47.689Z
sensor.lixee_zlinky_tic_puissance_apparente,3880,2026-07-14T17:34:57.727Z
sensor.lixee_zlinky_tic_puissance_apparente,3910,2026-07-14T17:35:16.792Z
sensor.lixee_zlinky_tic_puissance_apparente,3930,2026-07-14T17:35:36.865Z
sensor.lixee_zlinky_tic_puissance_apparente,3920,2026-07-14T17:35:46.883Z
sensor.lixee_zlinky_tic_puissance_apparente,3940,2026-07-14T17:36:15.965Z
sensor.lixee_zlinky_tic_puissance_apparente,3930,2026-07-14T17:36:25.993Z
sensor.lixee_zlinky_tic_puissance_apparente,3940,2026-07-14T17:36:36.028Z
sensor.lixee_zlinky_tic_puissance_apparente,3930,2026-07-14T17:36:46.056Z
sensor.lixee_zlinky_tic_puissance_apparente,3940,2026-07-14T17:37:15.141Z
sensor.lixee_zlinky_tic_puissance_apparente,3950,2026-07-14T17:37:25.177Z
sensor.lixee_zlinky_tic_puissance_apparente,3940,2026-07-14T17:37:34.203Z
sensor.lixee_zlinky_tic_puissance_apparente,3950,2026-07-14T17:37:44.229Z
sensor.lixee_zlinky_tic_puissance_apparente,3980,2026-07-14T17:38:14.339Z
sensor.lixee_zlinky_tic_puissance_apparente,3990,2026-07-14T17:38:33.393Z
sensor.lixee_zlinky_tic_puissance_apparente,3980,2026-07-14T17:38:53.455Z
sensor.lixee_zlinky_tic_puissance_apparente,3990,2026-07-14T17:39:02.479Z
sensor.lixee_zlinky_tic_puissance_apparente,4000,2026-07-14T17:39:12.508Z
sensor.lixee_zlinky_tic_puissance_apparente,4010,2026-07-14T17:39:22.538Z
sensor.lixee_zlinky_tic_puissance_apparente,4030,2026-07-14T17:39:51.630Z
sensor.lixee_zlinky_tic_puissance_apparente,4020,2026-07-14T17:40:01.664Z
sensor.lixee_zlinky_tic_puissance_apparente,4030,2026-07-14T17:40:11.704Z
sensor.lixee_zlinky_tic_puissance_apparente,4040,2026-07-14T17:40:21.729Z
sensor.lixee_zlinky_tic_puissance_apparente,4050,2026-07-14T17:40:31.759Z
sensor.lixee_zlinky_tic_puissance_apparente,4060,2026-07-14T17:41:00.854Z
sensor.lixee_zlinky_tic_puissance_apparente,4020,2026-07-14T17:41:19.914Z
sensor.lixee_zlinky_tic_puissance_apparente,3970,2026-07-14T17:41:50.017Z
sensor.lixee_zlinky_tic_puissance_apparente,3980,2026-07-14T17:42:48.201Z
sensor.lixee_zlinky_tic_puissance_apparente,3970,2026-07-14T17:42:58.220Z
sensor.lixee_zlinky_tic_puissance_apparente,3980,2026-07-14T17:43:08.261Z
sensor.lixee_zlinky_tic_puissance_apparente,4000,2026-07-14T17:43:18.292Z
sensor.lixee_zlinky_tic_puissance_apparente,4010,2026-07-14T17:43:37.338Z
sensor.lixee_zlinky_tic_puissance_apparente,4020,2026-07-14T17:44:07.440Z
sensor.lixee_zlinky_tic_puissance_apparente,4000,2026-07-14T17:44:17.478Z
sensor.lixee_zlinky_tic_puissance_apparente,4010,2026-07-14T17:44:26.496Z
sensor.lixee_zlinky_tic_puissance_apparente,4000,2026-07-14T17:44:46.585Z
sensor.lixee_zlinky_tic_puissance_apparente,3990,2026-07-14T17:45:15.669Z
sensor.lixee_zlinky_tic_puissance_apparente,3970,2026-07-14T17:45:25.695Z
sensor.lixee_zlinky_tic_puissance_apparente,4040,2026-07-14T17:45:35.725Z
sensor.lixee_zlinky_tic_puissance_apparente,4030,2026-07-14T17:45:45.744Z
sensor.lixee_zlinky_tic_puissance_apparente,3980,2026-07-14T17:45:54.772Z
sensor.lixee_zlinky_tic_puissance_apparente,3990,2026-07-14T17:46:04.809Z
sensor.lixee_zlinky_tic_puissance_apparente,4000,2026-07-14T17:46:14.837Z
sensor.lixee_zlinky_tic_puissance_apparente,4080,2026-07-14T17:46:24.869Z
sensor.lixee_zlinky_tic_puissance_apparente,4090,2026-07-14T17:46:43.920Z
sensor.lixee_zlinky_tic_puissance_apparente,4100,2026-07-14T17:47:23.040Z
sensor.lixee_zlinky_tic_puissance_apparente,4090,2026-07-14T17:47:33.069Z
sensor.lixee_zlinky_tic_puissance_apparente,4100,2026-07-14T17:47:43.111Z
sensor.lixee_zlinky_tic_puissance_apparente,4110,2026-07-14T17:48:02.169Z
sensor.lixee_zlinky_tic_puissance_apparente,4120,2026-07-14T17:48:12.198Z
sensor.lixee_zlinky_tic_puissance_apparente,4110,2026-07-14T17:48:22.240Z
sensor.lixee_zlinky_tic_puissance_apparente,4100,2026-07-14T17:48:32.272Z
sensor.lixee_zlinky_tic_puissance_apparente,4110,2026-07-14T17:49:01.365Z
sensor.lixee_zlinky_tic_puissance_apparente,4120,2026-07-14T17:49:21.426Z
sensor.lixee_zlinky_tic_puissance_apparente,4130,2026-07-14T17:50:00.545Z
sensor.lixee_zlinky_tic_puissance_apparente,4140,2026-07-14T17:50:59.736Z
sensor.lixee_zlinky_tic_puissance_apparente,4240,2026-07-14T17:51:28.833Z
sensor.lixee_zlinky_tic_puissance_apparente,4230,2026-07-14T17:51:47.882Z
sensor.lixee_zlinky_tic_puissance_apparente,4320,2026-07-14T17:52:07.958Z
sensor.lixee_zlinky_tic_puissance_apparente,4330,2026-07-14T17:52:28.022Z
sensor.lixee_zlinky_tic_puissance_apparente,4340,2026-07-14T17:52:37.046Z
sensor.lixee_zlinky_tic_puissance_apparente,4330,2026-07-14T17:52:47.067Z
sensor.lixee_zlinky_tic_puissance_apparente,4340,2026-07-14T17:52:57.112Z
sensor.lixee_zlinky_tic_puissance_apparente,4350,2026-07-14T17:53:16.166Z
sensor.lixee_zlinky_tic_puissance_apparente,4360,2026-07-14T17:53:36.241Z
sensor.lixee_zlinky_tic_puissance_apparente,4370,2026-07-14T17:54:15.353Z
sensor.lixee_zlinky_tic_puissance_apparente,4360,2026-07-14T17:54:25.393Z
sensor.lixee_zlinky_tic_puissance_apparente,4370,2026-07-14T17:54:35.428Z
sensor.lixee_zlinky_tic_puissance_apparente,4360,2026-07-14T17:54:45.460Z
sensor.lixee_zlinky_tic_puissance_apparente,4370,2026-07-14T17:55:14.560Z
sensor.lixee_zlinky_tic_puissance_apparente,4360,2026-07-14T17:55:24.595Z
sensor.lixee_zlinky_tic_puissance_apparente,4350,2026-07-14T17:55:33.607Z
sensor.lixee_zlinky_tic_puissance_apparente,4360,2026-07-14T17:55:43.642Z
sensor.lixee_zlinky_tic_puissance_apparente,4370,2026-07-14T17:55:53.689Z
sensor.lixee_zlinky_tic_puissance_apparente,4290,2026-07-14T17:56:13.753Z
sensor.lixee_zlinky_tic_puissance_apparente,4300,2026-07-14T17:56:22.773Z
sensor.lixee_zlinky_tic_puissance_apparente,4320,2026-07-14T17:57:21.980Z
sensor.lixee_zlinky_tic_puissance_apparente,4330,2026-07-14T17:57:32.010Z
sensor.lixee_zlinky_tic_puissance_apparente,4340,2026-07-14T17:57:51.072Z
sensor.lixee_zlinky_tic_puissance_apparente,4350,2026-07-14T17:58:11.147Z
sensor.lixee_zlinky_tic_puissance_apparente,4340,2026-07-14T17:58:21.178Z
sensor.lixee_zlinky_tic_puissance_apparente,4350,2026-07-14T17:59:00.309Z
sensor.lixee_zlinky_tic_puissance_apparente,4360,2026-07-14T17:59:29.399Z
sensor.lixee_zlinky_tic_puissance_apparente,4370,2026-07-14T17:59:58.484Z
sensor.lixee_zlinky_tic_puissance_apparente,4150,2026-07-14T18:00:08.517Z
sensor.lixee_zlinky_tic_puissance_apparente,4110,2026-07-14T18:00:18.558Z
sensor.lixee_zlinky_tic_puissance_apparente,4090,2026-07-14T18:00:28.587Z
sensor.lixee_zlinky_tic_puissance_apparente,4080,2026-07-14T18:00:57.681Z
sensor.lixee_zlinky_tic_puissance_apparente,4120,2026-07-14T18:01:17.754Z
sensor.lixee_zlinky_tic_puissance_apparente,4100,2026-07-14T18:01:27.792Z
sensor.lixee_zlinky_tic_puissance_apparente,4140,2026-07-14T18:01:36.814Z
sensor.lixee_zlinky_tic_puissance_apparente,4150,2026-07-14T18:01:46.855Z
sensor.lixee_zlinky_tic_puissance_apparente,4110,2026-07-14T18:01:56.867Z
sensor.lixee_zlinky_tic_puissance_apparente,4100,2026-07-14T18:02:06.906Z
sensor.lixee_zlinky_tic_puissance_apparente,4110,2026-07-14T18:02:56.060Z
sensor.lixee_zlinky_tic_puissance_apparente,4120,2026-07-14T18:03:05.080Z
sensor.lixee_zlinky_tic_puissance_apparente,4140,2026-07-14T18:03:15.126Z
sensor.lixee_zlinky_tic_puissance_apparente,4150,2026-07-14T18:03:35.193Z
sensor.lixee_zlinky_tic_puissance_apparente,4160,2026-07-14T18:04:04.287Z
sensor.lixee_zlinky_tic_puissance_apparente,4130,2026-07-14T18:04:24.348Z
sensor.lixee_zlinky_tic_puissance_apparente,4120,2026-07-14T18:04:33.376Z
sensor.lixee_zlinky_tic_puissance_apparente,4130,2026-07-14T18:04:43.406Z
sensor.lixee_zlinky_tic_puissance_apparente,4140,2026-07-14T18:05:12.509Z
sensor.lixee_zlinky_tic_puissance_apparente,4130,2026-07-14T18:05:42.618Z
sensor.lixee_zlinky_tic_puissance_apparente,4140,2026-07-14T18:05:52.647Z
sensor.lixee_zlinky_tic_puissance_apparente,4010,2026-07-14T18:06:11.694Z
sensor.lixee_zlinky_tic_puissance_apparente,4070,2026-07-14T18:06:50.823Z
sensor.lixee_zlinky_tic_puissance_apparente,4060,2026-07-14T18:07:00.866Z
sensor.lixee_zlinky_tic_puissance_apparente,4070,2026-07-14T18:07:10.899Z
sensor.lixee_zlinky_tic_puissance_apparente,4060,2026-07-14T18:07:20.927Z
sensor.lixee_zlinky_tic_puissance_apparente,4080,2026-07-14T18:07:39.990Z
sensor.lixee_zlinky_tic_puissance_apparente,4070,2026-07-14T18:07:50.010Z
sensor.lixee_zlinky_tic_puissance_apparente,4090,2026-07-14T18:08:19.099Z
sensor.lixee_zlinky_tic_puissance_apparente,4100,2026-07-14T18:08:29.139Z
sensor.lixee_zlinky_tic_puissance_apparente,4120,2026-07-14T18:09:08.257Z
sensor.lixee_zlinky_tic_puissance_apparente,4090,2026-07-14T18:09:18.295Z
sensor.lixee_zlinky_tic_puissance_apparente,4080,2026-07-14T18:09:28.327Z
sensor.lixee_zlinky_tic_puissance_apparente,4090,2026-07-14T18:09:47.390Z
sensor.lixee_zlinky_tic_puissance_apparente,4100,2026-07-14T18:09:57.414Z
sensor.lixee_zlinky_tic_puissance_apparente,4920,2026-07-14T18:10:07.454Z
sensor.lixee_zlinky_tic_puissance_apparente,5950,2026-07-14T18:10:17.489Z
sensor.lixee_zlinky_tic_puissance_apparente,5890,2026-07-14T18:10:26.523Z
sensor.lixee_zlinky_tic_puissance_apparente,4110,2026-07-14T18:10:36.552Z
sensor.lixee_zlinky_tic_puissance_apparente,4100,2026-07-14T18:10:46.581Z
sensor.lixee_zlinky_tic_puissance_apparente,4110,2026-07-14T18:10:56.622Z
sensor.lixee_zlinky_tic_puissance_apparente,4120,2026-07-14T18:11:06.647Z
sensor.lixee_zlinky_tic_puissance_apparente,4190,2026-07-14T18:11:15.666Z
sensor.lixee_zlinky_tic_puissance_apparente,4180,2026-07-14T18:11:25.697Z
sensor.lixee_zlinky_tic_puissance_apparente,4170,2026-07-14T18:11:35.729Z
sensor.lixee_zlinky_tic_puissance_apparente,4180,2026-07-14T18:11:55.789Z
sensor.lixee_zlinky_tic_puissance_apparente,4200,2026-07-14T18:12:14.829Z
sensor.lixee_zlinky_tic_puissance_apparente,4210,2026-07-14T18:12:43.912Z
sensor.lixee_zlinky_tic_puissance_apparente,4200,2026-07-14T18:12:53.947Z
sensor.lixee_zlinky_tic_puissance_apparente,4210,2026-07-14T18:13:03.991Z
sensor.lixee_zlinky_tic_puissance_apparente,4190,2026-07-14T18:13:24.058Z
sensor.lixee_zlinky_tic_puissance_apparente,4200,2026-07-14T18:13:43.115Z
sensor.lixee_zlinky_tic_puissance_apparente,4220,2026-07-14T18:14:22.242Z
sensor.lixee_zlinky_tic_puissance_apparente,4170,2026-07-14T18:14:42.316Z
sensor.lixee_zlinky_tic_puissance_apparente,4180,2026-07-14T18:14:52.347Z
sensor.lixee_zlinky_tic_puissance_apparente,4170,2026-07-14T18:15:01.375Z
sensor.lixee_zlinky_tic_puissance_apparente,4180,2026-07-14T18:15:11.409Z
sensor.lixee_zlinky_tic_puissance_apparente,4160,2026-07-14T18:15:21.441Z
sensor.lixee_zlinky_tic_puissance_apparente,4170,2026-07-14T18:15:40.503Z
sensor.lixee_zlinky_tic_puissance_apparente,4180,2026-07-14T18:16:10.612Z
sensor.lixee_zlinky_tic_puissance_apparente,4190,2026-07-14T18:16:49.741Z
sensor.lixee_zlinky_tic_puissance_apparente,4180,2026-07-14T18:17:38.892Z
sensor.lixee_zlinky_tic_puissance_apparente,4190,2026-07-14T18:17:57.947Z
sensor.lixee_zlinky_tic_puissance_apparente,4180,2026-07-14T18:18:18.014Z
sensor.lixee_zlinky_tic_puissance_apparente,4190,2026-07-14T18:18:38.060Z
sensor.lixee_zlinky_tic_puissance_apparente,4180,2026-07-14T18:18:57.123Z
sensor.lixee_zlinky_tic_puissance_apparente,4170,2026-07-14T18:19:36.243Z
sensor.lixee_zlinky_tic_puissance_apparente,4180,2026-07-14T18:19:56.320Z
sensor.lixee_zlinky_tic_puissance_apparente,4170,2026-07-14T18:20:06.346Z
sensor.lixee_zlinky_tic_puissance_apparente,4180,2026-07-14T18:20:15.373Z
sensor.lixee_zlinky_tic_puissance_apparente,4200,2026-07-14T18:20:25.400Z
sensor.lixee_zlinky_tic_puissance_apparente,4210,2026-07-14T18:20:54.500Z
sensor.lixee_zlinky_tic_puissance_apparente,4200,2026-07-14T18:21:04.540Z
sensor.lixee_zlinky_tic_puissance_apparente,4180,2026-07-14T18:21:24.606Z
sensor.lixee_zlinky_tic_puissance_apparente,4170,2026-07-14T18:21:34.644Z
sensor.lixee_zlinky_tic_puissance_apparente,4180,2026-07-14T18:21:43.666Z
sensor.lixee_zlinky_tic_puissance_apparente,4190,2026-07-14T18:21:53.694Z
sensor.lixee_zlinky_tic_puissance_apparente,4180,2026-07-14T18:22:03.734Z
sensor.lixee_zlinky_tic_puissance_apparente,4200,2026-07-14T18:22:23.807Z
sensor.lixee_zlinky_tic_puissance_apparente,4210,2026-07-14T18:22:52.896Z
sensor.lixee_zlinky_tic_puissance_apparente,4220,2026-07-14T18:23:11.958Z
sensor.lixee_zlinky_tic_puissance_apparente,4200,2026-07-14T18:23:21.987Z
sensor.lixee_zlinky_tic_puissance_apparente,4210,2026-07-14T18:23:51.491Z
sensor.lixee_zlinky_tic_puissance_apparente,4200,2026-07-14T18:24:01.121Z
sensor.lixee_zlinky_tic_puissance_apparente,4220,2026-07-14T18:24:21.194Z
sensor.lixee_zlinky_tic_puissance_apparente,4230,2026-07-14T18:24:40.242Z
sensor.lixee_zlinky_tic_puissance_apparente,4250,2026-07-14T18:24:50.281Z
sensor.lixee_zlinky_tic_puissance_apparente,4330,2026-07-14T18:25:00.312Z
sensor.lixee_zlinky_tic_puissance_apparente,4310,2026-07-14T18:25:20.393Z
sensor.lixee_zlinky_tic_puissance_apparente,4320,2026-07-14T18:26:57.690Z
sensor.lixee_zlinky_tic_puissance_apparente,4330,2026-07-14T18:27:17.769Z
sensor.lixee_zlinky_tic_puissance_apparente,4340,2026-07-14T18:27:36.823Z
sensor.lixee_zlinky_tic_puissance_apparente,4320,2026-07-14T18:28:16.959Z
sensor.lixee_zlinky_tic_puissance_apparente,4300,2026-07-14T18:28:25.983Z
sensor.lixee_zlinky_tic_puissance_apparente,4320,2026-07-14T18:28:36.018Z
sensor.lixee_zlinky_tic_puissance_apparente,4340,2026-07-14T18:28:46.056Z
sensor.lixee_zlinky_tic_puissance_apparente,4330,2026-07-14T18:28:56.093Z
sensor.lixee_zlinky_tic_puissance_apparente,4340,2026-07-14T18:29:15.142Z
sensor.lixee_zlinky_tic_puissance_apparente,4350,2026-07-14T18:29:54.279Z
sensor.lixee_zlinky_tic_puissance_apparente,4340,2026-07-14T18:30:14.346Z
sensor.lixee_zlinky_tic_puissance_apparente,4350,2026-07-14T18:30:34.406Z
sensor.lixee_zlinky_tic_puissance_apparente,4340,2026-07-14T18:30:43.432Z
sensor.lixee_zlinky_tic_puissance_apparente,4350,2026-07-14T18:31:03.505Z
sensor.lixee_zlinky_tic_puissance_apparente,4360,2026-07-14T18:31:32.600Z
sensor.lixee_zlinky_tic_puissance_apparente,4370,2026-07-14T18:32:11.731Z
sensor.lixee_zlinky_tic_puissance_apparente,4380,2026-07-14T18:32:21.758Z
sensor.lixee_zlinky_tic_puissance_apparente,4350,2026-07-14T18:32:31.792Z
sensor.lixee_zlinky_tic_puissance_apparente,4360,2026-07-14T18:32:41.838Z
sensor.lixee_zlinky_tic_puissance_apparente,4390,2026-07-14T18:33:10.930Z
sensor.lixee_zlinky_tic_puissance_apparente,4370,2026-07-14T18:33:20.963Z
sensor.lixee_zlinky_tic_puissance_apparente,4390,2026-07-14T18:34:10.125Z
sensor.lixee_zlinky_tic_puissance_apparente,4400,2026-07-14T18:34:19.146Z
sensor.lixee_zlinky_tic_puissance_apparente,4410,2026-07-14T18:34:29.180Z
sensor.lixee_zlinky_tic_puissance_apparente,4330,2026-07-14T18:34:49.238Z
sensor.lixee_zlinky_tic_puissance_apparente,4310,2026-07-14T18:34:59.275Z
sensor.lixee_zlinky_tic_puissance_apparente,4300,2026-07-14T18:35:08.296Z
sensor.lixee_zlinky_tic_puissance_apparente,4310,2026-07-14T18:35:18.331Z
sensor.lixee_zlinky_tic_puissance_apparente,4300,2026-07-14T18:35:28.365Z
sensor.lixee_zlinky_tic_puissance_apparente,4310,2026-07-14T18:35:48.426Z
sensor.lixee_zlinky_tic_puissance_apparente,4300,2026-07-14T18:36:07.495Z
sensor.lixee_zlinky_tic_puissance_apparente,4290,2026-07-14T18:36:27.551Z
sensor.lixee_zlinky_tic_puissance_apparente,4260,2026-07-14T18:36:36.584Z
sensor.lixee_zlinky_tic_puissance_apparente,4250,2026-07-14T18:37:06.671Z
sensor.lixee_zlinky_tic_puissance_apparente,4260,2026-07-14T18:37:16.708Z
sensor.lixee_zlinky_tic_puissance_apparente,4270,2026-07-14T18:37:25.738Z
sensor.lixee_zlinky_tic_puissance_apparente,4280,2026-07-14T18:37:45.805Z
sensor.lixee_zlinky_tic_puissance_apparente,4300,2026-07-14T18:38:04.864Z
sensor.lixee_zlinky_tic_puissance_apparente,4280,2026-07-14T18:38:14.894Z
sensor.lixee_zlinky_tic_puissance_apparente,4290,2026-07-14T18:38:24.930Z
sensor.lixee_zlinky_tic_puissance_apparente,4280,2026-07-14T18:38:34.965Z
sensor.lixee_zlinky_tic_puissance_apparente,4290,2026-07-14T18:38:44.994Z
sensor.lixee_zlinky_tic_puissance_apparente,4280,2026-07-14T18:38:54.013Z
sensor.lixee_zlinky_tic_puissance_apparente,4270,2026-07-14T18:39:04.050Z
sensor.lixee_zlinky_tic_puissance_apparente,4280,2026-07-14T18:39:24.111Z
sensor.lixee_zlinky_tic_puissance_apparente,4270,2026-07-14T18:39:33.139Z
sensor.lixee_zlinky_tic_puissance_apparente,4280,2026-07-14T18:39:43.171Z
sensor.lixee_zlinky_tic_puissance_apparente,4290,2026-07-14T18:39:53.214Z
sensor.lixee_zlinky_tic_puissance_apparente,4280,2026-07-14T18:40:03.257Z
sensor.lixee_zlinky_tic_puissance_apparente,4290,2026-07-14T18:40:13.284Z
sensor.lixee_zlinky_tic_puissance_apparente,4280,2026-07-14T18:40:22.298Z
sensor.lixee_zlinky_tic_puissance_apparente,4260,2026-07-14T18:40:42.364Z
sensor.lixee_zlinky_tic_puissance_apparente,4270,2026-07-14T18:40:52.391Z
sensor.lixee_zlinky_tic_puissance_apparente,4260,2026-07-14T18:41:11.453Z
sensor.lixee_zlinky_tic_puissance_apparente,4270,2026-07-14T18:41:21.494Z
sensor.lixee_zlinky_tic_puissance_apparente,4290,2026-07-14T18:41:31.524Z
sensor.lixee_zlinky_tic_puissance_apparente,4300,2026-07-14T18:41:41.554Z
sensor.lixee_zlinky_tic_puissance_apparente,4290,2026-07-14T18:42:00.618Z
sensor.lixee_zlinky_tic_puissance_apparente,4300,2026-07-14T18:42:10.665Z
sensor.lixee_zlinky_tic_puissance_apparente,4290,2026-07-14T18:42:20.691Z
sensor.lixee_zlinky_tic_puissance_apparente,4300,2026-07-14T18:42:30.721Z
sensor.lixee_zlinky_tic_puissance_apparente,4290,2026-07-14T18:42:49.778Z
sensor.lixee_zlinky_tic_puissance_apparente,4370,2026-07-14T18:43:28.912Z
sensor.lixee_zlinky_tic_puissance_apparente,4380,2026-07-14T18:43:38.947Z
sensor.lixee_zlinky_tic_puissance_apparente,4360,2026-07-14T18:43:48.983Z
sensor.lixee_zlinky_tic_puissance_apparente,4350,2026-07-14T18:44:08.039Z
sensor.lixee_zlinky_tic_puissance_apparente,4360,2026-07-14T18:44:18.065Z
sensor.lixee_zlinky_tic_puissance_apparente,4350,2026-07-14T18:44:38.140Z
sensor.lixee_zlinky_tic_puissance_apparente,4330,2026-07-14T18:44:47.161Z
sensor.lixee_zlinky_tic_puissance_apparente,4320,2026-07-14T18:45:07.238Z
sensor.lixee_zlinky_tic_puissance_apparente,4330,2026-07-14T18:45:27.291Z
sensor.lixee_zlinky_tic_puissance_apparente,4360,2026-07-14T18:45:36.322Z
sensor.lixee_zlinky_tic_puissance_apparente,4350,2026-07-14T18:45:46.352Z
sensor.lixee_zlinky_tic_puissance_apparente,4360,2026-07-14T18:45:56.378Z
sensor.lixee_zlinky_tic_puissance_apparente,4350,2026-07-14T18:46:16.440Z
sensor.lixee_zlinky_tic_puissance_apparente,4370,2026-07-14T18:46:25.450Z
sensor.lixee_zlinky_tic_puissance_apparente,4380,2026-07-14T18:46:45.519Z
sensor.lixee_zlinky_tic_puissance_apparente,4370,2026-07-14T18:47:24.641Z
sensor.lixee_zlinky_tic_puissance_apparente,4380,2026-07-14T18:47:44.702Z
sensor.lixee_zlinky_tic_puissance_apparente,4390,2026-07-14T18:48:03.738Z
sensor.lixee_zlinky_tic_puissance_apparente,4380,2026-07-14T18:48:13.793Z
sensor.lixee_zlinky_tic_puissance_apparente,4390,2026-07-14T18:48:23.824Z
sensor.lixee_zlinky_tic_puissance_apparente,4400,2026-07-14T18:48:32.850Z
sensor.lixee_zlinky_tic_puissance_apparente,4390,2026-07-14T18:48:42.869Z
sensor.lixee_zlinky_tic_puissance_apparente,4370,2026-07-14T18:49:02.937Z
sensor.lixee_zlinky_tic_puissance_apparente,4350,2026-07-14T18:49:21.998Z
sensor.lixee_zlinky_tic_puissance_apparente,4380,2026-07-14T18:49:52.104Z
sensor.lixee_zlinky_tic_puissance_apparente,4370,2026-07-14T18:50:01.124Z
sensor.lixee_zlinky_tic_puissance_apparente,4380,2026-07-14T18:50:11.154Z
sensor.lixee_zlinky_tic_puissance_apparente,4390,2026-07-14T18:50:31.235Z
sensor.lixee_zlinky_tic_puissance_apparente,4400,2026-07-14T18:50:41.279Z
sensor.lixee_zlinky_tic_puissance_apparente,4390,2026-07-14T18:51:00.324Z
sensor.lixee_zlinky_tic_puissance_apparente,4340,2026-07-14T18:51:10.364Z
sensor.lixee_zlinky_tic_puissance_apparente,4310,2026-07-14T18:51:30.423Z
sensor.lixee_zlinky_tic_puissance_apparente,4300,2026-07-14T18:52:18.585Z
sensor.lixee_zlinky_tic_puissance_apparente,4290,2026-07-14T18:52:48.686Z
sensor.lixee_zlinky_tic_puissance_apparente,4280,2026-07-14T18:53:56.878Z
sensor.lixee_zlinky_tic_puissance_apparente,4290,2026-07-14T18:54:06.922Z
sensor.lixee_zlinky_tic_puissance_apparente,4300,2026-07-14T18:54:26.991Z
sensor.lixee_zlinky_tic_puissance_apparente,4290,2026-07-14T18:54:46.048Z
sensor.lixee_zlinky_tic_puissance_apparente,4300,2026-07-14T18:54:56.084Z
sensor.lixee_zlinky_tic_puissance_apparente,4290,2026-07-14T18:55:15.135Z
sensor.lixee_zlinky_tic_puissance_apparente,4310,2026-07-14T18:55:25.170Z
sensor.lixee_zlinky_tic_puissance_apparente,4320,2026-07-14T18:55:35.202Z
sensor.lixee_zlinky_tic_puissance_apparente,4330,2026-07-14T18:56:34.405Z
sensor.lixee_zlinky_tic_puissance_apparente,4310,2026-07-14T18:56:44.433Z
sensor.lixee_zlinky_tic_puissance_apparente,4320,2026-07-14T18:57:13.539Z
sensor.lixee_zlinky_tic_puissance_apparente,4310,2026-07-14T18:57:23.578Z
sensor.lixee_zlinky_tic_puissance_apparente,4330,2026-07-14T18:57:32.589Z
sensor.lixee_zlinky_tic_puissance_apparente,4340,2026-07-14T18:58:12.728Z
sensor.lixee_zlinky_tic_puissance_apparente,4350,2026-07-14T18:58:21.748Z
sensor.lixee_zlinky_tic_puissance_apparente,4360,2026-07-14T18:59:00.866Z
sensor.lixee_zlinky_tic_puissance_apparente,4350,2026-07-14T18:59:10.900Z
sensor.lixee_zlinky_tic_puissance_apparente,4360,2026-07-14T18:59:20.936Z
sensor.lixee_zlinky_tic_puissance_apparente,4350,2026-07-14T18:59:30.976Z
sensor.lixee_zlinky_tic_puissance_apparente,4360,2026-07-14T18:59:41.006Z
sensor.lixee_zlinky_tic_puissance_apparente,4350,2026-07-14T18:59:50.032Z
sensor.lixee_zlinky_tic_puissance_apparente,4360,2026-07-14T19:00:20.130Z
sensor.lixee_zlinky_tic_puissance_apparente,4370,2026-07-14T19:00:29.154Z
sensor.lixee_zlinky_tic_puissance_apparente,4350,2026-07-14T19:00:49.218Z
sensor.lixee_zlinky_tic_puissance_apparente,4380,2026-07-14T19:00:59.247Z
sensor.lixee_zlinky_tic_puissance_apparente,4370,2026-07-14T19:01:09.282Z
sensor.lixee_zlinky_tic_puissance_apparente,4350,2026-07-14T19:01:28.340Z
sensor.lixee_zlinky_tic_puissance_apparente,4390,2026-07-14T19:01:38.383Z
sensor.lixee_zlinky_tic_puissance_apparente,4400,2026-07-14T19:01:48.404Z
sensor.lixee_zlinky_tic_puissance_apparente,4360,2026-07-14T19:01:58.433Z
sensor.lixee_zlinky_tic_puissance_apparente,4370,2026-07-14T19:02:17.492Z
sensor.lixee_zlinky_tic_puissance_apparente,4330,2026-07-14T19:02:27.530Z
sensor.lixee_zlinky_tic_puissance_apparente,4340,2026-07-14T19:02:37.563Z
sensor.lixee_zlinky_tic_puissance_apparente,4330,2026-07-14T19:02:46.586Z
sensor.lixee_zlinky_tic_puissance_apparente,4340,2026-07-14T19:02:56.621Z
sensor.lixee_zlinky_tic_puissance_apparente,4330,2026-07-14T19:03:06.668Z
sensor.lixee_zlinky_tic_puissance_apparente,5260,2026-07-14T19:03:16.685Z
sensor.lixee_zlinky_tic_puissance_apparente,4420,2026-07-14T19:03:26.718Z
sensor.lixee_zlinky_tic_puissance_apparente,4430,2026-07-14T19:03:35.748Z
sensor.lixee_zlinky_tic_puissance_apparente,4450,2026-07-14T19:03:55.821Z
sensor.lixee_zlinky_tic_puissance_apparente,4460,2026-07-14T19:04:14.873Z
sensor.lixee_zlinky_tic_puissance_apparente,4560,2026-07-14T19:04:24.909Z
sensor.lixee_zlinky_tic_puissance_apparente,4650,2026-07-14T19:04:34.936Z
sensor.lixee_zlinky_tic_puissance_apparente,4680,2026-07-14T19:04:44.963Z
sensor.lixee_zlinky_tic_puissance_apparente,4690,2026-07-14T19:04:54.998Z
sensor.lixee_zlinky_tic_puissance_apparente,4680,2026-07-14T19:05:14.063Z
sensor.lixee_zlinky_tic_puissance_apparente,4670,2026-07-14T19:05:34.137Z
sensor.lixee_zlinky_tic_puissance_apparente,4680,2026-07-14T19:06:03.252Z
sensor.lixee_zlinky_tic_puissance_apparente,4670,2026-07-14T19:06:13.271Z
sensor.lixee_zlinky_tic_puissance_apparente,4680,2026-07-14T19:06:23.298Z
sensor.lixee_zlinky_tic_puissance_apparente,4670,2026-07-14T19:06:32.328Z
sensor.lixee_zlinky_tic_puissance_apparente,4680,2026-07-14T19:06:42.358Z
sensor.lixee_zlinky_tic_puissance_apparente,3530,2026-07-14T19:06:52.392Z
sensor.lixee_zlinky_tic_puissance_apparente,3540,2026-07-14T19:07:12.465Z
sensor.lixee_zlinky_tic_puissance_apparente,3380,2026-07-14T19:07:21.488Z
sensor.lixee_zlinky_tic_puissance_apparente,3390,2026-07-14T19:07:31.524Z
sensor.lixee_zlinky_tic_puissance_apparente,3450,2026-07-14T19:07:41.566Z
sensor.lixee_zlinky_tic_puissance_apparente,3540,2026-07-14T19:07:51.591Z
sensor.lixee_zlinky_tic_puissance_apparente,3530,2026-07-14T19:08:20.686Z
sensor.lixee_zlinky_tic_puissance_apparente,3540,2026-07-14T19:08:30.722Z
sensor.lixee_zlinky_tic_puissance_apparente,3390,2026-07-14T19:08:49.780Z
sensor.lixee_zlinky_tic_puissance_apparente,4540,2026-07-14T19:09:48.981Z
sensor.lixee_zlinky_tic_puissance_apparente,4620,2026-07-14T19:09:59.014Z
sensor.lixee_zlinky_tic_puissance_apparente,4630,2026-07-14T19:10:28.108Z
sensor.lixee_zlinky_tic_puissance_apparente,4610,2026-07-14T19:10:52.473Z
sensor.lixee_zlinky_tic_puissance_apparente,4630,2026-07-14T19:10:57.205Z
sensor.lixee_zlinky_tic_puissance_apparente,4650,2026-07-14T19:11:07.225Z
sensor.lixee_zlinky_tic_puissance_apparente,4660,2026-07-14T19:11:17.269Z
sensor.lixee_zlinky_tic_puissance_apparente,4680,2026-07-14T19:11:27.294Z
sensor.lixee_zlinky_tic_puissance_apparente,4690,2026-07-14T19:11:37.341Z
sensor.lixee_zlinky_tic_puissance_apparente,4700,2026-07-14T19:12:06.438Z
sensor.lixee_zlinky_tic_puissance_apparente,4680,2026-07-14T19:12:25.497Z
sensor.lixee_zlinky_tic_puissance_apparente,4690,2026-07-14T19:12:35.526Z
sensor.lixee_zlinky_tic_puissance_apparente,4680,2026-07-14T19:12:45.569Z
sensor.lixee_zlinky_tic_puissance_apparente,4690,2026-07-14T19:12:55.601Z
sensor.lixee_zlinky_tic_puissance_apparente,4620,2026-07-14T19:13:05.641Z
sensor.lixee_zlinky_tic_puissance_apparente,4600,2026-07-14T19:13:14.654Z
sensor.lixee_zlinky_tic_puissance_apparente,4580,2026-07-14T19:13:34.726Z
sensor.lixee_zlinky_tic_puissance_apparente,4590,2026-07-14T19:13:44.769Z
sensor.lixee_zlinky_tic_puissance_apparente,4580,2026-07-14T19:13:53.789Z
sensor.lixee_zlinky_tic_puissance_apparente,4590,2026-07-14T19:14:13.862Z
sensor.lixee_zlinky_tic_puissance_apparente,4570,2026-07-14T19:14:33.928Z
sensor.lixee_zlinky_tic_puissance_apparente,4590,2026-07-14T19:14:42.956Z
sensor.lixee_zlinky_tic_puissance_apparente,4600,2026-07-14T19:15:03.023Z
sensor.lixee_zlinky_tic_puissance_apparente,4620,2026-07-14T19:15:13.049Z
sensor.lixee_zlinky_tic_puissance_apparente,4610,2026-07-14T19:15:32.111Z
sensor.lixee_zlinky_tic_puissance_apparente,4620,2026-07-14T19:15:52.177Z
sensor.lixee_zlinky_tic_puissance_apparente,4630,2026-07-14T19:16:02.220Z
sensor.lixee_zlinky_tic_puissance_apparente,6520,2026-07-14T19:16:21.284Z
sensor.lixee_zlinky_tic_puissance_apparente,6440,2026-07-14T19:16:31.320Z
sensor.lixee_zlinky_tic_puissance_apparente,4600,2026-07-14T19:16:41.343Z
sensor.lixee_zlinky_tic_puissance_apparente,4610,2026-07-14T19:16:51.380Z
sensor.lixee_zlinky_tic_puissance_apparente,4620,2026-07-14T19:17:00.409Z
sensor.lixee_zlinky_tic_puissance_apparente,4610,2026-07-14T19:17:10.439Z
sensor.lixee_zlinky_tic_puissance_apparente,4590,2026-07-14T19:17:20.482Z
sensor.lixee_zlinky_tic_puissance_apparente,4580,2026-07-14T19:17:40.548Z
sensor.lixee_zlinky_tic_puissance_apparente,4590,2026-07-14T19:17:49.577Z
sensor.lixee_zlinky_tic_puissance_apparente,4580,2026-07-14T19:17:59.616Z
sensor.lixee_zlinky_tic_puissance_apparente,4610,2026-07-14T19:18:09.647Z
sensor.lixee_zlinky_tic_puissance_apparente,4580,2026-07-14T19:18:19.677Z
sensor.lixee_zlinky_tic_puissance_apparente,4490,2026-07-14T19:18:28.700Z
sensor.lixee_zlinky_tic_puissance_apparente,6340,2026-07-14T19:18:38.748Z
sensor.lixee_zlinky_tic_puissance_apparente,6390,2026-07-14T19:18:48.766Z
sensor.lixee_zlinky_tic_puissance_apparente,6350,2026-07-14T19:18:58.797Z
sensor.lixee_zlinky_tic_puissance_apparente,4540,2026-07-14T19:19:08.848Z
sensor.lixee_zlinky_tic_puissance_apparente,4500,2026-07-14T19:19:38.183Z
sensor.lixee_zlinky_tic_puissance_apparente,4530,2026-07-14T19:19:47.952Z
sensor.lixee_zlinky_tic_puissance_apparente,4540,2026-07-14T19:19:56.977Z
sensor.lixee_zlinky_tic_puissance_apparente,4520,2026-07-14T19:20:07.010Z
sensor.lixee_zlinky_tic_puissance_apparente,4490,2026-07-14T19:20:17.054Z
sensor.lixee_zlinky_tic_puissance_apparente,4500,2026-07-14T19:20:27.076Z
sensor.lixee_zlinky_tic_puissance_apparente,4560,2026-07-14T19:20:37.103Z
sensor.lixee_zlinky_tic_puissance_apparente,4550,2026-07-14T19:20:46.120Z
sensor.lixee_zlinky_tic_puissance_apparente,4540,2026-07-14T19:20:56.154Z
sensor.lixee_zlinky_tic_puissance_apparente,4500,2026-07-14T19:21:06.200Z
sensor.lixee_zlinky_tic_puissance_apparente,4510,2026-07-14T19:21:16.225Z
sensor.lixee_zlinky_tic_puissance_apparente,4530,2026-07-14T19:21:25.251Z
sensor.lixee_zlinky_tic_puissance_apparente,4480,2026-07-14T19:21:45.314Z
sensor.lixee_zlinky_tic_puissance_apparente,4460,2026-07-14T19:21:55.348Z
sensor.lixee_zlinky_tic_puissance_apparente,6320,2026-07-14T19:22:05.376Z
sensor.lixee_zlinky_tic_puissance_apparente,6250,2026-07-14T19:22:14.410Z
sensor.lixee_zlinky_tic_puissance_apparente,4440,2026-07-14T19:22:24.440Z
sensor.lixee_zlinky_tic_puissance_apparente,4430,2026-07-14T19:22:34.474Z
sensor.lixee_zlinky_tic_puissance_apparente,4480,2026-07-14T19:22:44.513Z
sensor.lixee_zlinky_tic_puissance_apparente,4470,2026-07-14T19:22:54.541Z
sensor.lixee_zlinky_tic_puissance_apparente,4450,2026-07-14T19:23:03.572Z
sensor.lixee_zlinky_tic_puissance_apparente,4480,2026-07-14T19:23:13.612Z
sensor.lixee_zlinky_tic_puissance_apparente,4490,2026-07-14T19:23:42.682Z
sensor.lixee_zlinky_tic_puissance_apparente,4480,2026-07-14T19:23:52.711Z
sensor.lixee_zlinky_tic_puissance_apparente,6340,2026-07-14T19:24:02.748Z
sensor.lixee_zlinky_tic_puissance_apparente,6280,2026-07-14T19:24:12.787Z
sensor.lixee_zlinky_tic_puissance_apparente,6220,2026-07-14T19:24:22.807Z
sensor.lixee_zlinky_tic_puissance_apparente,4490,2026-07-14T19:24:31.850Z
sensor.lixee_zlinky_tic_puissance_apparente,4470,2026-07-14T19:24:41.852Z
sensor.lixee_zlinky_tic_puissance_apparente,4460,2026-07-14T19:24:51.893Z
sensor.lixee_zlinky_tic_puissance_apparente,4440,2026-07-14T19:25:31.001Z
sensor.lixee_zlinky_tic_puissance_apparente,4420,2026-07-14T19:25:41.038Z
sensor.lixee_zlinky_tic_puissance_apparente,6330,2026-07-14T19:25:51.074Z
sensor.lixee_zlinky_tic_puissance_apparente,6250,2026-07-14T19:26:00.098Z
sensor.lixee_zlinky_tic_puissance_apparente,6210,2026-07-14T19:26:10.131Z
sensor.lixee_zlinky_tic_puissance_apparente,4410,2026-07-14T19:26:20.165Z
sensor.lixee_zlinky_tic_puissance_apparente,4440,2026-07-14T19:26:30.196Z
sensor.lixee_zlinky_tic_puissance_apparente,4430,2026-07-14T19:26:40.223Z
sensor.lixee_zlinky_tic_puissance_apparente,4440,2026-07-14T19:26:49.254Z
sensor.lixee_zlinky_tic_puissance_apparente,4430,2026-07-14T19:26:59.281Z
sensor.lixee_zlinky_tic_puissance_apparente,4460,2026-07-14T19:27:09.316Z
sensor.lixee_zlinky_tic_puissance_apparente,4430,2026-07-14T19:27:19.353Z
sensor.lixee_zlinky_tic_puissance_apparente,4440,2026-07-14T19:27:28.380Z
sensor.lixee_zlinky_tic_puissance_apparente,4420,2026-07-14T19:27:38.408Z
sensor.lixee_zlinky_tic_puissance_apparente,6260,2026-07-14T19:27:48.446Z
sensor.lixee_zlinky_tic_puissance_apparente,6230,2026-07-14T19:27:58.477Z
sensor.lixee_zlinky_tic_puissance_apparente,6180,2026-07-14T19:28:08.498Z
sensor.lixee_zlinky_tic_puissance_apparente,4420,2026-07-14T19:28:17.532Z
sensor.lixee_zlinky_tic_puissance_apparente,4330,2026-07-14T19:28:27.553Z
sensor.lixee_zlinky_tic_puissance_apparente,4320,2026-07-14T19:28:37.580Z
sensor.lixee_zlinky_tic_puissance_apparente,4310,2026-07-14T19:28:47.617Z
sensor.lixee_zlinky_tic_puissance_apparente,4300,2026-07-14T19:29:16.699Z
sensor.lixee_zlinky_tic_puissance_apparente,4290,2026-07-14T19:29:26.730Z
sensor.lixee_zlinky_tic_puissance_apparente,4300,2026-07-14T19:29:55.826Z
sensor.lixee_zlinky_tic_puissance_apparente,4280,2026-07-14T19:30:15.887Z
sensor.lixee_zlinky_tic_puissance_apparente,4290,2026-07-14T19:30:25.927Z
sensor.lixee_zlinky_tic_puissance_apparente,4280,2026-07-14T19:30:44.986Z
sensor.lixee_zlinky_tic_puissance_apparente,4270,2026-07-14T19:30:55.019Z
sensor.lixee_zlinky_tic_puissance_apparente,4260,2026-07-14T19:31:05.041Z
sensor.lixee_zlinky_tic_puissance_apparente,6110,2026-07-14T19:31:14.070Z
sensor.lixee_zlinky_tic_puissance_apparente,6070,2026-07-14T19:31:24.093Z
sensor.lixee_zlinky_tic_puissance_apparente,4270,2026-07-14T19:31:34.134Z
sensor.lixee_zlinky_tic_puissance_apparente,4250,2026-07-14T19:31:44.163Z
sensor.lixee_zlinky_tic_puissance_apparente,4260,2026-07-14T19:32:03.217Z
sensor.lixee_zlinky_tic_puissance_apparente,4250,2026-07-14T19:32:23.296Z
sensor.lixee_zlinky_tic_puissance_apparente,4240,2026-07-14T19:32:33.329Z
sensor.lixee_zlinky_tic_puissance_apparente,4250,2026-07-14T19:32:52.384Z
sensor.lixee_zlinky_tic_puissance_apparente,4240,2026-07-14T19:33:02.418Z
sensor.lixee_zlinky_tic_puissance_apparente,4250,2026-07-14T19:33:12.453Z
sensor.lixee_zlinky_tic_puissance_apparente,4260,2026-07-14T19:33:31.509Z
sensor.lixee_zlinky_tic_puissance_apparente,4250,2026-07-14T19:33:41.536Z
sensor.lixee_zlinky_tic_puissance_apparente,4240,2026-07-14T19:33:51.581Z
sensor.lixee_zlinky_tic_puissance_apparente,4250,2026-07-14T19:34:01.608Z
sensor.lixee_zlinky_tic_puissance_apparente,4260,2026-07-14T19:34:10.640Z
sensor.lixee_zlinky_tic_puissance_apparente,4270,2026-07-14T19:34:40.742Z
sensor.lixee_zlinky_tic_puissance_apparente,5020,2026-07-14T19:34:50.773Z
sensor.lixee_zlinky_tic_puissance_apparente,6080,2026-07-14T19:34:59.800Z
sensor.lixee_zlinky_tic_puissance_apparente,6030,2026-07-14T19:35:09.836Z
sensor.lixee_zlinky_tic_puissance_apparente,4260,2026-07-14T19:35:19.873Z
sensor.lixee_zlinky_tic_puissance_apparente,4300,2026-07-14T19:35:29.904Z
sensor.lixee_zlinky_tic_puissance_apparente,4280,2026-07-14T19:35:38.925Z
sensor.lixee_zlinky_tic_puissance_apparente,4270,2026-07-14T19:35:59.005Z
sensor.lixee_zlinky_tic_puissance_apparente,4280,2026-07-14T19:36:09.035Z
sensor.lixee_zlinky_tic_puissance_apparente,4260,2026-07-14T19:36:28.090Z
sensor.lixee_zlinky_tic_puissance_apparente,4280,2026-07-14T19:36:48.160Z
sensor.lixee_zlinky_tic_puissance_apparente,4240,2026-07-14T19:36:58.187Z
sensor.lixee_zlinky_tic_puissance_apparente,4250,2026-07-14T19:37:08.234Z
sensor.lixee_zlinky_tic_puissance_apparente,4260,2026-07-14T19:37:17.256Z
sensor.lixee_zlinky_tic_puissance_apparente,4280,2026-07-14T19:37:27.293Z
sensor.lixee_zlinky_tic_puissance_apparente,4270,2026-07-14T19:37:47.344Z
sensor.lixee_zlinky_tic_puissance_apparente,6120,2026-07-14T19:37:56.380Z
sensor.lixee_zlinky_tic_puissance_apparente,6080,2026-07-14T19:38:06.406Z
sensor.lixee_zlinky_tic_puissance_apparente,4270,2026-07-14T19:38:16.447Z
sensor.lixee_zlinky_tic_puissance_apparente,4260,2026-07-14T19:38:55.556Z
sensor.lixee_zlinky_tic_puissance_apparente,4240,2026-07-14T19:39:24.649Z
sensor.lixee_zlinky_tic_puissance_apparente,4250,2026-07-14T19:39:34.683Z
sensor.lixee_zlinky_tic_puissance_apparente,4260,2026-07-14T19:39:44.724Z
sensor.lixee_zlinky_tic_puissance_apparente,4250,2026-07-14T19:40:04.784Z
sensor.lixee_zlinky_tic_puissance_apparente,4270,2026-07-14T19:41:02.959Z
sensor.lixee_zlinky_tic_puissance_apparente,4250,2026-07-14T19:41:13.005Z
sensor.lixee_zlinky_tic_puissance_apparente,6210,2026-07-14T19:41:33.066Z
sensor.lixee_zlinky_tic_puissance_apparente,6150,2026-07-14T19:41:42.097Z
sensor.lixee_zlinky_tic_puissance_apparente,6100,2026-07-14T19:41:52.128Z
sensor.lixee_zlinky_tic_puissance_apparente,4340,2026-07-14T19:42:02.166Z
sensor.lixee_zlinky_tic_puissance_apparente,4330,2026-07-14T19:42:22.235Z
sensor.lixee_zlinky_tic_puissance_apparente,4340,2026-07-14T19:42:31.245Z
sensor.lixee_zlinky_tic_puissance_apparente,4360,2026-07-14T19:42:41.278Z
sensor.lixee_zlinky_tic_puissance_apparente,4350,2026-07-14T19:42:51.317Z
sensor.lixee_zlinky_tic_puissance_apparente,4330,2026-07-14T19:43:01.343Z
sensor.lixee_zlinky_tic_puissance_apparente,4350,2026-07-14T19:43:20.407Z
sensor.lixee_zlinky_tic_puissance_apparente,4340,2026-07-14T19:43:30.446Z
sensor.lixee_zlinky_tic_puissance_apparente,4350,2026-07-14T19:43:59.551Z
sensor.lixee_zlinky_tic_puissance_apparente,4340,2026-07-14T19:44:09.583Z
sensor.lixee_zlinky_tic_puissance_apparente,4350,2026-07-14T19:44:19.620Z
sensor.lixee_zlinky_tic_puissance_apparente,4360,2026-07-14T19:44:29.647Z
sensor.lixee_zlinky_tic_puissance_apparente,4340,2026-07-14T19:44:48.714Z
sensor.lixee_zlinky_tic_puissance_apparente,4350,2026-07-14T19:44:58.755Z
sensor.lixee_zlinky_tic_puissance_apparente,4360,2026-07-14T19:45:08.788Z
sensor.lixee_zlinky_tic_puissance_apparente,6200,2026-07-14T19:45:18.828Z
sensor.lixee_zlinky_tic_puissance_apparente,6130,2026-07-14T19:45:27.852Z
sensor.lixee_zlinky_tic_puissance_apparente,4350,2026-07-14T19:45:37.868Z
sensor.lixee_zlinky_tic_puissance_apparente,4330,2026-07-14T19:45:57.940Z
sensor.lixee_zlinky_tic_puissance_apparente,4350,2026-07-14T19:46:17.003Z
sensor.lixee_zlinky_tic_puissance_apparente,4360,2026-07-14T19:46:56.123Z
sensor.lixee_zlinky_tic_puissance_apparente,4340,2026-07-14T19:47:06.148Z
sensor.lixee_zlinky_tic_puissance_apparente,4350,2026-07-14T19:47:16.191Z
sensor.lixee_zlinky_tic_puissance_apparente,4380,2026-07-14T19:47:25.718Z
sensor.lixee_zlinky_tic_puissance_apparente,4360,2026-07-14T19:47:35.257Z
sensor.lixee_zlinky_tic_puissance_apparente,4370,2026-07-14T19:47:45.289Z
sensor.lixee_zlinky_tic_puissance_apparente,4380,2026-07-14T19:48:04.864Z
sensor.lixee_zlinky_tic_puissance_apparente,4370,2026-07-14T19:48:15.397Z
sensor.lixee_zlinky_tic_puissance_apparente,4380,2026-07-14T19:48:34.450Z
sensor.lixee_zlinky_tic_puissance_apparente,4370,2026-07-14T19:48:44.014Z
sensor.lixee_zlinky_tic_puissance_apparente,4390,2026-07-14T19:48:54.528Z
sensor.lixee_zlinky_tic_puissance_apparente,6210,2026-07-14T19:49:03.571Z
sensor.lixee_zlinky_tic_puissance_apparente,6190,2026-07-14T19:49:13.585Z
sensor.lixee_zlinky_tic_puissance_apparente,4390,2026-07-14T19:49:23.632Z
sensor.lixee_zlinky_tic_puissance_apparente,4380,2026-07-14T19:49:33.664Z
sensor.lixee_zlinky_tic_puissance_apparente,4410,2026-07-14T19:49:43.688Z
sensor.lixee_zlinky_tic_puissance_apparente,4400,2026-07-14T19:49:52.715Z
sensor.lixee_zlinky_tic_puissance_apparente,4380,2026-07-14T19:50:02.748Z
sensor.lixee_zlinky_tic_puissance_apparente,4370,2026-07-14T19:50:12.788Z
sensor.lixee_zlinky_tic_puissance_apparente,4390,2026-07-14T19:50:22.823Z
sensor.lixee_zlinky_tic_puissance_apparente,4360,2026-07-14T19:50:32.867Z
sensor.lixee_zlinky_tic_puissance_apparente,4370,2026-07-14T19:50:41.889Z
sensor.lixee_zlinky_tic_puissance_apparente,4380,2026-07-14T19:51:01.959Z
sensor.lixee_zlinky_tic_puissance_apparente,4370,2026-07-14T19:51:11.994Z
sensor.lixee_zlinky_tic_puissance_apparente,4300,2026-07-14T19:51:21.020Z
sensor.lixee_zlinky_tic_puissance_apparente,4290,2026-07-14T19:51:51.124Z
sensor.lixee_zlinky_tic_puissance_apparente,4300,2026-07-14T19:52:01.151Z
sensor.lixee_zlinky_tic_puissance_apparente,4350,2026-07-14T19:52:10.182Z
sensor.lixee_zlinky_tic_puissance_apparente,4330,2026-07-14T19:52:20.216Z
sensor.lixee_zlinky_tic_puissance_apparente,4310,2026-07-14T19:52:30.251Z
sensor.lixee_zlinky_tic_puissance_apparente,4340,2026-07-14T19:52:40.283Z
sensor.lixee_zlinky_tic_puissance_apparente,4330,2026-07-14T19:52:49.308Z
sensor.lixee_zlinky_tic_puissance_apparente,4340,2026-07-14T19:52:59.345Z
sensor.lixee_zlinky_tic_puissance_apparente,4320,2026-07-14T19:53:09.381Z
sensor.lixee_zlinky_tic_puissance_apparente,4340,2026-07-14T19:53:19.416Z
sensor.lixee_zlinky_tic_puissance_apparente,4310,2026-07-14T19:53:29.444Z
sensor.lixee_zlinky_tic_puissance_apparente,4300,2026-07-14T19:53:38.473Z
sensor.lixee_zlinky_tic_puissance_apparente,4310,2026-07-14T19:53:48.492Z
sensor.lixee_zlinky_tic_puissance_apparente,4300,2026-07-14T19:53:58.532Z
sensor.lixee_zlinky_tic_puissance_apparente,4320,2026-07-14T19:54:08.569Z
sensor.lixee_zlinky_tic_puissance_apparente,4340,2026-07-14T19:54:27.618Z
sensor.lixee_zlinky_tic_puissance_apparente,4320,2026-07-14T19:54:37.649Z
sensor.lixee_zlinky_tic_puissance_apparente,4330,2026-07-14T19:54:47.688Z
sensor.lixee_zlinky_tic_puissance_apparente,4340,2026-07-14T19:54:57.719Z
sensor.lixee_zlinky_tic_puissance_apparente,4350,2026-07-14T19:55:26.799Z
sensor.lixee_zlinky_tic_puissance_apparente,4370,2026-07-14T19:55:36.834Z
sensor.lixee_zlinky_tic_puissance_apparente,4360,2026-07-14T19:55:46.867Z
sensor.lixee_zlinky_tic_puissance_apparente,4370,2026-07-14T19:55:55.885Z
sensor.lixee_zlinky_tic_puissance_apparente,4380,2026-07-14T19:56:05.928Z
sensor.lixee_zlinky_tic_puissance_apparente,4340,2026-07-14T19:56:15.957Z
sensor.lixee_zlinky_tic_puissance_apparente,4360,2026-07-14T19:57:15.140Z
sensor.lixee_zlinky_tic_puissance_apparente,4340,2026-07-14T19:57:24.155Z
sensor.lixee_zlinky_tic_puissance_apparente,4330,2026-07-14T19:57:34.191Z
sensor.lixee_zlinky_tic_puissance_apparente,4360,2026-07-14T19:57:54.260Z
sensor.lixee_zlinky_tic_puissance_apparente,4340,2026-07-14T19:58:03.288Z
sensor.lixee_zlinky_tic_puissance_apparente,4400,2026-07-14T19:58:13.309Z
sensor.lixee_zlinky_tic_puissance_apparente,4410,2026-07-14T19:58:23.345Z
sensor.lixee_zlinky_tic_puissance_apparente,4380,2026-07-14T19:58:33.380Z
sensor.lixee_zlinky_tic_puissance_apparente,6220,2026-07-14T19:58:43.411Z
sensor.lixee_zlinky_tic_puissance_apparente,6170,2026-07-14T19:58:52.442Z
sensor.lixee_zlinky_tic_puissance_apparente,4420,2026-07-14T19:59:02.485Z
sensor.lixee_zlinky_tic_puissance_apparente,4400,2026-07-14T19:59:12.525Z
sensor.lixee_zlinky_tic_puissance_apparente,4410,2026-07-14T19:59:31.583Z
sensor.lixee_zlinky_tic_puissance_apparente,4400,2026-07-14T19:59:41.617Z
sensor.lixee_zlinky_tic_puissance_apparente,4410,2026-07-14T19:59:51.651Z
sensor.lixee_zlinky_tic_puissance_apparente,4390,2026-07-14T20:00:01.680Z
sensor.lixee_zlinky_tic_puissance_apparente,4310,2026-07-14T20:00:11.720Z
sensor.lixee_zlinky_tic_puissance_apparente,4260,2026-07-14T20:00:20.745Z
sensor.lixee_zlinky_tic_puissance_apparente,4200,2026-07-14T20:00:30.778Z
sensor.lixee_zlinky_tic_puissance_apparente,4160,2026-07-14T20:00:40.809Z
sensor.lixee_zlinky_tic_puissance_apparente,4110,2026-07-14T20:00:50.840Z
sensor.lixee_zlinky_tic_puissance_apparente,4100,2026-07-14T20:00:59.866Z
sensor.lixee_zlinky_tic_puissance_apparente,4080,2026-07-14T20:01:09.908Z
sensor.lixee_zlinky_tic_puissance_apparente,4070,2026-07-14T20:01:19.949Z
sensor.lixee_zlinky_tic_puissance_apparente,4080,2026-07-14T20:01:29.981Z
sensor.lixee_zlinky_tic_puissance_apparente,4070,2026-07-14T20:01:40.012Z
sensor.lixee_zlinky_tic_puissance_apparente,4080,2026-07-14T20:01:49.026Z
sensor.lixee_zlinky_tic_puissance_apparente,4090,2026-07-14T20:01:59.060Z
sensor.lixee_zlinky_tic_puissance_apparente,4130,2026-07-14T20:02:09.106Z
sensor.lixee_zlinky_tic_puissance_apparente,4110,2026-07-14T20:02:19.124Z
sensor.lixee_zlinky_tic_puissance_apparente,4130,2026-07-14T20:02:38.187Z
sensor.lixee_zlinky_tic_puissance_apparente,4120,2026-07-14T20:02:48.232Z
sensor.lixee_zlinky_tic_puissance_apparente,4150,2026-07-14T20:03:08.288Z
sensor.lixee_zlinky_tic_puissance_apparente,4140,2026-07-14T20:03:17.308Z
sensor.lixee_zlinky_tic_puissance_apparente,4130,2026-07-14T20:03:27.350Z
sensor.lixee_zlinky_tic_puissance_apparente,4220,2026-07-14T20:03:37.383Z
sensor.lixee_zlinky_tic_puissance_apparente,4200,2026-07-14T20:03:47.399Z
sensor.lixee_zlinky_tic_puissance_apparente,4180,2026-07-14T20:03:57.439Z
sensor.lixee_zlinky_tic_puissance_apparente,4160,2026-07-14T20:04:06.462Z
sensor.lixee_zlinky_tic_puissance_apparente,4180,2026-07-14T20:04:16.484Z
sensor.lixee_zlinky_tic_puissance_apparente,4160,2026-07-14T20:04:26.516Z
sensor.lixee_zlinky_tic_puissance_apparente,4180,2026-07-14T20:04:36.550Z
sensor.lixee_zlinky_tic_puissance_apparente,4200,2026-07-14T20:04:45.580Z
sensor.lixee_zlinky_tic_puissance_apparente,4180,2026-07-14T20:04:55.608Z
sensor.lixee_zlinky_tic_puissance_apparente,4170,2026-07-14T20:05:05.646Z
sensor.lixee_zlinky_tic_puissance_apparente,4370,2026-07-14T20:05:15.682Z
sensor.lixee_zlinky_tic_puissance_apparente,5650,2026-07-14T20:05:25.708Z
sensor.lixee_zlinky_tic_puissance_apparente,5600,2026-07-14T20:05:34.732Z
sensor.lixee_zlinky_tic_puissance_apparente,4420,2026-07-14T20:05:44.760Z
sensor.lixee_zlinky_tic_puissance_apparente,4160,2026-07-14T20:05:54.809Z
sensor.lixee_zlinky_tic_puissance_apparente,5960,2026-07-14T20:06:04.837Z
sensor.lixee_zlinky_tic_puissance_apparente,6900,2026-07-14T20:06:14.869Z
sensor.lixee_zlinky_tic_puissance_apparente,6340,2026-07-14T20:06:23.892Z
sensor.lixee_zlinky_tic_puissance_apparente,5130,2026-07-14T20:06:33.917Z
sensor.lixee_zlinky_tic_puissance_apparente,4090,2026-07-14T20:06:43.961Z
sensor.lixee_zlinky_tic_puissance_apparente,4100,2026-07-14T20:07:03.011Z
sensor.lixee_zlinky_tic_puissance_apparente,4090,2026-07-14T20:07:23.089Z
sensor.lixee_zlinky_tic_puissance_apparente,5190,2026-07-14T20:07:33.128Z
sensor.lixee_zlinky_tic_puissance_apparente,5200,2026-07-14T20:07:43.161Z
sensor.lixee_zlinky_tic_puissance_apparente,4130,2026-07-14T20:07:52.183Z
sensor.lixee_zlinky_tic_puissance_apparente,5210,2026-07-14T20:08:12.254Z
sensor.lixee_zlinky_tic_puissance_apparente,5200,2026-07-14T20:08:22.287Z
sensor.lixee_zlinky_tic_puissance_apparente,5020,2026-07-14T20:08:31.305Z
sensor.lixee_zlinky_tic_puissance_apparente,4130,2026-07-14T20:08:41.321Z
sensor.lixee_zlinky_tic_puissance_apparente,4520,2026-07-14T20:08:51.361Z
sensor.lixee_zlinky_tic_puissance_apparente,4160,2026-07-14T20:09:01.393Z
sensor.lixee_zlinky_tic_puissance_apparente,4180,2026-07-14T20:09:20.457Z
sensor.lixee_zlinky_tic_puissance_apparente,4100,2026-07-14T20:09:30.490Z
sensor.lixee_zlinky_tic_puissance_apparente,4130,2026-07-14T20:09:50.557Z
sensor.lixee_zlinky_tic_puissance_apparente,4140,2026-07-14T20:09:59.586Z
sensor.lixee_zlinky_tic_puissance_apparente,4130,2026-07-14T20:10:09.608Z
sensor.lixee_zlinky_tic_puissance_apparente,4140,2026-07-14T20:10:19.647Z
sensor.lixee_zlinky_tic_puissance_apparente,5580,2026-07-14T20:10:39.717Z
sensor.lixee_zlinky_tic_puissance_apparente,4160,2026-07-14T20:10:48.743Z
sensor.lixee_zlinky_tic_puissance_apparente,4150,2026-07-14T20:10:58.774Z
sensor.lixee_zlinky_tic_puissance_apparente,4140,2026-07-14T20:11:08.812Z
sensor.lixee_zlinky_tic_puissance_apparente,4160,2026-07-14T20:11:27.877Z
sensor.lixee_zlinky_tic_puissance_apparente,4170,2026-07-14T20:11:47.946Z
sensor.lixee_zlinky_tic_puissance_apparente,4200,2026-07-14T20:11:57.982Z
sensor.lixee_zlinky_tic_puissance_apparente,4210,2026-07-14T20:12:08.018Z
sensor.lixee_zlinky_tic_puissance_apparente,4200,2026-07-14T20:12:27.082Z
sensor.lixee_zlinky_tic_puissance_apparente,4210,2026-07-14T20:12:37.110Z
sensor.lixee_zlinky_tic_puissance_apparente,4200,2026-07-14T20:12:47.141Z
sensor.lixee_zlinky_tic_puissance_apparente,4250,2026-07-14T20:12:57.170Z
sensor.lixee_zlinky_tic_puissance_apparente,4260,2026-07-14T20:13:06.188Z
sensor.lixee_zlinky_tic_puissance_apparente,4270,2026-07-14T20:13:45.331Z
sensor.lixee_zlinky_tic_puissance_apparente,4240,2026-07-14T20:13:55.356Z
sensor.lixee_zlinky_tic_puissance_apparente,4250,2026-07-14T20:14:05.393Z
sensor.lixee_zlinky_tic_puissance_apparente,4260,2026-07-14T20:14:15.426Z
sensor.lixee_zlinky_tic_puissance_apparente,4250,2026-07-14T20:14:25.468Z
sensor.lixee_zlinky_tic_puissance_apparente,4240,2026-07-14T20:14:34.487Z
sensor.lixee_zlinky_tic_puissance_apparente,4250,2026-07-14T20:14:44.525Z
sensor.lixee_zlinky_tic_puissance_apparente,4240,2026-07-14T20:14:54.554Z
sensor.lixee_zlinky_tic_puissance_apparente,4220,2026-07-14T20:15:04.591Z
sensor.lixee_zlinky_tic_puissance_apparente,4210,2026-07-14T20:15:13.621Z
sensor.lixee_zlinky_tic_puissance_apparente,4230,2026-07-14T20:15:23.650Z
sensor.lixee_zlinky_tic_puissance_apparente,4210,2026-07-14T20:15:33.684Z
sensor.lixee_zlinky_tic_puissance_apparente,4270,2026-07-14T20:15:53.757Z
sensor.lixee_zlinky_tic_puissance_apparente,4280,2026-07-14T20:16:02.767Z
sensor.lixee_zlinky_tic_puissance_apparente,4270,2026-07-14T20:16:12.805Z
sensor.lixee_zlinky_tic_puissance_apparente,4260,2026-07-14T20:16:22.842Z
sensor.lixee_zlinky_tic_puissance_apparente,4290,2026-07-14T20:16:32.895Z
sensor.lixee_zlinky_tic_puissance_apparente,4280,2026-07-14T20:16:41.920Z
sensor.lixee_zlinky_tic_puissance_apparente,4250,2026-07-14T20:16:51.947Z
sensor.lixee_zlinky_tic_puissance_apparente,4260,2026-07-14T20:17:01.987Z
sensor.lixee_zlinky_tic_puissance_apparente,4190,2026-07-14T20:17:12.022Z
sensor.lixee_zlinky_tic_puissance_apparente,4240,2026-07-14T20:17:31.087Z
sensor.lixee_zlinky_tic_puissance_apparente,4250,2026-07-14T20:18:10.217Z
sensor.lixee_zlinky_tic_puissance_apparente,4240,2026-07-14T20:18:20.240Z
sensor.lixee_zlinky_tic_puissance_apparente,4250,2026-07-14T20:18:40.319Z
sensor.lixee_zlinky_tic_puissance_apparente,4270,2026-07-14T20:18:59.384Z
sensor.lixee_zlinky_tic_puissance_apparente,4280,2026-07-14T20:19:09.408Z
sensor.lixee_zlinky_tic_puissance_apparente,4290,2026-07-14T20:19:48.538Z
sensor.lixee_zlinky_tic_puissance_apparente,4260,2026-07-14T20:19:58.561Z
sensor.lixee_zlinky_tic_puissance_apparente,4250,2026-07-14T20:20:08.601Z
sensor.lixee_zlinky_tic_puissance_apparente,4340,2026-07-14T20:20:18.646Z
sensor.lixee_zlinky_tic_puissance_apparente,4320,2026-07-14T20:20:27.659Z
sensor.lixee_zlinky_tic_puissance_apparente,4770,2026-07-14T20:20:37.687Z
sensor.lixee_zlinky_tic_puissance_apparente,4410,2026-07-14T20:20:47.720Z
sensor.lixee_zlinky_tic_puissance_apparente,4420,2026-07-14T20:20:57.756Z
sensor.lixee_zlinky_tic_puissance_apparente,4400,2026-07-14T20:21:07.789Z
sensor.lixee_zlinky_tic_puissance_apparente,4420,2026-07-14T20:21:26.862Z
sensor.lixee_zlinky_tic_puissance_apparente,4370,2026-07-14T20:21:36.887Z
sensor.lixee_zlinky_tic_puissance_apparente,4360,2026-07-14T20:21:46.925Z
sensor.lixee_zlinky_tic_puissance_apparente,4380,2026-07-14T20:21:55.941Z
sensor.lixee_zlinky_tic_puissance_apparente,4370,2026-07-14T20:22:05.960Z
sensor.lixee_zlinky_tic_puissance_apparente,4360,2026-07-14T20:22:16.000Z
sensor.lixee_zlinky_tic_puissance_apparente,4380,2026-07-14T20:22:26.022Z
sensor.lixee_zlinky_tic_puissance_apparente,4370,2026-07-14T20:22:36.058Z
sensor.lixee_zlinky_tic_puissance_apparente,4360,2026-07-14T20:22:45.083Z
sensor.lixee_zlinky_tic_puissance_apparente,4390,2026-07-14T20:22:55.103Z
sensor.lixee_zlinky_tic_puissance_apparente,4400,2026-07-14T20:23:05.150Z
sensor.lixee_zlinky_tic_puissance_apparente,4390,2026-07-14T20:23:15.184Z
sensor.lixee_zlinky_tic_puissance_apparente,4410,2026-07-14T20:23:34.223Z
sensor.lixee_zlinky_tic_puissance_apparente,4390,2026-07-14T20:23:44.270Z
sensor.lixee_zlinky_tic_puissance_apparente,4380,2026-07-14T20:23:54.289Z
sensor.lixee_zlinky_tic_puissance_apparente,4390,2026-07-14T20:24:04.320Z
sensor.lixee_zlinky_tic_puissance_apparente,4370,2026-07-14T20:24:13.355Z
sensor.lixee_zlinky_tic_puissance_apparente,4380,2026-07-14T20:24:33.412Z
sensor.lixee_zlinky_tic_puissance_apparente,4370,2026-07-14T20:24:43.446Z
sensor.lixee_zlinky_tic_puissance_apparente,4380,2026-07-14T20:24:53.485Z
sensor.lixee_zlinky_tic_puissance_apparente,4390,2026-07-14T20:25:02.501Z
sensor.lixee_zlinky_tic_puissance_apparente,4400,2026-07-14T20:25:12.524Z
sensor.lixee_zlinky_tic_puissance_apparente,4390,2026-07-14T20:25:22.568Z
sensor.lixee_zlinky_tic_puissance_apparente,4410,2026-07-14T20:25:51.651Z
sensor.lixee_zlinky_tic_puissance_apparente,4420,2026-07-14T20:26:01.691Z
sensor.lixee_zlinky_tic_puissance_apparente,4410,2026-07-14T20:26:30.777Z
sensor.lixee_zlinky_tic_puissance_apparente,4220,2026-07-14T20:26:50.845Z
sensor.lixee_zlinky_tic_puissance_apparente,4160,2026-07-14T20:27:00.881Z
sensor.lixee_zlinky_tic_puissance_apparente,4170,2026-07-14T20:27:19.938Z
sensor.lixee_zlinky_tic_puissance_apparente,4150,2026-07-14T20:27:29.972Z
sensor.lixee_zlinky_tic_puissance_apparente,4160,2026-07-14T20:27:40.012Z
sensor.lixee_zlinky_tic_puissance_apparente,4170,2026-07-14T20:27:50.045Z
sensor.lixee_zlinky_tic_puissance_apparente,4160,2026-07-14T20:28:09.098Z
sensor.lixee_zlinky_tic_puissance_apparente,4180,2026-07-14T20:28:29.155Z
sensor.lixee_zlinky_tic_puissance_apparente,4170,2026-07-14T20:28:39.176Z
sensor.lixee_zlinky_tic_puissance_apparente,4200,2026-07-14T20:28:58.240Z
sensor.lixee_zlinky_tic_puissance_apparente,4190,2026-07-14T20:29:08.278Z
sensor.lixee_zlinky_tic_puissance_apparente,4220,2026-07-14T20:29:18.308Z
sensor.lixee_zlinky_tic_puissance_apparente,4210,2026-07-14T20:29:47.398Z
sensor.lixee_zlinky_tic_puissance_apparente,4330,2026-07-14T20:29:57.435Z
sensor.lixee_zlinky_tic_puissance_apparente,6970,2026-07-14T20:30:07.486Z
sensor.lixee_zlinky_tic_puissance_apparente,7070,2026-07-14T20:30:16.508Z
sensor.lixee_zlinky_tic_puissance_apparente,7180,2026-07-14T20:30:26.537Z
sensor.lixee_zlinky_tic_puissance_apparente,7260,2026-07-14T20:30:36.577Z
sensor.lixee_zlinky_tic_puissance_apparente,7280,2026-07-14T20:30:46.611Z
sensor.lixee_zlinky_tic_puissance_apparente,7320,2026-07-14T20:30:55.652Z
sensor.lixee_zlinky_tic_puissance_apparente,7330,2026-07-14T20:31:05.671Z
sensor.lixee_zlinky_tic_puissance_apparente,7340,2026-07-14T20:31:15.713Z
sensor.lixee_zlinky_tic_puissance_apparente,7330,2026-07-14T20:31:44.800Z
sensor.lixee_zlinky_tic_puissance_apparente,7280,2026-07-14T20:31:54.827Z
sensor.lixee_zlinky_tic_puissance_apparente,7250,2026-07-14T20:32:04.872Z
sensor.lixee_zlinky_tic_puissance_apparente,7240,2026-07-14T20:32:14.908Z
sensor.lixee_zlinky_tic_puissance_apparente,7190,2026-07-14T20:32:23.938Z
sensor.lixee_zlinky_tic_puissance_apparente,7150,2026-07-14T20:32:33.973Z
sensor.lixee_zlinky_tic_puissance_apparente,7110,2026-07-14T20:32:44.010Z
sensor.lixee_zlinky_tic_puissance_apparente,7060,2026-07-14T20:32:54.059Z
sensor.lixee_zlinky_tic_puissance_apparente,7010,2026-07-14T20:33:04.084Z
sensor.lixee_zlinky_tic_puissance_apparente,6970,2026-07-14T20:33:13.109Z
sensor.lixee_zlinky_tic_puissance_apparente,6530,2026-07-14T20:33:23.137Z
sensor.lixee_zlinky_tic_puissance_apparente,6540,2026-07-14T20:34:02.249Z
sensor.lixee_zlinky_tic_puissance_apparente,6510,2026-07-14T20:34:12.280Z
sensor.lixee_zlinky_tic_puissance_apparente,6500,2026-07-14T20:34:22.305Z
sensor.lixee_zlinky_tic_puissance_apparente,6540,2026-07-14T20:34:32.336Z
sensor.lixee_zlinky_tic_puissance_apparente,6530,2026-07-14T20:34:41.364Z
sensor.lixee_zlinky_tic_puissance_apparente,6520,2026-07-14T20:34:51.400Z
sensor.lixee_zlinky_tic_puissance_apparente,6530,2026-07-14T20:35:01.423Z
sensor.lixee_zlinky_tic_puissance_apparente,6570,2026-07-14T20:35:21.495Z
sensor.lixee_zlinky_tic_puissance_apparente,6560,2026-07-14T20:35:30.518Z
sensor.lixee_zlinky_tic_puissance_apparente,6600,2026-07-14T20:35:40.546Z
sensor.lixee_zlinky_tic_puissance_apparente,6590,2026-07-14T20:35:50.589Z
sensor.lixee_zlinky_tic_puissance_apparente,6670,2026-07-14T20:36:09.648Z
sensor.lixee_zlinky_tic_puissance_apparente,6750,2026-07-14T20:36:19.687Z
sensor.lixee_zlinky_tic_puissance_apparente,6900,2026-07-14T20:36:29.729Z
sensor.lixee_zlinky_tic_puissance_apparente,7120,2026-07-14T20:36:39.748Z
sensor.lixee_zlinky_tic_puissance_apparente,7260,2026-07-14T20:36:49.785Z
sensor.lixee_zlinky_tic_puissance_apparente,7330,2026-07-14T20:36:58.813Z
sensor.lixee_zlinky_tic_puissance_apparente,7310,2026-07-14T20:37:18.871Z
sensor.lixee_zlinky_tic_puissance_apparente,7320,2026-07-14T20:37:28.892Z
sensor.lixee_zlinky_tic_puissance_apparente,7310,2026-07-14T20:37:37.921Z
sensor.lixee_zlinky_tic_puissance_apparente,7300,2026-07-14T20:37:47.946Z
sensor.lixee_zlinky_tic_puissance_apparente,7310,2026-07-14T20:37:57.989Z
sensor.lixee_zlinky_tic_puissance_apparente,7280,2026-07-14T20:38:37.114Z
sensor.lixee_zlinky_tic_puissance_apparente,7230,2026-07-14T20:38:47.161Z
sensor.lixee_zlinky_tic_puissance_apparente,7170,2026-07-14T20:38:57.175Z
sensor.lixee_zlinky_tic_puissance_apparente,7120,2026-07-14T20:39:07.206Z
sensor.lixee_zlinky_tic_puissance_apparente,7110,2026-07-14T20:39:16.236Z
sensor.lixee_zlinky_tic_puissance_apparente,7030,2026-07-14T20:39:26.256Z
sensor.lixee_zlinky_tic_puissance_apparente,7000,2026-07-14T20:39:36.292Z
sensor.lixee_zlinky_tic_puissance_apparente,6950,2026-07-14T20:39:46.325Z
sensor.lixee_zlinky_tic_puissance_apparente,6930,2026-07-14T20:39:55.350Z
sensor.lixee_zlinky_tic_puissance_apparente,6910,2026-07-14T20:40:05.386Z
sensor.lixee_zlinky_tic_puissance_apparente,6860,2026-07-14T20:40:15.420Z
sensor.lixee_zlinky_tic_puissance_apparente,6820,2026-07-14T20:40:25.455Z
sensor.lixee_zlinky_tic_puissance_apparente,6610,2026-07-14T20:40:35.486Z
sensor.lixee_zlinky_tic_puissance_apparente,6600,2026-07-14T20:41:23.641Z
sensor.lixee_zlinky_tic_puissance_apparente,6620,2026-07-14T20:41:43.721Z
sensor.lixee_zlinky_tic_puissance_apparente,6600,2026-07-14T20:42:03.784Z
sensor.lixee_zlinky_tic_puissance_apparente,6610,2026-07-14T20:42:22.833Z
sensor.lixee_zlinky_tic_puissance_apparente,6580,2026-07-14T20:42:32.877Z
sensor.lixee_zlinky_tic_puissance_apparente,6590,2026-07-14T20:42:42.906Z
sensor.lixee_zlinky_tic_puissance_apparente,6600,2026-07-14T20:42:51.930Z
sensor.lixee_zlinky_tic_puissance_apparente,6610,2026-07-14T20:43:01.961Z
sensor.lixee_zlinky_tic_puissance_apparente,6650,2026-07-14T20:43:11.989Z
sensor.lixee_zlinky_tic_puissance_apparente,6640,2026-07-14T20:43:22.025Z
sensor.lixee_zlinky_tic_puissance_apparente,6650,2026-07-14T20:43:32.063Z
sensor.lixee_zlinky_tic_puissance_apparente,6700,2026-07-14T20:43:41.086Z
sensor.lixee_zlinky_tic_puissance_apparente,6750,2026-07-14T20:43:51.128Z
sensor.lixee_zlinky_tic_puissance_apparente,6830,2026-07-14T20:44:01.154Z
sensor.lixee_zlinky_tic_puissance_apparente,7010,2026-07-14T20:44:11.189Z
sensor.lixee_zlinky_tic_puissance_apparente,7140,2026-07-14T20:44:20.217Z
sensor.lixee_zlinky_tic_puissance_apparente,7150,2026-07-14T20:44:30.255Z
sensor.lixee_zlinky_tic_puissance_apparente,7160,2026-07-14T20:44:40.290Z
sensor.lixee_zlinky_tic_puissance_apparente,7170,2026-07-14T20:44:50.320Z
sensor.lixee_zlinky_tic_puissance_apparente,7180,2026-07-14T20:45:00.359Z
sensor.lixee_zlinky_tic_puissance_apparente,7190,2026-07-14T20:45:29.460Z
sensor.lixee_zlinky_tic_puissance_apparente,7200,2026-07-14T20:45:48.519Z
sensor.lixee_zlinky_tic_puissance_apparente,7140,2026-07-14T20:45:58.554Z
sensor.lixee_zlinky_tic_puissance_apparente,6510,2026-07-14T20:46:08.590Z
sensor.lixee_zlinky_tic_puissance_apparente,6490,2026-07-14T20:46:47.714Z
sensor.lixee_zlinky_tic_puissance_apparente,6480,2026-07-14T20:46:57.752Z
sensor.lixee_zlinky_tic_puissance_apparente,6490,2026-07-14T20:47:07.772Z
sensor.lixee_zlinky_tic_puissance_apparente,6500,2026-07-14T20:47:36.862Z
sensor.lixee_zlinky_tic_puissance_apparente,6510,2026-07-14T20:47:46.902Z
sensor.lixee_zlinky_tic_puissance_apparente,6530,2026-07-14T20:48:15.993Z
sensor.lixee_zlinky_tic_puissance_apparente,6520,2026-07-14T20:48:26.030Z
sensor.lixee_zlinky_tic_puissance_apparente,6570,2026-07-14T20:48:36.061Z
sensor.lixee_zlinky_tic_puissance_apparente,6550,2026-07-14T20:48:46.088Z
sensor.lixee_zlinky_tic_puissance_apparente,6570,2026-07-14T20:48:55.120Z
sensor.lixee_zlinky_tic_puissance_apparente,6560,2026-07-14T20:49:05.161Z
sensor.lixee_zlinky_tic_puissance_apparente,6620,2026-07-14T20:49:15.185Z
sensor.lixee_zlinky_tic_puissance_apparente,6750,2026-07-14T20:49:25.217Z
sensor.lixee_zlinky_tic_puissance_apparente,6970,2026-07-14T20:49:34.237Z
sensor.lixee_zlinky_tic_puissance_apparente,7120,2026-07-14T20:49:44.278Z
sensor.lixee_zlinky_tic_puissance_apparente,7180,2026-07-14T20:49:54.309Z
sensor.lixee_zlinky_tic_puissance_apparente,7160,2026-07-14T20:50:04.346Z
sensor.lixee_zlinky_tic_puissance_apparente,7140,2026-07-14T20:50:23.400Z
sensor.lixee_zlinky_tic_puissance_apparente,7160,2026-07-14T20:50:43.455Z
sensor.lixee_zlinky_tic_puissance_apparente,7170,2026-07-14T20:50:53.488Z
sensor.lixee_zlinky_tic_puissance_apparente,7160,2026-07-14T20:51:03.522Z
sensor.lixee_zlinky_tic_puissance_apparente,7170,2026-07-14T20:51:12.544Z
sensor.lixee_zlinky_tic_puissance_apparente,7180,2026-07-14T20:51:22.573Z
sensor.lixee_zlinky_tic_puissance_apparente,7160,2026-07-14T20:51:32.612Z
sensor.lixee_zlinky_tic_puissance_apparente,7120,2026-07-14T20:51:42.645Z
sensor.lixee_zlinky_tic_puissance_apparente,7070,2026-07-14T20:51:51.664Z
sensor.lixee_zlinky_tic_puissance_apparente,7030,2026-07-14T20:52:01.697Z
sensor.lixee_zlinky_tic_puissance_apparente,6980,2026-07-14T20:52:11.736Z
sensor.lixee_zlinky_tic_puissance_apparente,6950,2026-07-14T20:52:21.765Z
sensor.lixee_zlinky_tic_puissance_apparente,6910,2026-07-14T20:52:31.805Z
sensor.lixee_zlinky_tic_puissance_apparente,6880,2026-07-14T20:52:40.823Z
sensor.lixee_zlinky_tic_puissance_apparente,6840,2026-07-14T20:52:50.860Z
sensor.lixee_zlinky_tic_puissance_apparente,6540,2026-07-14T20:53:00.903Z
sensor.lixee_zlinky_tic_puissance_apparente,6530,2026-07-14T20:53:19.962Z
sensor.lixee_zlinky_tic_puissance_apparente,6540,2026-07-14T20:53:29.995Z
sensor.lixee_zlinky_tic_puissance_apparente,6530,2026-07-14T20:54:29.176Z
sensor.lixee_zlinky_tic_puissance_apparente,6520,2026-07-14T20:54:58.262Z
sensor.lixee_zlinky_tic_puissance_apparente,6510,2026-07-14T20:55:08.289Z
sensor.lixee_zlinky_tic_puissance_apparente,6520,2026-07-14T20:55:18.325Z
sensor.lixee_zlinky_tic_puissance_apparente,6560,2026-07-14T20:55:37.384Z
sensor.lixee_zlinky_tic_puissance_apparente,6530,2026-07-14T20:55:47.409Z
sensor.lixee_zlinky_tic_puissance_apparente,6480,2026-07-14T20:56:07.466Z
sensor.lixee_zlinky_tic_puissance_apparente,6570,2026-07-14T20:56:17.489Z
sensor.lixee_zlinky_tic_puissance_apparente,6710,2026-07-14T20:56:26.515Z
sensor.lixee_zlinky_tic_puissance_apparente,6910,2026-07-14T20:56:36.545Z
sensor.lixee_zlinky_tic_puissance_apparente,7060,2026-07-14T20:56:46.590Z
sensor.lixee_zlinky_tic_puissance_apparente,7130,2026-07-14T20:56:56.604Z
sensor.lixee_zlinky_tic_puissance_apparente,7160,2026-07-14T20:57:05.628Z
sensor.lixee_zlinky_tic_puissance_apparente,7150,2026-07-14T20:57:15.653Z
sensor.lixee_zlinky_tic_puissance_apparente,7140,2026-07-14T20:57:25.692Z
sensor.lixee_zlinky_tic_puissance_apparente,7150,2026-07-14T20:57:35.722Z
sensor.lixee_zlinky_tic_puissance_apparente,7140,2026-07-14T20:57:54.769Z
sensor.lixee_zlinky_tic_puissance_apparente,7130,2026-07-14T20:58:04.800Z
sensor.lixee_zlinky_tic_puissance_apparente,7150,2026-07-14T20:58:24.868Z
sensor.lixee_zlinky_tic_puissance_apparente,7140,2026-07-14T20:58:33.898Z
sensor.lixee_zlinky_tic_puissance_apparente,7100,2026-07-14T20:58:43.939Z
sensor.lixee_zlinky_tic_puissance_apparente,7070,2026-07-14T20:58:53.976Z
sensor.lixee_zlinky_tic_puissance_apparente,7040,2026-07-14T20:59:04.007Z
sensor.lixee_zlinky_tic_puissance_apparente,7000,2026-07-14T20:59:14.037Z
sensor.lixee_zlinky_tic_puissance_apparente,6960,2026-07-14T20:59:23.053Z
sensor.lixee_zlinky_tic_puissance_apparente,7020,2026-07-14T20:59:33.079Z
sensor.lixee_zlinky_tic_puissance_apparente,6980,2026-07-14T20:59:43.122Z
sensor.lixee_zlinky_tic_puissance_apparente,6950,2026-07-14T20:59:53.151Z
sensor.lixee_zlinky_tic_puissance_apparente,6850,2026-07-14T21:00:03.174Z
sensor.lixee_zlinky_tic_puissance_apparente,6510,2026-07-14T21:00:12.205Z
sensor.lixee_zlinky_tic_puissance_apparente,6490,2026-07-14T21:00:32.280Z
sensor.lixee_zlinky_tic_puissance_apparente,6500,2026-07-14T21:00:51.319Z
sensor.lixee_zlinky_tic_puissance_apparente,6530,2026-07-14T21:01:01.353Z
sensor.lixee_zlinky_tic_puissance_apparente,6540,2026-07-14T21:01:21.437Z
sensor.lixee_zlinky_tic_puissance_apparente,6520,2026-07-14T21:01:31.467Z
sensor.lixee_zlinky_tic_puissance_apparente,6530,2026-07-14T21:01:40.485Z
sensor.lixee_zlinky_tic_puissance_apparente,6520,2026-07-14T21:01:50.519Z
sensor.lixee_zlinky_tic_puissance_apparente,6530,2026-07-14T21:02:00.561Z
sensor.lixee_zlinky_tic_puissance_apparente,6520,2026-07-14T21:02:10.591Z
sensor.lixee_zlinky_tic_puissance_apparente,6510,2026-07-14T21:02:19.613Z
sensor.lixee_zlinky_tic_puissance_apparente,6470,2026-07-14T21:02:29.644Z
sensor.lixee_zlinky_tic_puissance_apparente,6460,2026-07-14T21:02:39.671Z
sensor.lixee_zlinky_tic_puissance_apparente,6420,2026-07-14T21:02:49.702Z
sensor.lixee_zlinky_tic_puissance_apparente,6430,2026-07-14T21:02:59.735Z
sensor.lixee_zlinky_tic_puissance_apparente,6440,2026-07-14T21:03:08.763Z
sensor.lixee_zlinky_tic_puissance_apparente,6470,2026-07-14T21:03:28.832Z
sensor.lixee_zlinky_tic_puissance_apparente,6450,2026-07-14T21:03:38.874Z
sensor.lixee_zlinky_tic_puissance_apparente,6470,2026-07-14T21:03:48.907Z
sensor.lixee_zlinky_tic_puissance_apparente,6440,2026-07-14T21:03:57.927Z
sensor.lixee_zlinky_tic_puissance_apparente,6540,2026-07-14T21:04:07.964Z
sensor.lixee_zlinky_tic_puissance_apparente,6660,2026-07-14T21:04:18.022Z
sensor.lixee_zlinky_tic_puissance_apparente,6870,2026-07-14T21:04:28.039Z
sensor.lixee_zlinky_tic_puissance_apparente,7020,2026-07-14T21:04:37.072Z
sensor.lixee_zlinky_tic_puissance_apparente,7060,2026-07-14T21:04:47.103Z
sensor.lixee_zlinky_tic_puissance_apparente,7080,2026-07-14T21:04:57.144Z
sensor.lixee_zlinky_tic_puissance_apparente,7070,2026-07-14T21:05:17.197Z
sensor.lixee_zlinky_tic_puissance_apparente,7080,2026-07-14T21:05:26.222Z
sensor.lixee_zlinky_tic_puissance_apparente,7090,2026-07-14T21:05:36.254Z
sensor.lixee_zlinky_tic_puissance_apparente,7080,2026-07-14T21:05:46.300Z
sensor.lixee_zlinky_tic_puissance_apparente,7090,2026-07-14T21:06:05.354Z
sensor.lixee_zlinky_tic_puissance_apparente,7070,2026-07-14T21:06:15.389Z
sensor.lixee_zlinky_tic_puissance_apparente,6420,2026-07-14T21:06:25.432Z
sensor.lixee_zlinky_tic_puissance_apparente,6410,2026-07-14T21:06:45.497Z
sensor.lixee_zlinky_tic_puissance_apparente,6420,2026-07-14T21:07:04.554Z
sensor.lixee_zlinky_tic_puissance_apparente,6430,2026-07-14T21:07:33.661Z
sensor.lixee_zlinky_tic_puissance_apparente,6420,2026-07-14T21:07:43.693Z
sensor.lixee_zlinky_tic_puissance_apparente,6410,2026-07-14T21:08:03.760Z
sensor.lixee_zlinky_tic_puissance_apparente,6420,2026-07-14T21:08:13.800Z
sensor.lixee_zlinky_tic_puissance_apparente,6400,2026-07-14T21:08:32.848Z
sensor.lixee_zlinky_tic_puissance_apparente,6410,2026-07-14T21:08:42.890Z
sensor.lixee_zlinky_tic_puissance_apparente,8070,2026-07-14T21:09:01.957Z
sensor.lixee_zlinky_tic_puissance_apparente,8030,2026-07-14T21:09:11.977Z
sensor.lixee_zlinky_tic_puissance_apparente,6350,2026-07-14T21:09:22.010Z
sensor.lixee_zlinky_tic_puissance_apparente,6360,2026-07-14T21:09:32.049Z
sensor.lixee_zlinky_tic_puissance_apparente,6380,2026-07-14T21:09:51.110Z
sensor.lixee_zlinky_tic_puissance_apparente,6390,2026-07-14T21:10:01.141Z
sensor.lixee_zlinky_tic_puissance_apparente,6420,2026-07-14T21:10:11.177Z
sensor.lixee_zlinky_tic_puissance_apparente,6410,2026-07-14T21:10:21.210Z
sensor.lixee_zlinky_tic_puissance_apparente,6430,2026-07-14T21:10:31.241Z
sensor.lixee_zlinky_tic_puissance_apparente,6500,2026-07-14T21:10:40.261Z
sensor.lixee_zlinky_tic_puissance_apparente,6520,2026-07-14T21:10:50.302Z
sensor.lixee_zlinky_tic_puissance_apparente,6660,2026-07-14T21:11:00.335Z
sensor.lixee_zlinky_tic_puissance_apparente,6820,2026-07-14T21:11:10.360Z
sensor.lixee_zlinky_tic_puissance_apparente,6980,2026-07-14T21:11:19.387Z
sensor.lixee_zlinky_tic_puissance_apparente,7040,2026-07-14T21:11:29.421Z
sensor.lixee_zlinky_tic_puissance_apparente,7050,2026-07-14T21:11:39.458Z
sensor.lixee_zlinky_tic_puissance_apparente,7070,2026-07-14T21:11:59.526Z
sensor.lixee_zlinky_tic_puissance_apparente,7100,2026-07-14T21:12:28.620Z
sensor.lixee_zlinky_tic_puissance_apparente,7090,2026-07-14T21:12:38.656Z
sensor.lixee_zlinky_tic_puissance_apparente,7100,2026-07-14T21:12:47.678Z
sensor.lixee_zlinky_tic_puissance_apparente,7090,2026-07-14T21:12:57.713Z
sensor.lixee_zlinky_tic_puissance_apparente,6420,2026-07-14T21:13:07.752Z
sensor.lixee_zlinky_tic_puissance_apparente,6430,2026-07-14T21:13:17.786Z
sensor.lixee_zlinky_tic_puissance_apparente,6420,2026-07-14T21:13:27.819Z
sensor.lixee_zlinky_tic_puissance_apparente,6430,2026-07-14T21:13:36.847Z
sensor.lixee_zlinky_tic_puissance_apparente,6510,2026-07-14T21:13:56.915Z
sensor.lixee_zlinky_tic_puissance_apparente,6500,2026-07-14T21:14:06.948Z
sensor.lixee_zlinky_tic_puissance_apparente,6510,2026-07-14T21:14:26.003Z
sensor.lixee_zlinky_tic_puissance_apparente,8260,2026-07-14T21:14:36.054Z
sensor.lixee_zlinky_tic_puissance_apparente,8250,2026-07-14T21:14:46.079Z
sensor.lixee_zlinky_tic_puissance_apparente,8200,2026-07-14T21:14:56.099Z
sensor.lixee_zlinky_tic_puissance_apparente,6510,2026-07-14T21:15:05.129Z
sensor.lixee_zlinky_tic_puissance_apparente,6520,2026-07-14T21:15:25.180Z
sensor.lixee_zlinky_tic_puissance_apparente,6550,2026-07-14T21:15:54.277Z
sensor.lixee_zlinky_tic_puissance_apparente,6540,2026-07-14T21:16:04.295Z
sensor.lixee_zlinky_tic_puissance_apparente,6470,2026-07-14T21:16:14.328Z
sensor.lixee_zlinky_tic_puissance_apparente,6540,2026-07-14T21:16:24.371Z
sensor.lixee_zlinky_tic_puissance_apparente,6640,2026-07-14T21:16:33.396Z
sensor.lixee_zlinky_tic_puissance_apparente,6830,2026-07-14T21:16:43.419Z
sensor.lixee_zlinky_tic_puissance_apparente,6950,2026-07-14T21:16:53.460Z
sensor.lixee_zlinky_tic_puissance_apparente,7060,2026-07-14T21:17:03.500Z
sensor.lixee_zlinky_tic_puissance_apparente,7100,2026-07-14T21:17:13.528Z
sensor.lixee_zlinky_tic_puissance_apparente,7110,2026-07-14T21:17:22.554Z
sensor.lixee_zlinky_tic_puissance_apparente,7100,2026-07-14T21:17:42.620Z
sensor.lixee_zlinky_tic_puissance_apparente,7090,2026-07-14T21:17:52.650Z
sensor.lixee_zlinky_tic_puissance_apparente,7070,2026-07-14T21:18:11.705Z
sensor.lixee_zlinky_tic_puissance_apparente,7080,2026-07-14T21:18:21.740Z
sensor.lixee_zlinky_tic_puissance_apparente,8780,2026-07-14T21:18:31.776Z
sensor.lixee_zlinky_tic_puissance_apparente,8090,2026-07-14T21:18:41.804Z
sensor.lixee_zlinky_tic_puissance_apparente,6400,2026-07-14T21:18:50.826Z
sensor.lixee_zlinky_tic_puissance_apparente,6380,2026-07-14T21:19:10.890Z
sensor.lixee_zlinky_tic_puissance_apparente,6390,2026-07-14T21:19:20.925Z
sensor.lixee_zlinky_tic_puissance_apparente,6360,2026-07-14T21:20:00.050Z
sensor.lixee_zlinky_tic_puissance_apparente,6340,2026-07-14T21:20:19.094Z
sensor.lixee_zlinky_tic_puissance_apparente,6350,2026-07-14T21:20:29.117Z
sensor.lixee_zlinky_tic_puissance_apparente,6360,2026-07-14T21:20:39.156Z
sensor.lixee_zlinky_tic_puissance_apparente,6380,2026-07-14T21:20:59.224Z
sensor.lixee_zlinky_tic_puissance_apparente,8060,2026-07-14T21:21:38.346Z
sensor.lixee_zlinky_tic_puissance_apparente,8000,2026-07-14T21:21:47.367Z
sensor.lixee_zlinky_tic_puissance_apparente,6360,2026-07-14T21:21:57.408Z
sensor.lixee_zlinky_tic_puissance_apparente,6340,2026-07-14T21:22:07.432Z
sensor.lixee_zlinky_tic_puissance_apparente,6350,2026-07-14T21:22:17.470Z
sensor.lixee_zlinky_tic_puissance_apparente,6430,2026-07-14T21:22:36.526Z
sensor.lixee_zlinky_tic_puissance_apparente,6540,2026-07-14T21:22:46.556Z
sensor.lixee_zlinky_tic_puissance_apparente,6720,2026-07-14T21:22:56.593Z
sensor.lixee_zlinky_tic_puissance_apparente,6870,2026-07-14T21:23:06.617Z
sensor.lixee_zlinky_tic_puissance_apparente,6950,2026-07-14T21:23:15.646Z
sensor.lixee_zlinky_tic_puissance_apparente,6970,2026-07-14T21:23:25.679Z
sensor.lixee_zlinky_tic_puissance_apparente,6980,2026-07-14T21:23:35.708Z
sensor.lixee_zlinky_tic_puissance_apparente,6970,2026-07-14T21:23:45.729Z
sensor.lixee_zlinky_tic_puissance_apparente,6980,2026-07-14T21:23:55.763Z
sensor.lixee_zlinky_tic_puissance_apparente,6970,2026-07-14T21:24:04.779Z
sensor.lixee_zlinky_tic_puissance_apparente,6950,2026-07-14T21:24:14.808Z
sensor.lixee_zlinky_tic_puissance_apparente,6940,2026-07-14T21:24:24.851Z
sensor.lixee_zlinky_tic_puissance_apparente,6970,2026-07-14T21:24:44.901Z
sensor.lixee_zlinky_tic_puissance_apparente,8020,2026-07-14T21:24:53.922Z
sensor.lixee_zlinky_tic_puissance_apparente,7960,2026-07-14T21:25:03.948Z
sensor.lixee_zlinky_tic_puissance_apparente,6290,2026-07-14T21:25:13.980Z
sensor.lixee_zlinky_tic_puissance_apparente,6300,2026-07-14T21:25:33.048Z
sensor.lixee_zlinky_tic_puissance_apparente,6290,2026-07-14T21:25:43.075Z
sensor.lixee_zlinky_tic_puissance_apparente,6300,2026-07-14T21:25:53.101Z
sensor.lixee_zlinky_tic_puissance_apparente,6280,2026-07-14T21:26:13.170Z
sensor.lixee_zlinky_tic_puissance_apparente,6290,2026-07-14T21:26:22.175Z
sensor.lixee_zlinky_tic_puissance_apparente,6280,2026-07-14T21:26:32.215Z
sensor.lixee_zlinky_tic_puissance_apparente,6270,2026-07-14T21:26:42.255Z
sensor.lixee_zlinky_tic_puissance_apparente,6240,2026-07-14T21:26:52.273Z
sensor.lixee_zlinky_tic_puissance_apparente,6190,2026-07-14T21:27:02.300Z
sensor.lixee_zlinky_tic_puissance_apparente,6180,2026-07-14T21:27:11.333Z
sensor.lixee_zlinky_tic_puissance_apparente,6190,2026-07-14T21:27:50.451Z
sensor.lixee_zlinky_tic_puissance_apparente,6230,2026-07-14T21:28:20.552Z
sensor.lixee_zlinky_tic_puissance_apparente,6190,2026-07-14T21:28:30.578Z
sensor.lixee_zlinky_tic_puissance_apparente,6220,2026-07-14T21:28:39.613Z
sensor.lixee_zlinky_tic_puissance_apparente,6280,2026-07-14T21:28:49.629Z
sensor.lixee_zlinky_tic_puissance_apparente,6300,2026-07-14T21:28:59.663Z
sensor.lixee_zlinky_tic_puissance_apparente,6410,2026-07-14T21:29:09.708Z
sensor.lixee_zlinky_tic_puissance_apparente,6570,2026-07-14T21:29:18.736Z
sensor.lixee_zlinky_tic_puissance_apparente,6740,2026-07-14T21:29:28.754Z
sensor.lixee_zlinky_tic_puissance_apparente,6790,2026-07-14T21:29:38.791Z
sensor.lixee_zlinky_tic_puissance_apparente,6800,2026-07-14T21:29:48.823Z
sensor.lixee_zlinky_tic_puissance_apparente,6790,2026-07-14T21:29:58.861Z
sensor.lixee_zlinky_tic_puissance_apparente,6800,2026-07-14T21:30:07.881Z
sensor.lixee_zlinky_tic_puissance_apparente,6790,2026-07-14T21:30:17.912Z
sensor.lixee_zlinky_tic_puissance_apparente,6780,2026-07-14T21:30:27.949Z
sensor.lixee_zlinky_tic_puissance_apparente,6790,2026-07-14T21:30:37.974Z
sensor.lixee_zlinky_tic_puissance_apparente,6780,2026-07-14T21:30:48.016Z
sensor.lixee_zlinky_tic_puissance_apparente,6810,2026-07-14T21:31:07.081Z
sensor.lixee_zlinky_tic_puissance_apparente,6160,2026-07-14T21:31:17.108Z
sensor.lixee_zlinky_tic_puissance_apparente,6180,2026-07-14T21:31:27.139Z
sensor.lixee_zlinky_tic_puissance_apparente,6230,2026-07-14T21:31:46.188Z
sensor.lixee_zlinky_tic_puissance_apparente,6200,2026-07-14T21:31:56.221Z
sensor.lixee_zlinky_tic_puissance_apparente,6190,2026-07-14T21:32:06.236Z
sensor.lixee_zlinky_tic_puissance_apparente,6180,2026-07-14T21:32:16.272Z
sensor.lixee_zlinky_tic_puissance_apparente,6220,2026-07-14T21:32:35.337Z
sensor.lixee_zlinky_tic_puissance_apparente,6180,2026-07-14T21:32:45.371Z
sensor.lixee_zlinky_tic_puissance_apparente,6210,2026-07-14T21:32:55.402Z
sensor.lixee_zlinky_tic_puissance_apparente,6200,2026-07-14T21:33:04.429Z
sensor.lixee_zlinky_tic_puissance_apparente,6210,2026-07-14T21:33:14.466Z
sensor.lixee_zlinky_tic_puissance_apparente,6270,2026-07-14T21:33:24.501Z
sensor.lixee_zlinky_tic_puissance_apparente,6240,2026-07-14T21:33:34.533Z
sensor.lixee_zlinky_tic_puissance_apparente,6270,2026-07-14T21:33:44.570Z
sensor.lixee_zlinky_tic_puissance_apparente,6230,2026-07-14T21:33:53.594Z
sensor.lixee_zlinky_tic_puissance_apparente,6220,2026-07-14T21:34:03.625Z
sensor.lixee_zlinky_tic_puissance_apparente,6180,2026-07-14T21:34:23.689Z
sensor.lixee_zlinky_tic_puissance_apparente,6190,2026-07-14T21:34:32.715Z
sensor.lixee_zlinky_tic_puissance_apparente,6170,2026-07-14T21:34:42.756Z
sensor.lixee_zlinky_tic_puissance_apparente,6210,2026-07-14T21:34:52.787Z
sensor.lixee_zlinky_tic_puissance_apparente,6270,2026-07-14T21:35:02.823Z
sensor.lixee_zlinky_tic_puissance_apparente,6180,2026-07-14T21:35:12.852Z
sensor.lixee_zlinky_tic_puissance_apparente,6230,2026-07-14T21:35:31.892Z
sensor.lixee_zlinky_tic_puissance_apparente,6210,2026-07-14T21:35:41.922Z
sensor.lixee_zlinky_tic_puissance_apparente,6240,2026-07-14T21:35:51.957Z
sensor.lixee_zlinky_tic_puissance_apparente,6270,2026-07-14T21:36:11.008Z
sensor.lixee_zlinky_tic_puissance_apparente,6380,2026-07-14T21:36:21.037Z
sensor.lixee_zlinky_tic_puissance_apparente,6510,2026-07-14T21:36:31.074Z
sensor.lixee_zlinky_tic_puissance_apparente,6650,2026-07-14T21:36:41.106Z
sensor.lixee_zlinky_tic_puissance_apparente,6840,2026-07-14T21:36:50.138Z
sensor.lixee_zlinky_tic_puissance_apparente,6820,2026-07-14T21:37:20.229Z
sensor.lixee_zlinky_tic_puissance_apparente,6850,2026-07-14T21:37:39.285Z
sensor.lixee_zlinky_tic_puissance_apparente,6810,2026-07-14T21:37:49.322Z
sensor.lixee_zlinky_tic_puissance_apparente,6820,2026-07-14T21:37:59.362Z
sensor.lixee_zlinky_tic_puissance_apparente,6860,2026-07-14T21:38:09.391Z
sensor.lixee_zlinky_tic_puissance_apparente,6930,2026-07-14T21:38:18.412Z
sensor.lixee_zlinky_tic_puissance_apparente,6280,2026-07-14T21:38:28.447Z
sensor.lixee_zlinky_tic_puissance_apparente,6290,2026-07-14T21:38:38.471Z
sensor.lixee_zlinky_tic_puissance_apparente,6300,2026-07-14T21:38:48.499Z
sensor.lixee_zlinky_tic_puissance_apparente,6320,2026-07-14T21:38:58.533Z
sensor.lixee_zlinky_tic_puissance_apparente,6230,2026-07-14T21:39:07.560Z
sensor.lixee_zlinky_tic_puissance_apparente,6250,2026-07-14T21:39:27.634Z
sensor.lixee_zlinky_tic_puissance_apparente,6230,2026-07-14T21:39:37.661Z
sensor.lixee_zlinky_tic_puissance_apparente,6240,2026-07-14T21:39:47.693Z
sensor.lixee_zlinky_tic_puissance_apparente,6250,2026-07-14T21:39:56.722Z
sensor.lixee_zlinky_tic_puissance_apparente,6270,2026-07-14T21:40:06.758Z
sensor.lixee_zlinky_tic_puissance_apparente,6290,2026-07-14T21:40:16.807Z
sensor.lixee_zlinky_tic_puissance_apparente,6270,2026-07-14T21:40:26.813Z
sensor.lixee_zlinky_tic_puissance_apparente,6260,2026-07-14T21:40:35.835Z
sensor.lixee_zlinky_tic_puissance_apparente,6280,2026-07-14T21:40:45.864Z
sensor.lixee_zlinky_tic_puissance_apparente,6260,2026-07-14T21:40:55.897Z
sensor.lixee_zlinky_tic_puissance_apparente,6330,2026-07-14T21:41:05.931Z
sensor.lixee_zlinky_tic_puissance_apparente,6350,2026-07-14T21:41:15.955Z
sensor.lixee_zlinky_tic_puissance_apparente,6320,2026-07-14T21:41:24.973Z
sensor.lixee_zlinky_tic_puissance_apparente,6380,2026-07-14T21:41:45.047Z
sensor.lixee_zlinky_tic_puissance_apparente,6510,2026-07-14T21:41:55.078Z
sensor.lixee_zlinky_tic_puissance_apparente,6740,2026-07-14T21:42:04.106Z
sensor.lixee_zlinky_tic_puissance_apparente,6840,2026-07-14T21:42:14.144Z
sensor.lixee_zlinky_tic_puissance_apparente,6950,2026-07-14T21:42:24.175Z
sensor.lixee_zlinky_tic_puissance_apparente,6990,2026-07-14T21:42:34.204Z
sensor.lixee_zlinky_tic_puissance_apparente,6970,2026-07-14T21:42:44.225Z
sensor.lixee_zlinky_tic_puissance_apparente,6980,2026-07-14T21:42:53.250Z
sensor.lixee_zlinky_tic_puissance_apparente,7030,2026-07-14T21:43:03.292Z
sensor.lixee_zlinky_tic_puissance_apparente,7000,2026-07-14T21:43:13.330Z
sensor.lixee_zlinky_tic_puissance_apparente,6990,2026-07-14T21:43:23.358Z
sensor.lixee_zlinky_tic_puissance_apparente,7030,2026-07-14T21:43:52.449Z
sensor.lixee_zlinky_tic_puissance_apparente,6320,2026-07-14T21:44:02.479Z
sensor.lixee_zlinky_tic_puissance_apparente,6360,2026-07-14T21:44:12.507Z
sensor.lixee_zlinky_tic_puissance_apparente,6380,2026-07-14T21:44:21.537Z
sensor.lixee_zlinky_tic_puissance_apparente,6360,2026-07-14T21:44:31.575Z
sensor.lixee_zlinky_tic_puissance_apparente,6380,2026-07-14T21:44:51.634Z
sensor.lixee_zlinky_tic_puissance_apparente,6360,2026-07-14T21:45:01.651Z
sensor.lixee_zlinky_tic_puissance_apparente,6350,2026-07-14T21:45:20.703Z
sensor.lixee_zlinky_tic_puissance_apparente,6370,2026-07-14T21:45:40.779Z
sensor.lixee_zlinky_tic_puissance_apparente,6360,2026-07-14T21:45:49.799Z
sensor.lixee_zlinky_tic_puissance_apparente,6370,2026-07-14T21:45:59.832Z
sensor.lixee_zlinky_tic_puissance_apparente,6400,2026-07-14T21:46:09.865Z
sensor.lixee_zlinky_tic_puissance_apparente,6380,2026-07-14T21:46:19.893Z
sensor.lixee_zlinky_tic_puissance_apparente,6390,2026-07-14T21:46:29.933Z
sensor.lixee_zlinky_tic_puissance_apparente,6410,2026-07-14T21:46:38.957Z
sensor.lixee_zlinky_tic_puissance_apparente,6420,2026-07-14T21:46:48.989Z
sensor.lixee_zlinky_tic_puissance_apparente,6410,2026-07-14T21:46:59.029Z
sensor.lixee_zlinky_tic_puissance_apparente,6420,2026-07-14T21:47:09.065Z
sensor.lixee_zlinky_tic_puissance_apparente,6480,2026-07-14T21:47:18.096Z
sensor.lixee_zlinky_tic_puissance_apparente,6540,2026-07-14T21:47:28.120Z
sensor.lixee_zlinky_tic_puissance_apparente,6630,2026-07-14T21:47:38.147Z
sensor.lixee_zlinky_tic_puissance_apparente,6850,2026-07-14T21:47:48.180Z
sensor.lixee_zlinky_tic_puissance_apparente,6900,2026-07-14T21:47:58.216Z
sensor.lixee_zlinky_tic_puissance_apparente,6940,2026-07-14T21:48:07.234Z
sensor.lixee_zlinky_tic_puissance_apparente,6980,2026-07-14T21:48:17.248Z
sensor.lixee_zlinky_tic_puissance_apparente,6940,2026-07-14T21:48:27.276Z
sensor.lixee_zlinky_tic_puissance_apparente,6970,2026-07-14T21:48:37.315Z
sensor.lixee_zlinky_tic_puissance_apparente,6990,2026-07-14T21:48:47.345Z
sensor.lixee_zlinky_tic_puissance_apparente,6960,2026-07-14T21:48:56.369Z
sensor.lixee_zlinky_tic_puissance_apparente,6980,2026-07-14T21:49:06.396Z
sensor.lixee_zlinky_tic_puissance_apparente,6990,2026-07-14T21:49:16.431Z
sensor.lixee_zlinky_tic_puissance_apparente,6980,2026-07-14T21:49:26.470Z
sensor.lixee_zlinky_tic_puissance_apparente,7020,2026-07-14T21:49:35.497Z
sensor.lixee_zlinky_tic_puissance_apparente,6360,2026-07-14T21:49:45.527Z
sensor.lixee_zlinky_tic_puissance_apparente,6350,2026-07-14T21:49:55.557Z
sensor.lixee_zlinky_tic_puissance_apparente,6320,2026-07-14T21:50:15.623Z
sensor.lixee_zlinky_tic_puissance_apparente,6300,2026-07-14T21:50:24.648Z
sensor.lixee_zlinky_tic_puissance_apparente,6330,2026-07-14T21:50:34.684Z
sensor.lixee_zlinky_tic_puissance_apparente,6300,2026-07-14T21:50:44.723Z
sensor.lixee_zlinky_tic_puissance_apparente,6310,2026-07-14T21:51:03.786Z
sensor.lixee_zlinky_tic_puissance_apparente,6300,2026-07-14T21:51:13.815Z
sensor.lixee_zlinky_tic_puissance_apparente,6310,2026-07-14T21:51:23.857Z
sensor.lixee_zlinky_tic_puissance_apparente,6340,2026-07-14T21:51:52.944Z
sensor.lixee_zlinky_tic_puissance_apparente,7180,2026-07-14T21:52:02.970Z
sensor.lixee_zlinky_tic_puissance_apparente,6390,2026-07-14T21:52:13.007Z
sensor.lixee_zlinky_tic_puissance_apparente,6410,2026-07-14T21:52:23.044Z
sensor.lixee_zlinky_tic_puissance_apparente,6380,2026-07-14T21:52:42.106Z
sensor.lixee_zlinky_tic_puissance_apparente,6430,2026-07-14T21:52:52.139Z
sensor.lixee_zlinky_tic_puissance_apparente,6480,2026-07-14T21:53:02.176Z
sensor.lixee_zlinky_tic_puissance_apparente,6570,2026-07-14T21:53:12.212Z
sensor.lixee_zlinky_tic_puissance_apparente,6780,2026-07-14T21:53:21.231Z
sensor.lixee_zlinky_tic_puissance_apparente,6890,2026-07-14T21:53:31.270Z
sensor.lixee_zlinky_tic_puissance_apparente,7030,2026-07-14T21:53:41.292Z
sensor.lixee_zlinky_tic_puissance_apparente,7060,2026-07-14T21:53:51.317Z
sensor.lixee_zlinky_tic_puissance_apparente,7070,2026-07-14T21:54:01.350Z
sensor.lixee_zlinky_tic_puissance_apparente,7110,2026-07-14T21:54:10.367Z
sensor.lixee_zlinky_tic_puissance_apparente,7070,2026-07-14T21:54:20.405Z
sensor.lixee_zlinky_tic_puissance_apparente,7110,2026-07-14T21:54:40.463Z
sensor.lixee_zlinky_tic_puissance_apparente,7060,2026-07-14T21:54:49.499Z
sensor.lixee_zlinky_tic_puissance_apparente,7090,2026-07-14T21:55:09.569Z
sensor.lixee_zlinky_tic_puissance_apparente,7050,2026-07-14T21:55:19.600Z
sensor.lixee_zlinky_tic_puissance_apparente,7020,2026-07-14T21:55:29.632Z
sensor.lixee_zlinky_tic_puissance_apparente,6990,2026-07-14T21:55:38.655Z
sensor.lixee_zlinky_tic_puissance_apparente,6960,2026-07-14T21:55:48.682Z
sensor.lixee_zlinky_tic_puissance_apparente,6920,2026-07-14T21:55:58.715Z
sensor.lixee_zlinky_tic_puissance_apparente,6870,2026-07-14T21:56:08.742Z
sensor.lixee_zlinky_tic_puissance_apparente,6830,2026-07-14T21:56:18.784Z
sensor.lixee_zlinky_tic_puissance_apparente,6770,2026-07-14T21:56:37.833Z
sensor.lixee_zlinky_tic_puissance_apparente,6620,2026-07-14T21:56:47.875Z
sensor.lixee_zlinky_tic_puissance_apparente,6460,2026-07-14T21:56:57.903Z
sensor.lixee_zlinky_tic_puissance_apparente,6420,2026-07-14T21:57:06.921Z
sensor.lixee_zlinky_tic_puissance_apparente,6430,2026-07-14T21:57:16.960Z
sensor.lixee_zlinky_tic_puissance_apparente,6450,2026-07-14T21:57:26.994Z
sensor.lixee_zlinky_tic_puissance_apparente,6420,2026-07-14T21:57:37.032Z
sensor.lixee_zlinky_tic_puissance_apparente,6450,2026-07-14T21:57:56.087Z
sensor.lixee_zlinky_tic_puissance_apparente,6440,2026-07-14T21:58:06.117Z
sensor.lixee_zlinky_tic_puissance_apparente,6430,2026-07-14T21:58:16.160Z
sensor.lixee_zlinky_tic_puissance_apparente,6460,2026-07-14T21:58:26.192Z
sensor.lixee_zlinky_tic_puissance_apparente,6490,2026-07-14T21:58:45.239Z
sensor.lixee_zlinky_tic_puissance_apparente,6480,2026-07-14T21:58:55.285Z
sensor.lixee_zlinky_tic_puissance_apparente,6470,2026-07-14T21:59:05.305Z
sensor.lixee_zlinky_tic_puissance_apparente,6500,2026-07-14T21:59:14.638Z
sensor.lixee_zlinky_tic_puissance_apparente,6480,2026-07-14T21:59:24.369Z
sensor.lixee_zlinky_tic_puissance_apparente,6440,2026-07-14T21:59:34.398Z
sensor.lixee_zlinky_tic_puissance_apparente,6470,2026-07-14T21:59:44.432Z
sensor.lixee_zlinky_tic_puissance_apparente,6380,2026-07-14T21:59:53.793Z
sensor.lixee_zlinky_tic_puissance_apparente,6360,2026-07-14T22:00:03.487Z
sensor.lixee_zlinky_tic_puissance_apparente,6370,2026-07-14T22:00:13.524Z
sensor.lixee_zlinky_tic_puissance_apparente,6340,2026-07-14T22:00:23.564Z
sensor.lixee_zlinky_tic_puissance_apparente,6330,2026-07-14T22:00:43.637Z
sensor.lixee_zlinky_tic_puissance_apparente,6320,2026-07-14T22:01:02.690Z
sensor.lixee_zlinky_tic_puissance_apparente,6280,2026-07-14T22:01:12.725Z
sensor.lixee_zlinky_tic_puissance_apparente,6310,2026-07-14T22:01:22.755Z
sensor.lixee_zlinky_tic_puissance_apparente,6340,2026-07-14T22:01:32.792Z
sensor.lixee_zlinky_tic_puissance_apparente,6320,2026-07-14T22:01:41.808Z
sensor.lixee_zlinky_tic_puissance_apparente,6340,2026-07-14T22:01:51.853Z
sensor.lixee_zlinky_tic_puissance_apparente,6360,2026-07-14T22:02:01.886Z
sensor.lixee_zlinky_tic_puissance_apparente,6480,2026-07-14T22:02:11.913Z
sensor.lixee_zlinky_tic_puissance_apparente,6650,2026-07-14T22:02:20.940Z
sensor.lixee_zlinky_tic_puissance_apparente,6780,2026-07-14T22:02:30.976Z
sensor.lixee_zlinky_tic_puissance_apparente,6920,2026-07-14T22:02:41.017Z
sensor.lixee_zlinky_tic_puissance_apparente,6940,2026-07-14T22:02:51.049Z
sensor.lixee_zlinky_tic_puissance_apparente,6930,2026-07-14T22:03:01.081Z
sensor.lixee_zlinky_tic_puissance_apparente,6950,2026-07-14T22:03:10.109Z
sensor.lixee_zlinky_tic_puissance_apparente,6920,2026-07-14T22:03:20.128Z
sensor.lixee_zlinky_tic_puissance_apparente,6940,2026-07-14T22:03:30.170Z
sensor.lixee_zlinky_tic_puissance_apparente,6930,2026-07-14T22:03:49.222Z
sensor.lixee_zlinky_tic_puissance_apparente,6980,2026-07-14T22:03:59.257Z
sensor.lixee_zlinky_tic_puissance_apparente,6940,2026-07-14T22:04:09.300Z
sensor.lixee_zlinky_tic_puissance_apparente,6300,2026-07-14T22:04:19.334Z
sensor.lixee_zlinky_tic_puissance_apparente,6310,2026-07-14T22:04:38.394Z
sensor.lixee_zlinky_tic_puissance_apparente,6320,2026-07-14T22:04:48.416Z
sensor.lixee_zlinky_tic_puissance_apparente,6290,2026-07-14T22:04:58.444Z
sensor.lixee_zlinky_tic_puissance_apparente,6300,2026-07-14T22:05:08.477Z
sensor.lixee_zlinky_tic_puissance_apparente,6310,2026-07-14T22:05:17.502Z
sensor.lixee_zlinky_tic_puissance_apparente,6270,2026-07-14T22:05:27.523Z
sensor.lixee_zlinky_tic_puissance_apparente,6320,2026-07-14T22:05:37.587Z
sensor.lixee_zlinky_tic_puissance_apparente,6280,2026-07-14T22:05:47.599Z
sensor.lixee_zlinky_tic_puissance_apparente,6290,2026-07-14T22:05:57.635Z
sensor.lixee_zlinky_tic_puissance_apparente,6340,2026-07-14T22:06:06.667Z
sensor.lixee_zlinky_tic_puissance_apparente,6310,2026-07-14T22:06:16.693Z
sensor.lixee_zlinky_tic_puissance_apparente,6300,2026-07-14T22:06:26.731Z
sensor.lixee_zlinky_tic_puissance_apparente,6330,2026-07-14T22:06:55.814Z
sensor.lixee_zlinky_tic_puissance_apparente,6290,2026-07-14T22:07:05.857Z
sensor.lixee_zlinky_tic_puissance_apparente,6280,2026-07-14T22:07:15.886Z
sensor.lixee_zlinky_tic_puissance_apparente,6300,2026-07-14T22:07:25.918Z
sensor.lixee_zlinky_tic_puissance_apparente,6290,2026-07-14T22:07:34.951Z
sensor.lixee_zlinky_tic_puissance_apparente,6320,2026-07-14T22:07:44.983Z
sensor.lixee_zlinky_tic_puissance_apparente,6310,2026-07-14T22:07:55.018Z
sensor.lixee_zlinky_tic_puissance_apparente,6290,2026-07-14T22:08:05.046Z
sensor.lixee_zlinky_tic_puissance_apparente,6330,2026-07-14T22:08:15.087Z
sensor.lixee_zlinky_tic_puissance_apparente,6380,2026-07-14T22:08:24.104Z
sensor.lixee_zlinky_tic_puissance_apparente,6540,2026-07-14T22:08:34.140Z
sensor.lixee_zlinky_tic_puissance_apparente,6670,2026-07-14T22:08:44.176Z
sensor.lixee_zlinky_tic_puissance_apparente,5910,2026-07-14T22:08:54.213Z
sensor.lixee_zlinky_tic_puissance_apparente,5980,2026-07-14T22:09:03.236Z
sensor.lixee_zlinky_tic_puissance_apparente,5990,2026-07-14T22:09:13.265Z
sensor.lixee_zlinky_tic_puissance_apparente,6080,2026-07-14T22:09:23.307Z
sensor.lixee_zlinky_tic_puissance_apparente,6110,2026-07-14T22:09:33.345Z
sensor.lixee_zlinky_tic_puissance_apparente,6150,2026-07-14T22:09:52.398Z
sensor.lixee_zlinky_tic_puissance_apparente,6110,2026-07-14T22:10:02.434Z
sensor.lixee_zlinky_tic_puissance_apparente,6120,2026-07-14T22:10:12.473Z
sensor.lixee_zlinky_tic_puissance_apparente,6130,2026-07-14T22:10:22.504Z
sensor.lixee_zlinky_tic_puissance_apparente,6120,2026-07-14T22:10:31.527Z
sensor.lixee_zlinky_tic_puissance_apparente,5500,2026-07-14T22:10:41.569Z
sensor.lixee_zlinky_tic_puissance_apparente,5480,2026-07-14T22:10:51.599Z
sensor.lixee_zlinky_tic_puissance_apparente,5490,2026-07-14T22:11:01.627Z
sensor.lixee_zlinky_tic_puissance_apparente,5520,2026-07-14T22:11:11.660Z
sensor.lixee_zlinky_tic_puissance_apparente,5500,2026-07-14T22:11:20.688Z
sensor.lixee_zlinky_tic_puissance_apparente,5520,2026-07-14T22:11:30.718Z
sensor.lixee_zlinky_tic_puissance_apparente,5490,2026-07-14T22:11:40.760Z
sensor.lixee_zlinky_tic_puissance_apparente,5480,2026-07-14T22:11:50.791Z
sensor.lixee_zlinky_tic_puissance_apparente,5510,2026-07-14T22:11:59.815Z
sensor.lixee_zlinky_tic_puissance_apparente,5470,2026-07-14T22:12:09.853Z
sensor.lixee_zlinky_tic_puissance_apparente,5490,2026-07-14T22:12:29.925Z
sensor.lixee_zlinky_tic_puissance_apparente,5520,2026-07-14T22:12:48.970Z
sensor.lixee_zlinky_tic_puissance_apparente,5480,2026-07-14T22:12:59.005Z
sensor.lixee_zlinky_tic_puissance_apparente,5470,2026-07-14T22:13:09.041Z
sensor.lixee_zlinky_tic_puissance_apparente,5500,2026-07-14T22:13:19.079Z
sensor.lixee_zlinky_tic_puissance_apparente,5470,2026-07-14T22:13:28.105Z
sensor.lixee_zlinky_tic_puissance_apparente,5480,2026-07-14T22:13:38.136Z
sensor.lixee_zlinky_tic_puissance_apparente,5460,2026-07-14T22:13:48.172Z
sensor.lixee_zlinky_tic_puissance_apparente,5470,2026-07-14T22:13:58.202Z
sensor.lixee_zlinky_tic_puissance_apparente,5530,2026-07-14T22:14:08.238Z
sensor.lixee_zlinky_tic_puissance_apparente,5510,2026-07-14T22:14:17.266Z
sensor.lixee_zlinky_tic_puissance_apparente,5660,2026-07-14T22:14:47.374Z
sensor.lixee_zlinky_tic_puissance_apparente,5800,2026-07-14T22:14:57.396Z
sensor.lixee_zlinky_tic_puissance_apparente,5950,2026-07-14T22:15:06.417Z
sensor.lixee_zlinky_tic_puissance_apparente,6110,2026-07-14T22:15:16.455Z
sensor.lixee_zlinky_tic_puissance_apparente,6190,2026-07-14T22:15:26.470Z
sensor.lixee_zlinky_tic_puissance_apparente,6180,2026-07-14T22:15:36.511Z
sensor.lixee_zlinky_tic_puissance_apparente,6190,2026-07-14T22:15:45.540Z
sensor.lixee_zlinky_tic_puissance_apparente,6200,2026-07-14T22:16:05.597Z
sensor.lixee_zlinky_tic_puissance_apparente,6220,2026-07-14T22:16:15.623Z
sensor.lixee_zlinky_tic_puissance_apparente,6190,2026-07-14T22:16:25.661Z
sensor.lixee_zlinky_tic_puissance_apparente,6230,2026-07-14T22:16:44.714Z
sensor.lixee_zlinky_tic_puissance_apparente,6190,2026-07-14T22:16:54.750Z
sensor.lixee_zlinky_tic_puissance_apparente,5560,2026-07-14T22:17:04.786Z
sensor.lixee_zlinky_tic_puissance_apparente,5550,2026-07-14T22:17:13.809Z
sensor.lixee_zlinky_tic_puissance_apparente,5570,2026-07-14T22:17:23.848Z
sensor.lixee_zlinky_tic_puissance_apparente,5680,2026-07-14T22:17:33.890Z
sensor.lixee_zlinky_tic_puissance_apparente,5660,2026-07-14T22:17:43.922Z
sensor.lixee_zlinky_tic_puissance_apparente,5640,2026-07-14T22:17:53.965Z
sensor.lixee_zlinky_tic_puissance_apparente,5660,2026-07-14T22:18:02.992Z
sensor.lixee_zlinky_tic_puissance_apparente,5640,2026-07-14T22:18:13.021Z
sensor.lixee_zlinky_tic_puissance_apparente,5630,2026-07-14T22:18:23.060Z
sensor.lixee_zlinky_tic_puissance_apparente,5640,2026-07-14T22:18:33.092Z
sensor.lixee_zlinky_tic_puissance_apparente,5680,2026-07-14T22:18:52.137Z
sensor.lixee_zlinky_tic_puissance_apparente,5640,2026-07-14T22:19:02.183Z
sensor.lixee_zlinky_tic_puissance_apparente,5620,2026-07-14T22:19:12.211Z
sensor.lixee_zlinky_tic_puissance_apparente,5650,2026-07-14T22:19:22.236Z
sensor.lixee_zlinky_tic_puissance_apparente,5610,2026-07-14T22:19:31.256Z
sensor.lixee_zlinky_tic_puissance_apparente,5740,2026-07-14T22:19:41.297Z
sensor.lixee_zlinky_tic_puissance_apparente,5750,2026-07-14T22:19:51.333Z
sensor.lixee_zlinky_tic_puissance_apparente,5740,2026-07-14T22:20:01.359Z
sensor.lixee_zlinky_tic_puissance_apparente,5710,2026-07-14T22:20:20.400Z
sensor.lixee_zlinky_tic_puissance_apparente,5750,2026-07-14T22:20:30.437Z
sensor.lixee_zlinky_tic_puissance_apparente,5780,2026-07-14T22:20:40.477Z
sensor.lixee_zlinky_tic_puissance_apparente,5760,2026-07-14T22:20:50.506Z
sensor.lixee_zlinky_tic_puissance_apparente,5820,2026-07-14T22:20:59.536Z
sensor.lixee_zlinky_tic_puissance_apparente,5920,2026-07-14T22:21:09.573Z
sensor.lixee_zlinky_tic_puissance_apparente,6050,2026-07-14T22:21:19.605Z
sensor.lixee_zlinky_tic_puissance_apparente,6200,2026-07-14T22:21:29.644Z
sensor.lixee_zlinky_tic_puissance_apparente,6350,2026-07-14T22:21:39.667Z
sensor.lixee_zlinky_tic_puissance_apparente,6390,2026-07-14T22:21:48.698Z
sensor.lixee_zlinky_tic_puissance_apparente,6440,2026-07-14T22:21:58.726Z
sensor.lixee_zlinky_tic_puissance_apparente,6450,2026-07-14T22:22:08.759Z
sensor.lixee_zlinky_tic_puissance_apparente,6440,2026-07-14T22:22:27.817Z
sensor.lixee_zlinky_tic_puissance_apparente,6460,2026-07-14T22:22:47.890Z
sensor.lixee_zlinky_tic_puissance_apparente,6420,2026-07-14T22:22:57.920Z
sensor.lixee_zlinky_tic_puissance_apparente,6400,2026-07-14T22:23:07.945Z
sensor.lixee_zlinky_tic_puissance_apparente,6200,2026-07-14T22:23:16.979Z
sensor.lixee_zlinky_tic_puissance_apparente,5770,2026-07-14T22:23:27.003Z
sensor.lixee_zlinky_tic_puissance_apparente,5780,2026-07-14T22:23:37.043Z
sensor.lixee_zlinky_tic_puissance_apparente,5790,2026-07-14T22:23:47.070Z
sensor.lixee_zlinky_tic_puissance_apparente,5760,2026-07-14T22:23:56.104Z
sensor.lixee_zlinky_tic_puissance_apparente,5740,2026-07-14T22:24:16.168Z
sensor.lixee_zlinky_tic_puissance_apparente,5770,2026-07-14T22:24:36.236Z
sensor.lixee_zlinky_tic_puissance_apparente,5750,2026-07-14T22:24:45.260Z
sensor.lixee_zlinky_tic_puissance_apparente,5740,2026-07-14T22:24:55.296Z
sensor.lixee_zlinky_tic_puissance_apparente,5770,2026-07-14T22:25:05.335Z
sensor.lixee_zlinky_tic_puissance_apparente,5760,2026-07-14T22:25:15.362Z
sensor.lixee_zlinky_tic_puissance_apparente,5750,2026-07-14T22:25:25.401Z
sensor.lixee_zlinky_tic_puissance_apparente,5770,2026-07-14T22:25:34.431Z
sensor.lixee_zlinky_tic_puissance_apparente,5760,2026-07-14T22:25:44.467Z
sensor.lixee_zlinky_tic_puissance_apparente,5800,2026-07-14T22:25:54.500Z
sensor.lixee_zlinky_tic_puissance_apparente,5750,2026-07-14T22:26:04.536Z
sensor.lixee_zlinky_tic_puissance_apparente,5770,2026-07-14T22:26:13.557Z
sensor.lixee_zlinky_tic_puissance_apparente,5750,2026-07-14T22:26:23.586Z
sensor.lixee_zlinky_tic_puissance_apparente,5770,2026-07-14T22:26:33.620Z
sensor.lixee_zlinky_tic_puissance_apparente,5800,2026-07-14T22:26:43.658Z
sensor.lixee_zlinky_tic_puissance_apparente,5850,2026-07-14T22:26:53.698Z
sensor.lixee_zlinky_tic_puissance_apparente,5900,2026-07-14T22:27:02.724Z
sensor.lixee_zlinky_tic_puissance_apparente,6050,2026-07-14T22:27:12.746Z
sensor.lixee_zlinky_tic_puissance_apparente,6190,2026-07-14T22:27:22.791Z
sensor.lixee_zlinky_tic_puissance_apparente,6320,2026-07-14T22:27:32.813Z
sensor.lixee_zlinky_tic_puissance_apparente,6330,2026-07-14T22:28:01.896Z
sensor.lixee_zlinky_tic_puissance_apparente,6290,2026-07-14T22:28:11.929Z
sensor.lixee_zlinky_tic_puissance_apparente,6300,2026-07-14T22:28:21.961Z
sensor.lixee_zlinky_tic_puissance_apparente,6270,2026-07-14T22:28:30.982Z
sensor.lixee_zlinky_tic_puissance_apparente,6300,2026-07-14T22:28:51.069Z
sensor.lixee_zlinky_tic_puissance_apparente,6280,2026-07-14T22:29:01.103Z
sensor.lixee_zlinky_tic_puissance_apparente,5630,2026-07-14T22:29:10.141Z
sensor.lixee_zlinky_tic_puissance_apparente,5640,2026-07-14T22:29:20.167Z
sensor.lixee_zlinky_tic_puissance_apparente,5630,2026-07-14T22:29:30.189Z
sensor.lixee_zlinky_tic_puissance_apparente,5660,2026-07-14T22:29:40.223Z
sensor.lixee_zlinky_tic_puissance_apparente,5620,2026-07-14T22:29:50.261Z
sensor.lixee_zlinky_tic_puissance_apparente,5670,2026-07-14T22:29:59.279Z
sensor.lixee_zlinky_tic_puissance_apparente,5720,2026-07-14T22:30:09.327Z
sensor.lixee_zlinky_tic_puissance_apparente,5680,2026-07-14T22:30:19.362Z
sensor.lixee_zlinky_tic_puissance_apparente,5710,2026-07-14T22:30:29.391Z
sensor.lixee_zlinky_tic_puissance_apparente,5700,2026-07-14T22:30:38.418Z
sensor.lixee_zlinky_tic_puissance_apparente,5690,2026-07-14T22:30:48.442Z
sensor.lixee_zlinky_tic_puissance_apparente,5710,2026-07-14T22:30:58.472Z
sensor.lixee_zlinky_tic_puissance_apparente,5670,2026-07-14T22:31:08.510Z
sensor.lixee_zlinky_tic_puissance_apparente,5700,2026-07-14T22:31:27.559Z
sensor.lixee_zlinky_tic_puissance_apparente,5690,2026-07-14T22:31:37.590Z
sensor.lixee_zlinky_tic_puissance_apparente,5670,2026-07-14T22:31:47.630Z
sensor.lixee_zlinky_tic_puissance_apparente,5700,2026-07-14T22:31:57.664Z
sensor.lixee_zlinky_tic_puissance_apparente,5680,2026-07-14T22:32:07.692Z
sensor.lixee_zlinky_tic_puissance_apparente,5690,2026-07-14T22:32:16.723Z
sensor.lixee_zlinky_tic_puissance_apparente,5710,2026-07-14T22:32:26.756Z
sensor.lixee_zlinky_tic_puissance_apparente,5680,2026-07-14T22:32:36.788Z
sensor.lixee_zlinky_tic_puissance_apparente,5700,2026-07-14T22:32:46.820Z
sensor.lixee_zlinky_tic_puissance_apparente,5760,2026-07-14T22:32:55.887Z
sensor.lixee_zlinky_tic_puissance_apparente,5720,2026-07-14T22:33:05.884Z
sensor.lixee_zlinky_tic_puissance_apparente,5740,2026-07-14T22:33:15.920Z
sensor.lixee_zlinky_tic_puissance_apparente,5750,2026-07-14T22:33:25.954Z
sensor.lixee_zlinky_tic_puissance_apparente,5820,2026-07-14T22:33:35.987Z
sensor.lixee_zlinky_tic_puissance_apparente,5920,2026-07-14T22:33:45.017Z
sensor.lixee_zlinky_tic_puissance_apparente,6120,2026-07-14T22:33:55.047Z
sensor.lixee_zlinky_tic_puissance_apparente,6250,2026-07-14T22:34:05.087Z
sensor.lixee_zlinky_tic_puissance_apparente,6320,2026-07-14T22:34:15.120Z
sensor.lixee_zlinky_tic_puissance_apparente,6360,2026-07-14T22:34:24.148Z
sensor.lixee_zlinky_tic_puissance_apparente,6330,2026-07-14T22:34:34.175Z
sensor.lixee_zlinky_tic_puissance_apparente,6310,2026-07-14T22:34:44.218Z
sensor.lixee_zlinky_tic_puissance_apparente,6340,2026-07-14T22:34:54.240Z
sensor.lixee_zlinky_tic_puissance_apparente,6320,2026-07-14T22:35:04.273Z
sensor.lixee_zlinky_tic_puissance_apparente,6300,2026-07-14T22:35:13.301Z
sensor.lixee_zlinky_tic_puissance_apparente,6330,2026-07-14T22:35:23.337Z
sensor.lixee_zlinky_tic_puissance_apparente,6310,2026-07-14T22:35:33.382Z
sensor.lixee_zlinky_tic_puissance_apparente,6320,2026-07-14T22:35:43.426Z
sensor.lixee_zlinky_tic_puissance_apparente,5710,2026-07-14T22:35:52.440Z
sensor.lixee_zlinky_tic_puissance_apparente,5690,2026-07-14T22:36:02.469Z
sensor.lixee_zlinky_tic_puissance_apparente,5700,2026-07-14T22:36:12.512Z
sensor.lixee_zlinky_tic_puissance_apparente,5690,2026-07-14T22:36:41.604Z
sensor.lixee_zlinky_tic_puissance_apparente,5670,2026-07-14T22:36:51.636Z
sensor.lixee_zlinky_tic_puissance_apparente,5720,2026-07-14T22:37:01.667Z
sensor.lixee_zlinky_tic_puissance_apparente,5680,2026-07-14T22:37:11.710Z
sensor.lixee_zlinky_tic_puissance_apparente,5710,2026-07-14T22:37:30.763Z
sensor.lixee_zlinky_tic_puissance_apparente,5620,2026-07-14T22:37:40.802Z
sensor.lixee_zlinky_tic_puissance_apparente,5630,2026-07-14T22:37:50.832Z
sensor.lixee_zlinky_tic_puissance_apparente,5660,2026-07-14T22:38:00.864Z
sensor.lixee_zlinky_tic_puissance_apparente,5630,2026-07-14T22:38:09.896Z
sensor.lixee_zlinky_tic_puissance_apparente,5640,2026-07-14T22:38:19.928Z
sensor.lixee_zlinky_tic_puissance_apparente,5650,2026-07-14T22:38:29.958Z
sensor.lixee_zlinky_tic_puissance_apparente,5670,2026-07-14T22:38:59.060Z
sensor.lixee_zlinky_tic_puissance_apparente,5700,2026-07-14T22:39:09.095Z
sensor.lixee_zlinky_tic_puissance_apparente,5670,2026-07-14T22:39:19.123Z
sensor.lixee_zlinky_tic_puissance_apparente,5710,2026-07-14T22:39:29.161Z
sensor.lixee_zlinky_tic_puissance_apparente,5730,2026-07-14T22:39:38.186Z
sensor.lixee_zlinky_tic_puissance_apparente,5800,2026-07-14T22:39:48.213Z
sensor.lixee_zlinky_tic_puissance_apparente,5930,2026-07-14T22:39:58.242Z
sensor.lixee_zlinky_tic_puissance_apparente,6070,2026-07-14T22:40:08.272Z
sensor.lixee_zlinky_tic_puissance_apparente,6220,2026-07-14T22:40:18.312Z
sensor.lixee_zlinky_tic_puissance_apparente,6270,2026-07-14T22:40:27.324Z
sensor.lixee_zlinky_tic_puissance_apparente,6290,2026-07-14T22:40:37.352Z
sensor.lixee_zlinky_tic_puissance_apparente,6280,2026-07-14T22:40:47.393Z
sensor.lixee_zlinky_tic_puissance_apparente,6260,2026-07-14T22:40:57.426Z
sensor.lixee_zlinky_tic_puissance_apparente,6300,2026-07-14T22:41:06.457Z
sensor.lixee_zlinky_tic_puissance_apparente,6260,2026-07-14T22:41:16.481Z
sensor.lixee_zlinky_tic_puissance_apparente,6270,2026-07-14T22:41:26.523Z
sensor.lixee_zlinky_tic_puissance_apparente,6290,2026-07-14T22:41:36.558Z
sensor.lixee_zlinky_tic_puissance_apparente,6270,2026-07-14T22:41:46.584Z
sensor.lixee_zlinky_tic_puissance_apparente,5670,2026-07-14T22:42:05.640Z
sensor.lixee_zlinky_tic_puissance_apparente,5640,2026-07-14T22:42:15.685Z
sensor.lixee_zlinky_tic_puissance_apparente,5630,2026-07-14T22:42:25.703Z
sensor.lixee_zlinky_tic_puissance_apparente,5650,2026-07-14T22:42:34.722Z
sensor.lixee_zlinky_tic_puissance_apparente,5630,2026-07-14T22:42:44.757Z
sensor.lixee_zlinky_tic_puissance_apparente,5650,2026-07-14T22:42:54.793Z
sensor.lixee_zlinky_tic_puissance_apparente,5690,2026-07-14T22:43:04.824Z
sensor.lixee_zlinky_tic_puissance_apparente,5680,2026-07-14T22:43:14.856Z
sensor.lixee_zlinky_tic_puissance_apparente,5690,2026-07-14T22:43:23.888Z
sensor.lixee_zlinky_tic_puissance_apparente,5710,2026-07-14T22:43:33.918Z
sensor.lixee_zlinky_tic_puissance_apparente,5680,2026-07-14T22:43:43.950Z
sensor.lixee_zlinky_tic_puissance_apparente,5670,2026-07-14T22:43:53.985Z
sensor.lixee_zlinky_tic_puissance_apparente,5690,2026-07-14T22:44:04.020Z
sensor.lixee_zlinky_tic_puissance_apparente,4460,2026-07-14T22:44:13.047Z
sensor.lixee_zlinky_tic_puissance_apparente,4480,2026-07-14T22:44:33.130Z
sensor.lixee_zlinky_tic_puissance_apparente,4510,2026-07-14T22:44:43.152Z
sensor.lixee_zlinky_tic_puissance_apparente,4480,2026-07-14T22:44:52.174Z
sensor.lixee_zlinky_tic_puissance_apparente,6240,2026-07-14T22:45:02.207Z
sensor.lixee_zlinky_tic_puissance_apparente,6220,2026-07-14T22:45:12.245Z
sensor.lixee_zlinky_tic_puissance_apparente,4540,2026-07-14T22:45:22.283Z
sensor.lixee_zlinky_tic_puissance_apparente,4530,2026-07-14T22:45:41.337Z
sensor.lixee_zlinky_tic_puissance_apparente,4510,2026-07-14T22:45:51.351Z
sensor.lixee_zlinky_tic_puissance_apparente,4520,2026-07-14T22:46:01.396Z
sensor.lixee_zlinky_tic_puissance_apparente,4530,2026-07-14T22:46:20.447Z
sensor.lixee_zlinky_tic_puissance_apparente,4520,2026-07-14T22:46:30.479Z
sensor.lixee_zlinky_tic_puissance_apparente,4650,2026-07-14T22:46:40.526Z
sensor.lixee_zlinky_tic_puissance_apparente,4850,2026-07-14T22:46:50.559Z
sensor.lixee_zlinky_tic_puissance_apparente,4950,2026-07-14T22:47:00.585Z
sensor.lixee_zlinky_tic_puissance_apparente,5100,2026-07-14T22:47:09.610Z
sensor.lixee_zlinky_tic_puissance_apparente,5110,2026-07-14T22:47:19.641Z
sensor.lixee_zlinky_tic_puissance_apparente,5130,2026-07-14T22:47:29.683Z
sensor.lixee_zlinky_tic_puissance_apparente,4490,2026-07-14T22:47:39.713Z
sensor.lixee_zlinky_tic_puissance_apparente,4440,2026-07-14T22:47:48.741Z
sensor.lixee_zlinky_tic_puissance_apparente,4470,2026-07-14T22:48:08.814Z
sensor.lixee_zlinky_tic_puissance_apparente,4490,2026-07-14T22:48:18.848Z
sensor.lixee_zlinky_tic_puissance_apparente,4520,2026-07-14T22:48:47.934Z
sensor.lixee_zlinky_tic_puissance_apparente,4490,2026-07-14T22:48:57.982Z
sensor.lixee_zlinky_tic_puissance_apparente,4480,2026-07-14T22:49:08.016Z
sensor.lixee_zlinky_tic_puissance_apparente,4500,2026-07-14T22:49:17.034Z
sensor.lixee_zlinky_tic_puissance_apparente,4480,2026-07-14T22:49:27.062Z
sensor.lixee_zlinky_tic_puissance_apparente,4470,2026-07-14T22:49:37.110Z
sensor.lixee_zlinky_tic_puissance_apparente,4500,2026-07-14T22:49:47.140Z
sensor.lixee_zlinky_tic_puissance_apparente,4490,2026-07-14T22:49:57.171Z
sensor.lixee_zlinky_tic_puissance_apparente,4430,2026-07-14T22:50:06.194Z
sensor.lixee_zlinky_tic_puissance_apparente,4490,2026-07-14T22:50:16.238Z
sensor.lixee_zlinky_tic_puissance_apparente,4510,2026-07-14T22:50:26.272Z
sensor.lixee_zlinky_tic_puissance_apparente,4460,2026-07-14T22:50:36.302Z
sensor.lixee_zlinky_tic_puissance_apparente,4480,2026-07-14T22:50:46.344Z
sensor.lixee_zlinky_tic_puissance_apparente,6360,2026-07-14T22:50:55.373Z
sensor.lixee_zlinky_tic_puissance_apparente,6340,2026-07-14T22:51:05.402Z
sensor.lixee_zlinky_tic_puissance_apparente,6360,2026-07-14T22:51:15.435Z
sensor.lixee_zlinky_tic_puissance_apparente,6320,2026-07-14T22:51:25.468Z
sensor.lixee_zlinky_tic_puissance_apparente,6330,2026-07-14T22:51:34.498Z
sensor.lixee_zlinky_tic_puissance_apparente,6300,2026-07-14T22:51:44.530Z
sensor.lixee_zlinky_tic_puissance_apparente,6330,2026-07-14T22:51:54.568Z
sensor.lixee_zlinky_tic_puissance_apparente,6300,2026-07-14T22:52:04.594Z
sensor.lixee_zlinky_tic_puissance_apparente,6340,2026-07-14T22:52:14.629Z
sensor.lixee_zlinky_tic_puissance_apparente,6370,2026-07-14T22:52:23.651Z
sensor.lixee_zlinky_tic_puissance_apparente,6340,2026-07-14T22:52:33.678Z
sensor.lixee_zlinky_tic_puissance_apparente,6360,2026-07-14T22:52:53.746Z
sensor.lixee_zlinky_tic_puissance_apparente,6340,2026-07-14T22:53:02.773Z
sensor.lixee_zlinky_tic_puissance_apparente,6330,2026-07-14T22:53:12.803Z
sensor.lixee_zlinky_tic_puissance_apparente,7990,2026-07-14T22:53:22.828Z
sensor.lixee_zlinky_tic_puissance_apparente,7890,2026-07-14T22:53:32.867Z
sensor.lixee_zlinky_tic_puissance_apparente,6330,2026-07-14T22:53:42.898Z
sensor.lixee_zlinky_tic_puissance_apparente,6390,2026-07-14T22:53:51.922Z
sensor.lixee_zlinky_tic_puissance_apparente,6350,2026-07-14T22:54:01.960Z
sensor.lixee_zlinky_tic_puissance_apparente,6380,2026-07-14T22:54:22.035Z
sensor.lixee_zlinky_tic_puissance_apparente,6370,2026-07-14T22:54:31.058Z
sensor.lixee_zlinky_tic_puissance_apparente,6380,2026-07-14T22:54:41.088Z
sensor.lixee_zlinky_tic_puissance_apparente,6410,2026-07-14T22:54:51.127Z
sensor.lixee_zlinky_tic_puissance_apparente,6390,2026-07-14T22:55:01.153Z
sensor.lixee_zlinky_tic_puissance_apparente,6310,2026-07-14T22:55:11.188Z
sensor.lixee_zlinky_tic_puissance_apparente,6340,2026-07-14T22:55:20.216Z
sensor.lixee_zlinky_tic_puissance_apparente,6360,2026-07-14T22:55:30.251Z
sensor.lixee_zlinky_tic_puissance_apparente,6340,2026-07-14T22:55:40.289Z
sensor.lixee_zlinky_tic_puissance_apparente,6350,2026-07-14T22:56:00.344Z
sensor.lixee_zlinky_tic_puissance_apparente,6310,2026-07-14T22:56:09.373Z
sensor.lixee_zlinky_tic_puissance_apparente,6290,2026-07-14T22:56:19.417Z
sensor.lixee_zlinky_tic_puissance_apparente,6330,2026-07-14T22:56:29.441Z
sensor.lixee_zlinky_tic_puissance_apparente,6280,2026-07-14T22:56:39.471Z
sensor.lixee_zlinky_tic_puissance_apparente,6270,2026-07-14T22:56:48.490Z
sensor.lixee_zlinky_tic_puissance_apparente,6390,2026-07-14T22:56:58.514Z
sensor.lixee_zlinky_tic_puissance_apparente,6360,2026-07-14T22:57:08.552Z
sensor.lixee_zlinky_tic_puissance_apparente,6340,2026-07-14T22:57:18.575Z
sensor.lixee_zlinky_tic_puissance_apparente,6380,2026-07-14T22:57:28.615Z
sensor.lixee_zlinky_tic_puissance_apparente,6340,2026-07-14T22:57:37.635Z
sensor.lixee_zlinky_tic_puissance_apparente,6330,2026-07-14T22:57:47.666Z
sensor.lixee_zlinky_tic_puissance_apparente,6360,2026-07-14T22:57:57.702Z
sensor.lixee_zlinky_tic_puissance_apparente,6350,2026-07-14T22:58:07.749Z
sensor.lixee_zlinky_tic_puissance_apparente,6330,2026-07-14T22:58:16.775Z
sensor.lixee_zlinky_tic_puissance_apparente,6350,2026-07-14T22:58:26.800Z
sensor.lixee_zlinky_tic_puissance_apparente,6340,2026-07-14T22:58:46.868Z
sensor.lixee_zlinky_tic_puissance_apparente,6380,2026-07-14T22:58:56.904Z
sensor.lixee_zlinky_tic_puissance_apparente,6340,2026-07-14T22:59:05.928Z
sensor.lixee_zlinky_tic_puissance_apparente,6380,2026-07-14T22:59:26.000Z
sensor.lixee_zlinky_tic_puissance_apparente,6360,2026-07-14T22:59:36.037Z
sensor.lixee_zlinky_tic_puissance_apparente,6350,2026-07-14T22:59:55.091Z
sensor.lixee_zlinky_tic_puissance_apparente,6340,2026-07-14T23:00:05.138Z
sensor.lixee_zlinky_tic_puissance_apparente,6270,2026-07-14T23:00:15.166Z
sensor.lixee_zlinky_tic_puissance_apparente,6290,2026-07-14T23:00:25.197Z
sensor.lixee_zlinky_tic_puissance_apparente,6310,2026-07-14T23:00:34.227Z
sensor.lixee_zlinky_tic_puissance_apparente,6290,2026-07-14T23:00:44.260Z
sensor.lixee_zlinky_tic_puissance_apparente,6280,2026-07-14T23:00:54.301Z
sensor.lixee_zlinky_tic_puissance_apparente,6320,2026-07-14T23:01:04.340Z
sensor.lixee_zlinky_tic_puissance_apparente,6310,2026-07-14T23:01:13.364Z
sensor.lixee_zlinky_tic_puissance_apparente,6290,2026-07-14T23:01:53.321Z
sensor.lixee_zlinky_tic_puissance_apparente,6320,2026-07-14T23:02:02.503Z
sensor.lixee_zlinky_tic_puissance_apparente,6290,2026-07-14T23:02:12.540Z
sensor.lixee_zlinky_tic_puissance_apparente,6300,2026-07-14T23:02:22.585Z
sensor.lixee_zlinky_tic_puissance_apparente,4460,2026-07-14T23:02:32.490Z
sensor.lixee_zlinky_tic_puissance_apparente,4430,2026-07-14T23:02:42.653Z
sensor.lixee_zlinky_tic_puissance_apparente,4470,2026-07-14T23:02:51.676Z
sensor.lixee_zlinky_tic_puissance_apparente,4480,2026-07-14T23:03:01.714Z
sensor.lixee_zlinky_tic_puissance_apparente,4450,2026-07-14T23:03:11.636Z
sensor.lixee_zlinky_tic_puissance_apparente,4460,2026-07-14T23:03:21.784Z
sensor.lixee_zlinky_tic_puissance_apparente,4490,2026-07-14T23:03:30.805Z
sensor.lixee_zlinky_tic_puissance_apparente,4470,2026-07-14T23:03:50.790Z
sensor.lixee_zlinky_tic_puissance_apparente,4490,2026-07-14T23:04:00.901Z
sensor.lixee_zlinky_tic_puissance_apparente,4480,2026-07-14T23:04:10.938Z
sensor.lixee_zlinky_tic_puissance_apparente,4470,2026-07-14T23:04:19.961Z
sensor.lixee_zlinky_tic_puissance_apparente,4480,2026-07-14T23:04:40.026Z
sensor.lixee_zlinky_tic_puissance_apparente,4460,2026-07-14T23:04:50.051Z
sensor.lixee_zlinky_tic_puissance_apparente,4470,2026-07-14T23:04:59.064Z
sensor.lixee_zlinky_tic_puissance_apparente,4480,2026-07-14T23:05:09.109Z
sensor.lixee_zlinky_tic_puissance_apparente,4460,2026-07-14T23:05:19.141Z
sensor.lixee_zlinky_tic_puissance_apparente,4470,2026-07-14T23:05:29.166Z
sensor.lixee_zlinky_tic_puissance_apparente,4480,2026-07-14T23:05:39.183Z
sensor.lixee_zlinky_tic_puissance_apparente,6280,2026-07-14T23:05:48.192Z
sensor.lixee_zlinky_tic_puissance_apparente,6310,2026-07-14T23:05:58.224Z
sensor.lixee_zlinky_tic_puissance_apparente,6330,2026-07-14T23:06:08.251Z
sensor.lixee_zlinky_tic_puissance_apparente,6300,2026-07-14T23:06:18.288Z
sensor.lixee_zlinky_tic_puissance_apparente,6220,2026-07-14T23:06:27.407Z
sensor.lixee_zlinky_tic_puissance_apparente,6260,2026-07-14T23:06:37.332Z
sensor.lixee_zlinky_tic_puissance_apparente,6220,2026-07-14T23:06:47.370Z
sensor.lixee_zlinky_tic_puissance_apparente,6250,2026-07-14T23:07:07.430Z
sensor.lixee_zlinky_tic_puissance_apparente,6240,2026-07-14T23:07:16.448Z
sensor.lixee_zlinky_tic_puissance_apparente,6230,2026-07-14T23:07:26.491Z
sensor.lixee_zlinky_tic_puissance_apparente,6280,2026-07-14T23:07:36.523Z
sensor.lixee_zlinky_tic_puissance_apparente,6370,2026-07-14T23:07:46.545Z
sensor.lixee_zlinky_tic_puissance_apparente,6320,2026-07-14T23:07:56.573Z
sensor.lixee_zlinky_tic_puissance_apparente,6310,2026-07-14T23:08:05.598Z
sensor.lixee_zlinky_tic_puissance_apparente,6390,2026-07-14T23:08:15.621Z
sensor.lixee_zlinky_tic_puissance_apparente,6360,2026-07-14T23:08:25.669Z
sensor.lixee_zlinky_tic_puissance_apparente,6390,2026-07-14T23:08:44.725Z
sensor.lixee_zlinky_tic_puissance_apparente,4510,2026-07-14T23:08:54.745Z
sensor.lixee_zlinky_tic_puissance_apparente,4480,2026-07-14T23:09:04.799Z
sensor.lixee_zlinky_tic_puissance_apparente,4520,2026-07-14T23:09:14.832Z
sensor.lixee_zlinky_tic_puissance_apparente,4510,2026-07-14T23:09:24.868Z
sensor.lixee_zlinky_tic_puissance_apparente,4490,2026-07-14T23:09:33.893Z
sensor.lixee_zlinky_tic_puissance_apparente,4510,2026-07-14T23:09:43.925Z
sensor.lixee_zlinky_tic_puissance_apparente,4520,2026-07-14T23:09:53.957Z
sensor.lixee_zlinky_tic_puissance_apparente,4490,2026-07-14T23:10:03.993Z
sensor.lixee_zlinky_tic_puissance_apparente,4520,2026-07-14T23:10:14.026Z
sensor.lixee_zlinky_tic_puissance_apparente,4450,2026-07-14T23:10:23.041Z
sensor.lixee_zlinky_tic_puissance_apparente,4440,2026-07-14T23:10:33.085Z
sensor.lixee_zlinky_tic_puissance_apparente,4430,2026-07-14T23:10:43.115Z
sensor.lixee_zlinky_tic_puissance_apparente,4440,2026-07-14T23:10:53.145Z
sensor.lixee_zlinky_tic_puissance_apparente,4410,2026-07-14T23:11:02.173Z
sensor.lixee_zlinky_tic_puissance_apparente,6220,2026-07-14T23:11:12.206Z
sensor.lixee_zlinky_tic_puissance_apparente,6270,2026-07-14T23:11:22.244Z
sensor.lixee_zlinky_tic_puissance_apparente,6260,2026-07-14T23:11:32.280Z
sensor.lixee_zlinky_tic_puissance_apparente,6280,2026-07-14T23:11:51.336Z
sensor.lixee_zlinky_tic_puissance_apparente,6270,2026-07-14T23:12:11.409Z
sensor.lixee_zlinky_tic_puissance_apparente,6290,2026-07-14T23:12:30.461Z
sensor.lixee_zlinky_tic_puissance_apparente,6250,2026-07-14T23:12:40.496Z
sensor.lixee_zlinky_tic_puissance_apparente,6300,2026-07-14T23:13:00.542Z
sensor.lixee_zlinky_tic_puissance_apparente,6250,2026-07-14T23:13:10.578Z
sensor.lixee_zlinky_tic_puissance_apparente,6240,2026-07-14T23:13:19.590Z
sensor.lixee_zlinky_tic_puissance_apparente,6280,2026-07-14T23:13:29.623Z
sensor.lixee_zlinky_tic_puissance_apparente,6250,2026-07-14T23:13:39.659Z
sensor.lixee_zlinky_tic_puissance_apparente,6290,2026-07-14T23:13:59.725Z
sensor.lixee_zlinky_tic_puissance_apparente,6280,2026-07-14T23:14:08.748Z
sensor.lixee_zlinky_tic_puissance_apparente,4430,2026-07-14T23:14:18.783Z
sensor.lixee_zlinky_tic_puissance_apparente,4400,2026-07-14T23:14:28.812Z
sensor.lixee_zlinky_tic_puissance_apparente,4470,2026-07-14T23:14:38.840Z
sensor.lixee_zlinky_tic_puissance_apparente,4440,2026-07-14T23:14:47.862Z
sensor.lixee_zlinky_tic_puissance_apparente,4450,2026-07-14T23:14:57.895Z
sensor.lixee_zlinky_tic_puissance_apparente,4470,2026-07-14T23:15:07.936Z
sensor.lixee_zlinky_tic_puissance_apparente,4430,2026-07-14T23:15:17.974Z
sensor.lixee_zlinky_tic_puissance_apparente,4420,2026-07-14T23:15:28.009Z
sensor.lixee_zlinky_tic_puissance_apparente,4410,2026-07-14T23:15:37.021Z
sensor.lixee_zlinky_tic_puissance_apparente,4400,2026-07-14T23:15:47.042Z
sensor.lixee_zlinky_tic_puissance_apparente,4430,2026-07-14T23:16:07.122Z
sensor.lixee_zlinky_tic_puissance_apparente,4370,2026-07-14T23:16:17.173Z
sensor.lixee_zlinky_tic_puissance_apparente,4380,2026-07-14T23:16:46.242Z
sensor.lixee_zlinky_tic_puissance_apparente,4360,2026-07-14T23:16:56.276Z
sensor.lixee_zlinky_tic_puissance_apparente,4370,2026-07-14T23:17:05.303Z
sensor.lixee_zlinky_tic_puissance_apparente,4390,2026-07-14T23:17:15.340Z
sensor.lixee_zlinky_tic_puissance_apparente,4360,2026-07-14T23:17:35.409Z
sensor.lixee_zlinky_tic_puissance_apparente,4380,2026-07-14T23:17:54.454Z
sensor.lixee_zlinky_tic_puissance_apparente,4370,2026-07-14T23:18:14.521Z
sensor.lixee_zlinky_tic_puissance_apparente,4390,2026-07-14T23:18:43.613Z
sensor.lixee_zlinky_tic_puissance_apparente,4380,2026-07-14T23:18:53.644Z
sensor.lixee_zlinky_tic_puissance_apparente,4360,2026-07-14T23:19:03.688Z
sensor.lixee_zlinky_tic_puissance_apparente,4370,2026-07-14T23:19:13.719Z
sensor.lixee_zlinky_tic_puissance_apparente,4390,2026-07-14T23:19:22.731Z
sensor.lixee_zlinky_tic_puissance_apparente,1700,2026-07-14T23:19:32.766Z
sensor.lixee_zlinky_tic_puissance_apparente,1690,2026-07-14T23:19:52.839Z
sensor.lixee_zlinky_tic_puissance_apparente,1680,2026-07-14T23:20:02.857Z
sensor.lixee_zlinky_tic_puissance_apparente,1690,2026-07-14T23:20:11.887Z
sensor.lixee_zlinky_tic_puissance_apparente,1710,2026-07-14T23:20:21.909Z
sensor.lixee_zlinky_tic_puissance_apparente,1680,2026-07-14T23:20:50.998Z
sensor.lixee_zlinky_tic_puissance_apparente,1710,2026-07-14T23:21:01.031Z
sensor.lixee_zlinky_tic_puissance_apparente,1720,2026-07-14T23:21:11.074Z
sensor.lixee_zlinky_tic_puissance_apparente,1730,2026-07-14T23:21:21.098Z
sensor.lixee_zlinky_tic_puissance_apparente,1720,2026-07-14T23:22:00.231Z
sensor.lixee_zlinky_tic_puissance_apparente,1710,2026-07-14T23:22:10.268Z
sensor.lixee_zlinky_tic_puissance_apparente,1720,2026-07-14T23:22:19.294Z
sensor.lixee_zlinky_tic_puissance_apparente,1710,2026-07-14T23:23:08.442Z
sensor.lixee_zlinky_tic_puissance_apparente,1680,2026-07-14T23:24:07.625Z
sensor.lixee_zlinky_tic_puissance_apparente,1690,2026-07-14T23:24:17.658Z
sensor.lixee_zlinky_tic_puissance_apparente,1700,2026-07-14T23:24:27.694Z
sensor.lixee_zlinky_tic_puissance_apparente,1710,2026-07-14T23:24:36.717Z
sensor.lixee_zlinky_tic_puissance_apparente,1700,2026-07-14T23:24:46.750Z
sensor.lixee_zlinky_tic_puissance_apparente,1690,2026-07-14T23:25:16.831Z
sensor.lixee_zlinky_tic_puissance_apparente,1680,2026-07-14T23:26:04.985Z
sensor.lixee_zlinky_tic_puissance_apparente,1700,2026-07-14T23:26:15.026Z
sensor.lixee_zlinky_tic_puissance_apparente,1690,2026-07-14T23:26:35.091Z
sensor.lixee_zlinky_tic_puissance_apparente,1710,2026-07-14T23:26:45.111Z
sensor.lixee_zlinky_tic_puissance_apparente,1700,2026-07-14T23:26:54.141Z
sensor.lixee_zlinky_tic_puissance_apparente,1680,2026-07-14T23:27:14.204Z
sensor.lixee_zlinky_tic_puissance_apparente,1670,2026-07-14T23:27:24.230Z
sensor.lixee_zlinky_tic_puissance_apparente,1710,2026-07-14T23:27:34.259Z
sensor.lixee_zlinky_tic_puissance_apparente,1700,2026-07-14T23:27:53.324Z
sensor.lixee_zlinky_tic_puissance_apparente,1710,2026-07-14T23:28:03.352Z
sensor.lixee_zlinky_tic_puissance_apparente,1720,2026-07-14T23:28:22.409Z
sensor.lixee_zlinky_tic_puissance_apparente,1710,2026-07-14T23:28:32.436Z
sensor.lixee_zlinky_tic_puissance_apparente,1720,2026-07-14T23:28:52.501Z
sensor.lixee_zlinky_tic_puissance_apparente,1710,2026-07-14T23:29:11.560Z
sensor.lixee_zlinky_tic_puissance_apparente,1720,2026-07-14T23:29:31.638Z
sensor.lixee_zlinky_tic_puissance_apparente,1710,2026-07-14T23:29:41.672Z
sensor.lixee_zlinky_tic_puissance_apparente,1720,2026-07-14T23:30:10.762Z
sensor.lixee_zlinky_tic_puissance_apparente,1710,2026-07-14T23:30:20.792Z
sensor.lixee_zlinky_tic_puissance_apparente,1700,2026-07-14T23:30:30.831Z
sensor.lixee_zlinky_tic_puissance_apparente,1710,2026-07-14T23:30:39.854Z
sensor.lixee_zlinky_tic_puissance_apparente,1720,2026-07-14T23:30:49.884Z
sensor.lixee_zlinky_tic_puissance_apparente,1710,2026-07-14T23:30:59.924Z
sensor.lixee_zlinky_tic_puissance_apparente,1720,2026-07-14T23:31:09.956Z
sensor.lixee_zlinky_tic_puissance_apparente,1710,2026-07-14T23:31:18.987Z
sensor.lixee_zlinky_tic_puissance_apparente,1670,2026-07-14T23:31:29.018Z
sensor.lixee_zlinky_tic_puissance_apparente,1700,2026-07-14T23:31:39.058Z
sensor.lixee_zlinky_tic_puissance_apparente,1690,2026-07-14T23:32:48.278Z
sensor.lixee_zlinky_tic_puissance_apparente,1700,2026-07-14T23:32:57.303Z
sensor.lixee_zlinky_tic_puissance_apparente,1690,2026-07-14T23:33:07.345Z
sensor.lixee_zlinky_tic_puissance_apparente,1710,2026-07-14T23:33:17.380Z
sensor.lixee_zlinky_tic_puissance_apparente,1690,2026-07-14T23:33:36.424Z
sensor.lixee_zlinky_tic_puissance_apparente,1700,2026-07-14T23:33:46.462Z
sensor.lixee_zlinky_tic_puissance_apparente,1710,2026-07-14T23:33:56.489Z
sensor.lixee_zlinky_tic_puissance_apparente,1720,2026-07-14T23:34:06.524Z
sensor.lixee_zlinky_tic_puissance_apparente,1700,2026-07-14T23:34:16.557Z
sensor.lixee_zlinky_tic_puissance_apparente,1710,2026-07-14T23:34:25.579Z
sensor.lixee_zlinky_tic_puissance_apparente,1700,2026-07-14T23:34:45.649Z
sensor.lixee_zlinky_tic_puissance_apparente,1710,2026-07-14T23:35:04.691Z
sensor.lixee_zlinky_tic_puissance_apparente,1700,2026-07-14T23:35:14.729Z
sensor.lixee_zlinky_tic_puissance_apparente,1690,2026-07-14T23:35:24.769Z
sensor.lixee_zlinky_tic_puissance_apparente,1700,2026-07-14T23:35:34.796Z
sensor.lixee_zlinky_tic_puissance_apparente,1660,2026-07-14T23:35:44.827Z
sensor.lixee_zlinky_tic_puissance_apparente,1700,2026-07-14T23:35:53.853Z
sensor.lixee_zlinky_tic_puissance_apparente,1710,2026-07-14T23:36:03.886Z
sensor.lixee_zlinky_tic_puissance_apparente,1780,2026-07-14T23:36:13.918Z
sensor.lixee_zlinky_tic_puissance_apparente,1790,2026-07-14T23:36:23.952Z
sensor.lixee_zlinky_tic_puissance_apparente,1780,2026-07-14T23:36:43.007Z
sensor.lixee_zlinky_tic_puissance_apparente,1790,2026-07-14T23:36:53.048Z
sensor.lixee_zlinky_tic_puissance_apparente,1750,2026-07-14T23:37:32.177Z
sensor.lixee_zlinky_tic_puissance_apparente,1760,2026-07-14T23:38:21.340Z
sensor.lixee_zlinky_tic_puissance_apparente,1750,2026-07-14T23:39:10.503Z
sensor.lixee_zlinky_tic_puissance_apparente,1730,2026-07-14T23:39:49.620Z
sensor.lixee_zlinky_tic_puissance_apparente,1710,2026-07-14T23:39:59.655Z
sensor.lixee_zlinky_tic_puissance_apparente,1740,2026-07-14T23:40:09.698Z
sensor.lixee_zlinky_tic_puissance_apparente,1730,2026-07-14T23:40:28.755Z
sensor.lixee_zlinky_tic_puissance_apparente,1740,2026-07-14T23:40:48.824Z
sensor.lixee_zlinky_tic_puissance_apparente,1720,2026-07-14T23:41:17.915Z
sensor.lixee_zlinky_tic_puissance_apparente,1740,2026-07-14T23:41:27.959Z
sensor.lixee_zlinky_tic_puissance_apparente,1730,2026-07-14T23:41:57.051Z
sensor.lixee_zlinky_tic_puissance_apparente,1740,2026-07-14T23:42:07.085Z
sensor.lixee_zlinky_tic_puissance_apparente,1750,2026-07-14T23:42:17.116Z
sensor.lixee_zlinky_tic_puissance_apparente,1760,2026-07-14T23:42:46.206Z
sensor.lixee_zlinky_tic_puissance_apparente,1750,2026-07-14T23:42:56.249Z
sensor.lixee_zlinky_tic_puissance_apparente,1740,2026-07-14T23:43:15.313Z
sensor.lixee_zlinky_tic_puissance_apparente,1730,2026-07-14T23:43:45.416Z
sensor.lixee_zlinky_tic_puissance_apparente,1690,2026-07-14T23:44:04.468Z
sensor.lixee_zlinky_tic_puissance_apparente,1710,2026-07-14T23:44:14.502Z
sensor.lixee_zlinky_tic_puissance_apparente,1720,2026-07-14T23:44:24.531Z
sensor.lixee_zlinky_tic_puissance_apparente,1710,2026-07-14T23:44:34.566Z
sensor.lixee_zlinky_tic_puissance_apparente,1720,2026-07-14T23:44:44.597Z
sensor.lixee_zlinky_tic_puissance_apparente,1650,2026-07-14T23:45:52.831Z
sensor.lixee_zlinky_tic_puissance_apparente,1700,2026-07-14T23:46:02.859Z
sensor.lixee_zlinky_tic_puissance_apparente,1680,2026-07-14T23:46:21.918Z
sensor.lixee_zlinky_tic_puissance_apparente,1690,2026-07-14T23:46:31.958Z
sensor.lixee_zlinky_tic_puissance_apparente,1700,2026-07-14T23:46:52.025Z
sensor.lixee_zlinky_tic_puissance_apparente,1690,2026-07-14T23:47:31.155Z
sensor.lixee_zlinky_tic_puissance_apparente,1680,2026-07-14T23:48:10.292Z
sensor.lixee_zlinky_tic_puissance_apparente,1650,2026-07-14T23:48:20.320Z
sensor.lixee_zlinky_tic_puissance_apparente,1690,2026-07-14T23:48:29.345Z
sensor.lixee_zlinky_tic_puissance_apparente,1680,2026-07-14T23:49:28.540Z
sensor.lixee_zlinky_tic_puissance_apparente,1690,2026-07-14T23:49:38.580Z
sensor.lixee_zlinky_tic_puissance_apparente,1680,2026-07-14T23:50:07.669Z
sensor.lixee_zlinky_tic_puissance_apparente,1690,2026-07-14T23:50:37.770Z
sensor.lixee_zlinky_tic_puissance_apparente,1680,2026-07-14T23:51:16.888Z
sensor.lixee_zlinky_tic_puissance_apparente,1690,2026-07-14T23:51:26.918Z
sensor.lixee_zlinky_tic_puissance_apparente,1680,2026-07-14T23:52:06.032Z
sensor.lixee_zlinky_tic_puissance_apparente,1670,2026-07-14T23:52:25.088Z
sensor.lixee_zlinky_tic_puissance_apparente,1650,2026-07-14T23:52:35.132Z
sensor.lixee_zlinky_tic_puissance_apparente,1690,2026-07-14T23:52:45.156Z
sensor.lixee_zlinky_tic_puissance_apparente,1680,2026-07-14T23:52:55.199Z
sensor.lixee_zlinky_tic_puissance_apparente,1690,2026-07-14T23:53:04.225Z
sensor.lixee_zlinky_tic_puissance_apparente,1680,2026-07-14T23:53:14.257Z
sensor.lixee_zlinky_tic_puissance_apparente,1630,2026-07-14T23:53:43.345Z
sensor.lixee_zlinky_tic_puissance_apparente,1620,2026-07-14T23:54:03.424Z
sensor.lixee_zlinky_tic_puissance_apparente,1640,2026-07-14T23:54:13.457Z
sensor.lixee_zlinky_tic_puissance_apparente,1650,2026-07-14T23:54:52.591Z
sensor.lixee_zlinky_tic_puissance_apparente,1630,2026-07-14T23:55:02.622Z
sensor.lixee_zlinky_tic_puissance_apparente,1640,2026-07-14T23:56:30.910Z
sensor.lixee_zlinky_tic_puissance_apparente,1580,2026-07-14T23:56:39.937Z
sensor.lixee_zlinky_tic_puissance_apparente,1600,2026-07-14T23:56:49.967Z
sensor.lixee_zlinky_tic_puissance_apparente,1620,2026-07-14T23:57:00.012Z
sensor.lixee_zlinky_tic_puissance_apparente,1630,2026-07-14T23:58:18.256Z
sensor.lixee_zlinky_tic_puissance_apparente,1640,2026-07-14T23:58:38.332Z
sensor.lixee_zlinky_tic_puissance_apparente,1620,2026-07-14T23:58:48.357Z
sensor.lixee_zlinky_tic_puissance_apparente,1630,2026-07-14T23:58:57.386Z
sensor.lixee_zlinky_tic_puissance_apparente,1640,2026-07-14T23:59:17.460Z
sensor.lixee_zlinky_tic_puissance_apparente,1630,2026-07-14T23:59:37.529Z
sensor.lixee_zlinky_tic_puissance_apparente,1640,2026-07-14T23:59:46.552Z
sensor.lixee_zlinky_tic_puissance_apparente,1630,2026-07-14T23:59:56.582Z
sensor.lixee_zlinky_tic_puissance_apparente,1620,2026-07-15T00:00:06.621Z
sensor.lixee_zlinky_tic_puissance_apparente,1630,2026-07-15T00:00:25.689Z
sensor.lixee_zlinky_tic_puissance_apparente,1610,2026-07-15T00:00:35.714Z
sensor.lixee_zlinky_tic_puissance_apparente,1620,2026-07-15T00:00:45.754Z
sensor.lixee_zlinky_tic_puissance_apparente,1590,2026-07-15T00:00:55.784Z
sensor.lixee_zlinky_tic_puissance_apparente,1630,2026-07-15T00:01:05.814Z
sensor.lixee_zlinky_tic_puissance_apparente,1640,2026-07-15T00:01:14.844Z
sensor.lixee_zlinky_tic_puissance_apparente,1630,2026-07-15T00:01:24.881Z
sensor.lixee_zlinky_tic_puissance_apparente,1620,2026-07-15T00:01:34.915Z
sensor.lixee_zlinky_tic_puissance_apparente,1630,2026-07-15T00:01:44.949Z
sensor.lixee_zlinky_tic_puissance_apparente,1610,2026-07-15T00:02:04.010Z
sensor.lixee_zlinky_tic_puissance_apparente,1630,2026-07-15T00:02:14.047Z
sensor.lixee_zlinky_tic_puissance_apparente,1610,2026-07-15T00:02:43.135Z
sensor.lixee_zlinky_tic_puissance_apparente,1630,2026-07-15T00:02:53.163Z
sensor.lixee_zlinky_tic_puissance_apparente,1620,2026-07-15T00:04:31.486Z
sensor.lixee_zlinky_tic_puissance_apparente,1630,2026-07-15T00:04:41.527Z
sensor.lixee_zlinky_tic_puissance_apparente,1590,2026-07-15T00:05:10.625Z
sensor.lixee_zlinky_tic_puissance_apparente,1620,2026-07-15T00:05:20.657Z
sensor.lixee_zlinky_tic_puissance_apparente,1640,2026-07-15T00:06:48.934Z
sensor.lixee_zlinky_tic_puissance_apparente,1670,2026-07-15T00:06:58.966Z
sensor.lixee_zlinky_tic_puissance_apparente,1700,2026-07-15T00:07:38.101Z
sensor.lixee_zlinky_tic_puissance_apparente,1690,2026-07-15T00:07:47.824Z
sensor.lixee_zlinky_tic_puissance_apparente,1700,2026-07-15T00:07:57.155Z
sensor.lixee_zlinky_tic_puissance_apparente,1750,2026-07-15T00:08:17.228Z
sensor.lixee_zlinky_tic_puissance_apparente,1810,2026-07-15T00:08:26.974Z
sensor.lixee_zlinky_tic_puissance_apparente,1960,2026-07-15T00:08:36.291Z
sensor.lixee_zlinky_tic_puissance_apparente,2080,2026-07-15T00:08:46.319Z
sensor.lixee_zlinky_tic_puissance_apparente,2310,2026-07-15T00:08:56.360Z
sensor.lixee_zlinky_tic_puissance_apparente,2440,2026-07-15T00:09:06.130Z
sensor.lixee_zlinky_tic_puissance_apparente,2310,2026-07-15T00:09:16.425Z
sensor.lixee_zlinky_tic_puissance_apparente,2220,2026-07-15T00:09:25.447Z
sensor.lixee_zlinky_tic_puissance_apparente,2170,2026-07-15T00:09:45.285Z
sensor.lixee_zlinky_tic_puissance_apparente,2140,2026-07-15T00:09:55.552Z
sensor.lixee_zlinky_tic_puissance_apparente,2090,2026-07-15T00:10:04.574Z
sensor.lixee_zlinky_tic_puissance_apparente,2040,2026-07-15T00:10:14.606Z
sensor.lixee_zlinky_tic_puissance_apparente,2000,2026-07-15T00:10:24.450Z
sensor.lixee_zlinky_tic_puissance_apparente,1980,2026-07-15T00:10:34.670Z
sensor.lixee_zlinky_tic_puissance_apparente,1960,2026-07-15T00:10:44.693Z
sensor.lixee_zlinky_tic_puissance_apparente,1920,2026-07-15T00:10:53.722Z
sensor.lixee_zlinky_tic_puissance_apparente,1890,2026-07-15T00:11:03.601Z
sensor.lixee_zlinky_tic_puissance_apparente,1860,2026-07-15T00:11:13.787Z
sensor.lixee_zlinky_tic_puissance_apparente,1840,2026-07-15T00:11:23.817Z
sensor.lixee_zlinky_tic_puissance_apparente,1830,2026-07-15T00:11:33.854Z
sensor.lixee_zlinky_tic_puissance_apparente,1840,2026-07-15T00:11:52.917Z
sensor.lixee_zlinky_tic_puissance_apparente,1820,2026-07-15T00:12:02.950Z
sensor.lixee_zlinky_tic_puissance_apparente,1830,2026-07-15T00:12:22.010Z
sensor.lixee_zlinky_tic_puissance_apparente,1820,2026-07-15T00:12:42.080Z
sensor.lixee_zlinky_tic_puissance_apparente,1830,2026-07-15T00:13:11.178Z
sensor.lixee_zlinky_tic_puissance_apparente,1800,2026-07-15T00:13:31.239Z
sensor.lixee_zlinky_tic_puissance_apparente,1790,2026-07-15T00:13:41.269Z
sensor.lixee_zlinky_tic_puissance_apparente,1820,2026-07-15T00:13:50.294Z
sensor.lixee_zlinky_tic_puissance_apparente,1930,2026-07-15T00:14:20.396Z
sensor.lixee_zlinky_tic_puissance_apparente,1910,2026-07-15T00:14:39.447Z
sensor.lixee_zlinky_tic_puissance_apparente,1920,2026-07-15T00:14:59.519Z
sensor.lixee_zlinky_tic_puissance_apparente,1910,2026-07-15T00:15:18.573Z
sensor.lixee_zlinky_tic_puissance_apparente,1920,2026-07-15T00:15:28.610Z
sensor.lixee_zlinky_tic_puissance_apparente,1910,2026-07-15T00:15:58.715Z
sensor.lixee_zlinky_tic_puissance_apparente,2000,2026-07-15T00:16:27.798Z
sensor.lixee_zlinky_tic_puissance_apparente,1990,2026-07-15T00:16:37.840Z
sensor.lixee_zlinky_tic_puissance_apparente,2000,2026-07-15T00:16:56.882Z
sensor.lixee_zlinky_tic_puissance_apparente,1980,2026-07-15T00:17:26.989Z
sensor.lixee_zlinky_tic_puissance_apparente,1990,2026-07-15T00:17:36.009Z
sensor.lixee_zlinky_tic_puissance_apparente,1980,2026-07-15T00:17:46.035Z
sensor.lixee_zlinky_tic_puissance_apparente,1990,2026-07-15T00:17:56.079Z
sensor.lixee_zlinky_tic_puissance_apparente,1960,2026-07-15T00:18:35.186Z
sensor.lixee_zlinky_tic_puissance_apparente,1930,2026-07-15T00:18:45.222Z
sensor.lixee_zlinky_tic_puissance_apparente,1940,2026-07-15T00:18:55.252Z
sensor.lixee_zlinky_tic_puissance_apparente,1930,2026-07-15T00:19:04.280Z
sensor.lixee_zlinky_tic_puissance_apparente,1940,2026-07-15T00:19:14.309Z
sensor.lixee_zlinky_tic_puissance_apparente,1930,2026-07-15T00:19:24.346Z
sensor.lixee_zlinky_tic_puissance_apparente,1920,2026-07-15T00:20:13.506Z
sensor.lixee_zlinky_tic_puissance_apparente,1930,2026-07-15T00:20:23.524Z
sensor.lixee_zlinky_tic_puissance_apparente,1950,2026-07-15T00:20:42.581Z
sensor.lixee_zlinky_tic_puissance_apparente,1940,2026-07-15T00:21:02.655Z
sensor.lixee_zlinky_tic_puissance_apparente,1930,2026-07-15T00:21:12.680Z
sensor.lixee_zlinky_tic_puissance_apparente,1960,2026-07-15T00:21:21.707Z
sensor.lixee_zlinky_tic_puissance_apparente,1930,2026-07-15T00:21:31.736Z
sensor.lixee_zlinky_tic_puissance_apparente,1950,2026-07-15T00:21:41.769Z
sensor.lixee_zlinky_tic_puissance_apparente,1980,2026-07-15T00:21:51.807Z
sensor.lixee_zlinky_tic_puissance_apparente,1970,2026-07-15T00:22:10.865Z
sensor.lixee_zlinky_tic_puissance_apparente,1980,2026-07-15T00:22:20.890Z
sensor.lixee_zlinky_tic_puissance_apparente,1970,2026-07-15T00:22:30.915Z
sensor.lixee_zlinky_tic_puissance_apparente,2020,2026-07-15T00:24:19.241Z
sensor.lixee_zlinky_tic_puissance_apparente,2030,2026-07-15T00:24:38.307Z
sensor.lixee_zlinky_tic_puissance_apparente,2020,2026-07-15T00:24:58.368Z
sensor.lixee_zlinky_tic_puissance_apparente,2000,2026-07-15T00:25:56.564Z
sensor.lixee_zlinky_tic_puissance_apparente,1920,2026-07-15T00:26:06.591Z
sensor.lixee_zlinky_tic_puissance_apparente,1910,2026-07-15T00:26:35.687Z
sensor.lixee_zlinky_tic_puissance_apparente,1920,2026-07-15T00:26:45.726Z
sensor.lixee_zlinky_tic_puissance_apparente,1900,2026-07-15T00:27:15.816Z
sensor.lixee_zlinky_tic_puissance_apparente,1920,2026-07-15T00:27:24.831Z
sensor.lixee_zlinky_tic_puissance_apparente,1900,2026-07-15T00:27:44.903Z
sensor.lixee_zlinky_tic_puissance_apparente,1910,2026-07-15T00:28:13.999Z
sensor.lixee_zlinky_tic_puissance_apparente,1890,2026-07-15T00:28:44.093Z
sensor.lixee_zlinky_tic_puissance_apparente,1900,2026-07-15T00:29:03.148Z
sensor.lixee_zlinky_tic_puissance_apparente,1880,2026-07-15T00:29:13.191Z
sensor.lixee_zlinky_tic_puissance_apparente,1910,2026-07-15T00:29:42.278Z
sensor.lixee_zlinky_tic_puissance_apparente,1920,2026-07-15T00:29:52.298Z
sensor.lixee_zlinky_tic_puissance_apparente,1910,2026-07-15T00:30:12.368Z
sensor.lixee_zlinky_tic_puissance_apparente,1880,2026-07-15T00:30:21.392Z
sensor.lixee_zlinky_tic_puissance_apparente,1870,2026-07-15T00:30:31.431Z
sensor.lixee_zlinky_tic_puissance_apparente,3640,2026-07-15T00:30:41.463Z
sensor.lixee_zlinky_tic_puissance_apparente,3630,2026-07-15T00:30:51.499Z
sensor.lixee_zlinky_tic_puissance_apparente,3650,2026-07-15T00:31:01.539Z
sensor.lixee_zlinky_tic_puissance_apparente,3660,2026-07-15T00:31:10.561Z
sensor.lixee_zlinky_tic_puissance_apparente,3640,2026-07-15T00:31:20.588Z
sensor.lixee_zlinky_tic_puissance_apparente,3650,2026-07-15T00:31:30.629Z
sensor.lixee_zlinky_tic_puissance_apparente,3660,2026-07-15T00:31:40.663Z
sensor.lixee_zlinky_tic_puissance_apparente,3670,2026-07-15T00:31:49.695Z
sensor.lixee_zlinky_tic_puissance_apparente,3620,2026-07-15T00:31:59.712Z
sensor.lixee_zlinky_tic_puissance_apparente,3590,2026-07-15T00:32:09.750Z
sensor.lixee_zlinky_tic_puissance_apparente,3600,2026-07-15T00:32:19.784Z
sensor.lixee_zlinky_tic_puissance_apparente,3610,2026-07-15T00:32:38.841Z
sensor.lixee_zlinky_tic_puissance_apparente,3590,2026-07-15T00:32:58.921Z
sensor.lixee_zlinky_tic_puissance_apparente,3610,2026-07-15T00:33:17.971Z
sensor.lixee_zlinky_tic_puissance_apparente,3600,2026-07-15T00:33:38.032Z
sensor.lixee_zlinky_tic_puissance_apparente,3590,2026-07-15T00:33:48.070Z
sensor.lixee_zlinky_tic_puissance_apparente,3600,2026-07-15T00:33:58.097Z
sensor.lixee_zlinky_tic_puissance_apparente,3610,2026-07-15T00:34:07.114Z
sensor.lixee_zlinky_tic_puissance_apparente,3600,2026-07-15T00:34:17.141Z
sensor.lixee_zlinky_tic_puissance_apparente,3590,2026-07-15T00:34:27.185Z
sensor.lixee_zlinky_tic_puissance_apparente,3580,2026-07-15T00:34:37.217Z
sensor.lixee_zlinky_tic_puissance_apparente,3590,2026-07-15T00:34:47.267Z
sensor.lixee_zlinky_tic_puissance_apparente,3600,2026-07-15T00:35:06.329Z
sensor.lixee_zlinky_tic_puissance_apparente,3590,2026-07-15T00:35:16.363Z
sensor.lixee_zlinky_tic_puissance_apparente,3610,2026-07-15T00:35:45.441Z
sensor.lixee_zlinky_tic_puissance_apparente,3600,2026-07-15T00:36:05.513Z
sensor.lixee_zlinky_tic_puissance_apparente,3580,2026-07-15T00:36:15.539Z
sensor.lixee_zlinky_tic_puissance_apparente,3600,2026-07-15T00:36:24.560Z
sensor.lixee_zlinky_tic_puissance_apparente,3560,2026-07-15T00:36:44.629Z
sensor.lixee_zlinky_tic_puissance_apparente,3540,2026-07-15T00:36:54.663Z
sensor.lixee_zlinky_tic_puissance_apparente,3560,2026-07-15T00:37:03.688Z
sensor.lixee_zlinky_tic_puissance_apparente,3570,2026-07-15T00:37:52.869Z
sensor.lixee_zlinky_tic_puissance_apparente,3550,2026-07-15T00:38:02.888Z
sensor.lixee_zlinky_tic_puissance_apparente,3570,2026-07-15T00:38:12.921Z
sensor.lixee_zlinky_tic_puissance_apparente,3550,2026-07-15T00:38:22.952Z
sensor.lixee_zlinky_tic_puissance_apparente,3560,2026-07-15T00:38:52.049Z
sensor.lixee_zlinky_tic_puissance_apparente,3540,2026-07-15T00:39:12.117Z
sensor.lixee_zlinky_tic_puissance_apparente,3550,2026-07-15T00:39:21.145Z
sensor.lixee_zlinky_tic_puissance_apparente,3450,2026-07-15T00:39:31.180Z
sensor.lixee_zlinky_tic_puissance_apparente,3460,2026-07-15T00:39:41.214Z
sensor.lixee_zlinky_tic_puissance_apparente,3440,2026-07-15T00:39:51.256Z
sensor.lixee_zlinky_tic_puissance_apparente,3460,2026-07-15T00:40:10.324Z
sensor.lixee_zlinky_tic_puissance_apparente,3450,2026-07-15T00:40:20.362Z
sensor.lixee_zlinky_tic_puissance_apparente,3440,2026-07-15T00:40:40.426Z
sensor.lixee_zlinky_tic_puissance_apparente,3460,2026-07-15T00:40:59.469Z
sensor.lixee_zlinky_tic_puissance_apparente,3450,2026-07-15T00:41:09.503Z
sensor.lixee_zlinky_tic_puissance_apparente,3460,2026-07-15T00:41:19.541Z
sensor.lixee_zlinky_tic_puissance_apparente,3440,2026-07-15T00:41:29.570Z
sensor.lixee_zlinky_tic_puissance_apparente,3460,2026-07-15T00:41:38.598Z
sensor.lixee_zlinky_tic_puissance_apparente,3480,2026-07-15T00:41:48.625Z
sensor.lixee_zlinky_tic_puissance_apparente,3470,2026-07-15T00:42:08.701Z
sensor.lixee_zlinky_tic_puissance_apparente,3460,2026-07-15T00:42:17.717Z
sensor.lixee_zlinky_tic_puissance_apparente,3470,2026-07-15T00:42:27.754Z
sensor.lixee_zlinky_tic_puissance_apparente,1700,2026-07-15T00:42:47.827Z
sensor.lixee_zlinky_tic_puissance_apparente,1710,2026-07-15T00:43:16.920Z
sensor.lixee_zlinky_tic_puissance_apparente,1700,2026-07-15T00:43:26.959Z
sensor.lixee_zlinky_tic_puissance_apparente,1660,2026-07-15T00:44:35.182Z
sensor.lixee_zlinky_tic_puissance_apparente,1670,2026-07-15T00:44:55.258Z
sensor.lixee_zlinky_tic_puissance_apparente,1680,2026-07-15T00:45:05.287Z
sensor.lixee_zlinky_tic_puissance_apparente,1670,2026-07-15T00:45:14.309Z
sensor.lixee_zlinky_tic_puissance_apparente,1660,2026-07-15T00:45:24.345Z
sensor.lixee_zlinky_tic_puissance_apparente,1670,2026-07-15T00:45:34.384Z
sensor.lixee_zlinky_tic_puissance_apparente,1740,2026-07-15T00:45:54.435Z
sensor.lixee_zlinky_tic_puissance_apparente,1730,2026-07-15T00:46:03.462Z
sensor.lixee_zlinky_tic_puissance_apparente,1710,2026-07-15T00:46:13.489Z
sensor.lixee_zlinky_tic_puissance_apparente,1720,2026-07-15T00:46:23.527Z
sensor.lixee_zlinky_tic_puissance_apparente,1710,2026-07-15T00:46:52.606Z
sensor.lixee_zlinky_tic_puissance_apparente,1720,2026-07-15T00:47:12.672Z
sensor.lixee_zlinky_tic_puissance_apparente,1710,2026-07-15T00:47:22.706Z
sensor.lixee_zlinky_tic_puissance_apparente,1720,2026-07-15T00:47:31.724Z
sensor.lixee_zlinky_tic_puissance_apparente,1710,2026-07-15T00:47:51.801Z
sensor.lixee_zlinky_tic_puissance_apparente,1750,2026-07-15T00:48:01.849Z
sensor.lixee_zlinky_tic_puissance_apparente,1740,2026-07-15T00:48:30.926Z
sensor.lixee_zlinky_tic_puissance_apparente,1750,2026-07-15T00:48:40.967Z
sensor.lixee_zlinky_tic_puissance_apparente,1760,2026-07-15T00:49:30.131Z
sensor.lixee_zlinky_tic_puissance_apparente,1750,2026-07-15T00:49:49.194Z
sensor.lixee_zlinky_tic_puissance_apparente,1740,2026-07-15T00:49:59.218Z
sensor.lixee_zlinky_tic_puissance_apparente,1750,2026-07-15T00:50:19.284Z
sensor.lixee_zlinky_tic_puissance_apparente,1760,2026-07-15T00:50:28.316Z
sensor.lixee_zlinky_tic_puissance_apparente,1750,2026-07-15T00:50:38.342Z
sensor.lixee_zlinky_tic_puissance_apparente,1760,2026-07-15T00:50:48.382Z
sensor.lixee_zlinky_tic_puissance_apparente,1720,2026-07-15T00:50:58.424Z
sensor.lixee_zlinky_tic_puissance_apparente,1730,2026-07-15T00:51:08.456Z
sensor.lixee_zlinky_tic_puissance_apparente,1740,2026-07-15T00:51:17.478Z
sensor.lixee_zlinky_tic_puissance_apparente,1730,2026-07-15T00:51:27.507Z
sensor.lixee_zlinky_tic_puissance_apparente,1740,2026-07-15T00:52:45.758Z
sensor.lixee_zlinky_tic_puissance_apparente,1730,2026-07-15T00:52:55.790Z
sensor.lixee_zlinky_tic_puissance_apparente,1720,2026-07-15T00:53:05.828Z
sensor.lixee_zlinky_tic_puissance_apparente,1730,2026-07-15T00:53:15.865Z
sensor.lixee_zlinky_tic_puissance_apparente,1720,2026-07-15T00:53:44.969Z
sensor.lixee_zlinky_tic_puissance_apparente,1710,2026-07-15T00:53:54.999Z
sensor.lixee_zlinky_tic_puissance_apparente,1700,2026-07-15T00:54:05.029Z
sensor.lixee_zlinky_tic_puissance_apparente,1710,2026-07-15T00:54:14.050Z
sensor.lixee_zlinky_tic_puissance_apparente,1690,2026-07-15T00:54:34.114Z
sensor.lixee_zlinky_tic_puissance_apparente,1700,2026-07-15T00:54:54.188Z
sensor.lixee_zlinky_tic_puissance_apparente,1690,2026-07-15T00:55:03.210Z
sensor.lixee_zlinky_tic_puissance_apparente,1700,2026-07-15T00:55:13.250Z
sensor.lixee_zlinky_tic_puissance_apparente,1690,2026-07-15T00:55:23.288Z
sensor.lixee_zlinky_tic_puissance_apparente,1700,2026-07-15T00:55:33.311Z
sensor.lixee_zlinky_tic_puissance_apparente,1690,2026-07-15T00:55:42.330Z
sensor.lixee_zlinky_tic_puissance_apparente,1700,2026-07-15T00:55:52.368Z
sensor.lixee_zlinky_tic_puissance_apparente,1690,2026-07-15T00:56:12.432Z
sensor.lixee_zlinky_tic_puissance_apparente,1700,2026-07-15T00:56:31.501Z
sensor.lixee_zlinky_tic_puissance_apparente,1770,2026-07-15T00:56:51.568Z
sensor.lixee_zlinky_tic_puissance_apparente,1760,2026-07-15T00:57:40.717Z
sensor.lixee_zlinky_tic_puissance_apparente,1770,2026-07-15T00:58:09.804Z
sensor.lixee_zlinky_tic_puissance_apparente,1760,2026-07-15T00:58:39.906Z
sensor.lixee_zlinky_tic_puissance_apparente,1770,2026-07-15T00:58:48.926Z
sensor.lixee_zlinky_tic_puissance_apparente,1760,2026-07-15T00:59:19.022Z
sensor.lixee_zlinky_tic_puissance_apparente,1770,2026-07-15T00:59:38.081Z
sensor.lixee_zlinky_tic_puissance_apparente,1760,2026-07-15T00:59:48.122Z
sensor.lixee_zlinky_tic_puissance_apparente,1780,2026-07-15T00:59:58.158Z
sensor.lixee_zlinky_tic_puissance_apparente,1760,2026-07-15T01:00:08.192Z
sensor.lixee_zlinky_tic_puissance_apparente,1770,2026-07-15T01:00:17.211Z
sensor.lixee_zlinky_tic_puissance_apparente,1760,2026-07-15T01:00:27.245Z
sensor.lixee_zlinky_tic_puissance_apparente,1770,2026-07-15T01:00:37.281Z
sensor.lixee_zlinky_tic_puissance_apparente,1760,2026-07-15T01:00:47.322Z
sensor.lixee_zlinky_tic_puissance_apparente,1770,2026-07-15T01:01:55.542Z
sensor.lixee_zlinky_tic_puissance_apparente,1760,2026-07-15T01:02:34.672Z
sensor.lixee_zlinky_tic_puissance_apparente,1770,2026-07-15T01:02:44.711Z
sensor.lixee_zlinky_tic_puissance_apparente,1820,2026-07-15T01:02:54.749Z
sensor.lixee_zlinky_tic_puissance_apparente,1740,2026-07-15T01:03:13.801Z
sensor.lixee_zlinky_tic_puissance_apparente,4620,2026-07-15T01:03:23.817Z
sensor.lixee_zlinky_tic_puissance_apparente,4580,2026-07-15T01:03:33.862Z
sensor.lixee_zlinky_tic_puissance_apparente,4560,2026-07-15T01:03:43.895Z
sensor.lixee_zlinky_tic_puissance_apparente,4540,2026-07-15T01:03:52.919Z
sensor.lixee_zlinky_tic_puissance_apparente,4530,2026-07-15T01:04:02.953Z
sensor.lixee_zlinky_tic_puissance_apparente,4520,2026-07-15T01:04:23.030Z
sensor.lixee_zlinky_tic_puissance_apparente,4540,2026-07-15T01:04:33.065Z
sensor.lixee_zlinky_tic_puissance_apparente,4500,2026-07-15T01:04:42.085Z
sensor.lixee_zlinky_tic_puissance_apparente,4490,2026-07-15T01:04:52.119Z
sensor.lixee_zlinky_tic_puissance_apparente,4520,2026-07-15T01:05:02.159Z
sensor.lixee_zlinky_tic_puissance_apparente,4500,2026-07-15T01:05:12.197Z
sensor.lixee_zlinky_tic_puissance_apparente,4490,2026-07-15T01:05:22.227Z
sensor.lixee_zlinky_tic_puissance_apparente,4500,2026-07-15T01:05:51.325Z
sensor.lixee_zlinky_tic_puissance_apparente,4470,2026-07-15T01:06:10.384Z
sensor.lixee_zlinky_tic_puissance_apparente,4390,2026-07-15T01:06:20.398Z
sensor.lixee_zlinky_tic_puissance_apparente,4410,2026-07-15T01:06:30.438Z
sensor.lixee_zlinky_tic_puissance_apparente,4390,2026-07-15T01:06:59.536Z
sensor.lixee_zlinky_tic_puissance_apparente,4420,2026-07-15T01:07:09.561Z
sensor.lixee_zlinky_tic_puissance_apparente,4440,2026-07-15T01:07:19.608Z
sensor.lixee_zlinky_tic_puissance_apparente,4430,2026-07-15T01:07:38.661Z
sensor.lixee_zlinky_tic_puissance_apparente,4420,2026-07-15T01:07:48.690Z
sensor.lixee_zlinky_tic_puissance_apparente,4440,2026-07-15T01:08:08.764Z
sensor.lixee_zlinky_tic_puissance_apparente,4430,2026-07-15T01:08:18.798Z
sensor.lixee_zlinky_tic_puissance_apparente,4410,2026-07-15T01:08:27.825Z
sensor.lixee_zlinky_tic_puissance_apparente,4420,2026-07-15T01:08:37.860Z
sensor.lixee_zlinky_tic_puissance_apparente,4430,2026-07-15T01:08:47.897Z
sensor.lixee_zlinky_tic_puissance_apparente,4440,2026-07-15T01:08:57.930Z
sensor.lixee_zlinky_tic_puissance_apparente,4430,2026-07-15T01:09:06.957Z
sensor.lixee_zlinky_tic_puissance_apparente,4410,2026-07-15T01:09:16.985Z
sensor.lixee_zlinky_tic_puissance_apparente,4400,2026-07-15T01:09:27.017Z
sensor.lixee_zlinky_tic_puissance_apparente,4430,2026-07-15T01:09:37.049Z
sensor.lixee_zlinky_tic_puissance_apparente,4440,2026-07-15T01:09:56.112Z
sensor.lixee_zlinky_tic_puissance_apparente,4420,2026-07-15T01:10:06.137Z
sensor.lixee_zlinky_tic_puissance_apparente,4410,2026-07-15T01:10:16.170Z
sensor.lixee_zlinky_tic_puissance_apparente,4430,2026-07-15T01:10:26.198Z
sensor.lixee_zlinky_tic_puissance_apparente,4360,2026-07-15T01:10:36.233Z
sensor.lixee_zlinky_tic_puissance_apparente,4370,2026-07-15T01:10:45.249Z
sensor.lixee_zlinky_tic_puissance_apparente,4360,2026-07-15T01:10:55.284Z
sensor.lixee_zlinky_tic_puissance_apparente,4380,2026-07-15T01:11:05.321Z
sensor.lixee_zlinky_tic_puissance_apparente,4370,2026-07-15T01:11:15.348Z
sensor.lixee_zlinky_tic_puissance_apparente,4350,2026-07-15T01:11:34.390Z
sensor.lixee_zlinky_tic_puissance_apparente,4370,2026-07-15T01:11:54.450Z
sensor.lixee_zlinky_tic_puissance_apparente,4390,2026-07-15T01:12:04.476Z
sensor.lixee_zlinky_tic_puissance_apparente,4370,2026-07-15T01:12:23.536Z
sensor.lixee_zlinky_tic_puissance_apparente,4380,2026-07-15T01:12:43.608Z
sensor.lixee_zlinky_tic_puissance_apparente,4360,2026-07-15T01:13:12.702Z
sensor.lixee_zlinky_tic_puissance_apparente,4390,2026-07-15T01:13:32.758Z
sensor.lixee_zlinky_tic_puissance_apparente,4370,2026-07-15T01:13:51.817Z
sensor.lixee_zlinky_tic_puissance_apparente,4360,2026-07-15T01:14:01.849Z
sensor.lixee_zlinky_tic_puissance_apparente,4370,2026-07-15T01:14:11.882Z
sensor.lixee_zlinky_tic_puissance_apparente,4380,2026-07-15T01:14:21.349Z
sensor.lixee_zlinky_tic_puissance_apparente,4370,2026-07-15T01:14:30.935Z
sensor.lixee_zlinky_tic_puissance_apparente,4350,2026-07-15T01:14:40.974Z
sensor.lixee_zlinky_tic_puissance_apparente,4390,2026-07-15T01:15:10.088Z
sensor.lixee_zlinky_tic_puissance_apparente,4380,2026-07-15T01:15:20.131Z
sensor.lixee_zlinky_tic_puissance_apparente,4360,2026-07-15T01:15:30.162Z
sensor.lixee_zlinky_tic_puissance_apparente,4380,2026-07-15T01:15:50.229Z
sensor.lixee_zlinky_tic_puissance_apparente,4390,2026-07-15T01:15:59.255Z
sensor.lixee_zlinky_tic_puissance_apparente,4370,2026-07-15T01:16:18.801Z
sensor.lixee_zlinky_tic_puissance_apparente,4350,2026-07-15T01:17:08.472Z
sensor.lixee_zlinky_tic_puissance_apparente,4360,2026-07-15T01:17:18.514Z
sensor.lixee_zlinky_tic_puissance_apparente,4370,2026-07-15T01:17:27.526Z
sensor.lixee_zlinky_tic_puissance_apparente,4360,2026-07-15T01:17:47.596Z
sensor.lixee_zlinky_tic_puissance_apparente,4350,2026-07-15T01:17:57.639Z
sensor.lixee_zlinky_tic_puissance_apparente,4360,2026-07-15T01:18:06.658Z
sensor.lixee_zlinky_tic_puissance_apparente,4330,2026-07-15T01:18:36.757Z
sensor.lixee_zlinky_tic_puissance_apparente,4360,2026-07-15T01:18:55.810Z
sensor.lixee_zlinky_tic_puissance_apparente,4350,2026-07-15T01:19:15.885Z
sensor.lixee_zlinky_tic_puissance_apparente,4330,2026-07-15T01:19:25.920Z
sensor.lixee_zlinky_tic_puissance_apparente,4360,2026-07-15T01:19:35.959Z
sensor.lixee_zlinky_tic_puissance_apparente,4380,2026-07-15T01:19:44.980Z
sensor.lixee_zlinky_tic_puissance_apparente,4370,2026-07-15T01:19:55.020Z
sensor.lixee_zlinky_tic_puissance_apparente,4340,2026-07-15T01:20:05.046Z
sensor.lixee_zlinky_tic_puissance_apparente,4350,2026-07-15T01:20:15.076Z
sensor.lixee_zlinky_tic_puissance_apparente,1660,2026-07-15T01:20:24.105Z
sensor.lixee_zlinky_tic_puissance_apparente,1670,2026-07-15T01:20:34.125Z
sensor.lixee_zlinky_tic_puissance_apparente,1660,2026-07-15T01:20:44.165Z
sensor.lixee_zlinky_tic_puissance_apparente,1670,2026-07-15T01:21:23.292Z
sensor.lixee_zlinky_tic_puissance_apparente,1660,2026-07-15T01:21:33.328Z
sensor.lixee_zlinky_tic_puissance_apparente,1670,2026-07-15T01:22:12.460Z
sensor.lixee_zlinky_tic_puissance_apparente,1660,2026-07-15T01:22:41.546Z
sensor.lixee_zlinky_tic_puissance_apparente,1650,2026-07-15T01:22:51.589Z
sensor.lixee_zlinky_tic_puissance_apparente,1640,2026-07-15T01:23:30.717Z
sensor.lixee_zlinky_tic_puissance_apparente,1650,2026-07-15T01:23:50.791Z
sensor.lixee_zlinky_tic_puissance_apparente,1640,2026-07-15T01:24:00.823Z
sensor.lixee_zlinky_tic_puissance_apparente,1650,2026-07-15T01:24:09.852Z
sensor.lixee_zlinky_tic_puissance_apparente,1660,2026-07-15T01:24:19.883Z
sensor.lixee_zlinky_tic_puissance_apparente,1650,2026-07-15T01:24:29.916Z
sensor.lixee_zlinky_tic_puissance_apparente,1640,2026-07-15T01:24:48.973Z
sensor.lixee_zlinky_tic_puissance_apparente,1650,2026-07-15T01:30:02.973Z
sensor.lixee_zlinky_tic_puissance_apparente,1640,2026-07-15T01:30:13.012Z
sensor.lixee_zlinky_tic_puissance_apparente,1630,2026-07-15T01:31:22.251Z
sensor.lixee_zlinky_tic_puissance_apparente,1640,2026-07-15T01:31:41.306Z
sensor.lixee_zlinky_tic_puissance_apparente,1630,2026-07-15T01:32:01.378Z
sensor.lixee_zlinky_tic_puissance_apparente,1640,2026-07-15T01:33:09.582Z
sensor.lixee_zlinky_tic_puissance_apparente,1650,2026-07-15T01:33:29.646Z
sensor.lixee_zlinky_tic_puissance_apparente,1640,2026-07-15T01:33:39.664Z
sensor.lixee_zlinky_tic_puissance_apparente,1650,2026-07-15T01:34:08.762Z
sensor.lixee_zlinky_tic_puissance_apparente,1640,2026-07-15T01:34:18.812Z
sensor.lixee_zlinky_tic_puissance_apparente,1650,2026-07-15T01:35:16.975Z
sensor.lixee_zlinky_tic_puissance_apparente,1640,2026-07-15T01:35:27.013Z
sensor.lixee_zlinky_tic_puissance_apparente,1650,2026-07-15T01:35:37.043Z
sensor.lixee_zlinky_tic_puissance_apparente,1640,2026-07-15T01:35:47.061Z
sensor.lixee_zlinky_tic_puissance_apparente,1650,2026-07-15T01:35:57.100Z
sensor.lixee_zlinky_tic_puissance_apparente,1640,2026-07-15T01:36:06.125Z
sensor.lixee_zlinky_tic_puissance_apparente,1630,2026-07-15T01:36:36.227Z
sensor.lixee_zlinky_tic_puissance_apparente,1610,2026-07-15T01:36:46.259Z
sensor.lixee_zlinky_tic_puissance_apparente,1690,2026-07-15T01:36:55.283Z
sensor.lixee_zlinky_tic_puissance_apparente,1700,2026-07-15T01:37:05.316Z
sensor.lixee_zlinky_tic_puissance_apparente,1690,2026-07-15T01:37:15.335Z
sensor.lixee_zlinky_tic_puissance_apparente,1700,2026-07-15T01:37:44.431Z
sensor.lixee_zlinky_tic_puissance_apparente,1690,2026-07-15T01:37:54.465Z
sensor.lixee_zlinky_tic_puissance_apparente,1680,2026-07-15T01:38:04.499Z
sensor.lixee_zlinky_tic_puissance_apparente,1690,2026-07-15T01:38:23.568Z
sensor.lixee_zlinky_tic_puissance_apparente,1680,2026-07-15T01:38:33.590Z
sensor.lixee_zlinky_tic_puissance_apparente,1690,2026-07-15T01:38:43.619Z
sensor.lixee_zlinky_tic_puissance_apparente,1700,2026-07-15T01:40:21.953Z
sensor.lixee_zlinky_tic_puissance_apparente,1680,2026-07-15T01:40:40.997Z
sensor.lixee_zlinky_tic_puissance_apparente,1690,2026-07-15T01:41:01.059Z
sensor.lixee_zlinky_tic_puissance_apparente,1680,2026-07-15T01:41:11.097Z
sensor.lixee_zlinky_tic_puissance_apparente,1690,2026-07-15T01:41:20.124Z
sensor.lixee_zlinky_tic_puissance_apparente,2020,2026-07-15T01:41:30.162Z
sensor.lixee_zlinky_tic_puissance_apparente,1730,2026-07-15T01:41:40.181Z
sensor.lixee_zlinky_tic_puissance_apparente,1740,2026-07-15T01:42:09.270Z
sensor.lixee_zlinky_tic_puissance_apparente,1730,2026-07-15T01:42:48.385Z
sensor.lixee_zlinky_tic_puissance_apparente,1740,2026-07-15T01:43:28.521Z
sensor.lixee_zlinky_tic_puissance_apparente,1730,2026-07-15T01:43:37.551Z
sensor.lixee_zlinky_tic_puissance_apparente,1740,2026-07-15T01:43:47.579Z
sensor.lixee_zlinky_tic_puissance_apparente,1730,2026-07-15T01:43:57.626Z
sensor.lixee_zlinky_tic_puissance_apparente,1740,2026-07-15T01:44:16.681Z
sensor.lixee_zlinky_tic_puissance_apparente,1730,2026-07-15T01:44:26.710Z
sensor.lixee_zlinky_tic_puissance_apparente,1740,2026-07-15T01:44:36.747Z
sensor.lixee_zlinky_tic_puissance_apparente,1730,2026-07-15T01:44:46.782Z
sensor.lixee_zlinky_tic_puissance_apparente,1740,2026-07-15T01:44:56.817Z
sensor.lixee_zlinky_tic_puissance_apparente,1730,2026-07-15T01:45:05.830Z
sensor.lixee_zlinky_tic_puissance_apparente,1740,2026-07-15T01:45:15.865Z
sensor.lixee_zlinky_tic_puissance_apparente,1730,2026-07-15T01:45:25.903Z
sensor.lixee_zlinky_tic_puissance_apparente,1660,2026-07-15T01:46:25.105Z
sensor.lixee_zlinky_tic_puissance_apparente,1650,2026-07-15T01:46:54.189Z
sensor.lixee_zlinky_tic_puissance_apparente,1660,2026-07-15T01:47:04.225Z
sensor.lixee_zlinky_tic_puissance_apparente,1650,2026-07-15T01:47:43.353Z
sensor.lixee_zlinky_tic_puissance_apparente,1660,2026-07-15T01:47:53.383Z
sensor.lixee_zlinky_tic_puissance_apparente,1670,2026-07-15T01:48:12.441Z
sensor.lixee_zlinky_tic_puissance_apparente,1660,2026-07-15T01:48:32.514Z
sensor.lixee_zlinky_tic_puissance_apparente,1670,2026-07-15T01:48:42.550Z
sensor.lixee_zlinky_tic_puissance_apparente,1660,2026-07-15T01:49:01.599Z
sensor.lixee_zlinky_tic_puissance_apparente,1610,2026-07-15T01:49:21.679Z
sensor.lixee_zlinky_tic_puissance_apparente,1620,2026-07-15T01:50:39.932Z
sensor.lixee_zlinky_tic_puissance_apparente,1600,2026-07-15T01:50:49.963Z
sensor.lixee_zlinky_tic_puissance_apparente,1610,2026-07-15T01:50:58.992Z
sensor.lixee_zlinky_tic_puissance_apparente,1600,2026-07-15T01:51:48.152Z
sensor.lixee_zlinky_tic_puissance_apparente,1610,2026-07-15T01:51:58.187Z
sensor.lixee_zlinky_tic_puissance_apparente,1600,2026-07-15T01:52:08.228Z
sensor.lixee_zlinky_tic_puissance_apparente,1610,2026-07-15T01:52:18.265Z
sensor.lixee_zlinky_tic_puissance_apparente,1600,2026-07-15T01:52:37.327Z
sensor.lixee_zlinky_tic_puissance_apparente,1610,2026-07-15T01:52:47.364Z
sensor.lixee_zlinky_tic_puissance_apparente,1600,2026-07-15T01:52:57.388Z
sensor.lixee_zlinky_tic_puissance_apparente,1610,2026-07-15T01:53:56.579Z
sensor.lixee_zlinky_tic_puissance_apparente,1600,2026-07-15T01:54:05.608Z
sensor.lixee_zlinky_tic_puissance_apparente,1610,2026-07-15T01:54:25.685Z
sensor.lixee_zlinky_tic_puissance_apparente,1600,2026-07-15T01:54:44.735Z
sensor.lixee_zlinky_tic_puissance_apparente,1610,2026-07-15T01:54:54.781Z
sensor.lixee_zlinky_tic_puissance_apparente,1600,2026-07-15T01:55:04.825Z
sensor.lixee_zlinky_tic_puissance_apparente,1610,2026-07-15T01:55:33.914Z
sensor.lixee_zlinky_tic_puissance_apparente,1600,2026-07-15T01:55:43.943Z
sensor.lixee_zlinky_tic_puissance_apparente,1610,2026-07-15T01:57:51.365Z
sensor.lixee_zlinky_tic_puissance_apparente,1600,2026-07-15T01:58:01.405Z
sensor.lixee_zlinky_tic_puissance_apparente,1610,2026-07-15T01:58:50.554Z
sensor.lixee_zlinky_tic_puissance_apparente,1600,2026-07-15T01:59:00.589Z
sensor.lixee_zlinky_tic_puissance_apparente,1610,2026-07-15T01:59:29.682Z
sensor.lixee_zlinky_tic_puissance_apparente,1600,2026-07-15T01:59:39.715Z
sensor.lixee_zlinky_tic_puissance_apparente,1610,2026-07-15T01:59:49.750Z
sensor.lixee_zlinky_tic_puissance_apparente,1600,2026-07-15T02:00:37.913Z
sensor.lixee_zlinky_tic_puissance_apparente,1610,2026-07-15T02:00:47.929Z
sensor.lixee_zlinky_tic_puissance_apparente,1600,2026-07-15T02:02:16.218Z
sensor.lixee_zlinky_tic_puissance_apparente,1610,2026-07-15T02:02:26.255Z
sensor.lixee_zlinky_tic_puissance_apparente,1600,2026-07-15T02:03:05.380Z
sensor.lixee_zlinky_tic_puissance_apparente,1610,2026-07-15T02:03:15.411Z
sensor.lixee_zlinky_tic_puissance_apparente,1600,2026-07-15T02:03:25.453Z
sensor.lixee_zlinky_tic_puissance_apparente,1610,2026-07-15T02:03:35.480Z
sensor.lixee_zlinky_tic_puissance_apparente,1600,2026-07-15T02:03:44.503Z
sensor.lixee_zlinky_tic_puissance_apparente,1610,2026-07-15T02:04:04.575Z
sensor.lixee_zlinky_tic_puissance_apparente,1600,2026-07-15T02:04:14.602Z
sensor.lixee_zlinky_tic_puissance_apparente,1610,2026-07-15T02:04:23.636Z
sensor.lixee_zlinky_tic_puissance_apparente,1600,2026-07-15T02:04:33.665Z
sensor.lixee_zlinky_tic_puissance_apparente,1610,2026-07-15T02:04:43.695Z
sensor.lixee_zlinky_tic_puissance_apparente,1600,2026-07-15T02:05:03.767Z
sensor.lixee_zlinky_tic_puissance_apparente,1610,2026-07-15T02:05:12.796Z
sensor.lixee_zlinky_tic_puissance_apparente,1650,2026-07-15T02:07:11.152Z
sensor.lixee_zlinky_tic_puissance_apparente,1640,2026-07-15T02:07:21.184Z
sensor.lixee_zlinky_tic_puissance_apparente,1630,2026-07-15T02:08:09.342Z
sensor.lixee_zlinky_tic_puissance_apparente,1750,2026-07-15T02:08:19.390Z
sensor.lixee_zlinky_tic_puissance_apparente,1740,2026-07-15T02:08:29.409Z
sensor.lixee_zlinky_tic_puissance_apparente,1730,2026-07-15T02:08:39.449Z
sensor.lixee_zlinky_tic_puissance_apparente,1740,2026-07-15T02:09:08.532Z
sensor.lixee_zlinky_tic_puissance_apparente,1730,2026-07-15T02:09:18.573Z
sensor.lixee_zlinky_tic_puissance_apparente,1720,2026-07-15T02:09:28.610Z
sensor.lixee_zlinky_tic_puissance_apparente,1730,2026-07-15T02:09:37.635Z
sensor.lixee_zlinky_tic_puissance_apparente,1720,2026-07-15T02:09:47.668Z
sensor.lixee_zlinky_tic_puissance_apparente,1730,2026-07-15T02:09:57.696Z
sensor.lixee_zlinky_tic_puissance_apparente,1720,2026-07-15T02:10:07.724Z
sensor.lixee_zlinky_tic_puissance_apparente,1730,2026-07-15T02:12:15.112Z
sensor.lixee_zlinky_tic_puissance_apparente,1720,2026-07-15T02:12:25.147Z
sensor.lixee_zlinky_tic_puissance_apparente,1710,2026-07-15T02:12:54.245Z
sensor.lixee_zlinky_tic_puissance_apparente,1720,2026-07-15T02:13:04.279Z
sensor.lixee_zlinky_tic_puissance_apparente,1710,2026-07-15T02:13:43.399Z
sensor.lixee_zlinky_tic_puissance_apparente,1720,2026-07-15T02:13:53.425Z
sensor.lixee_zlinky_tic_puissance_apparente,1710,2026-07-15T02:15:31.745Z
sensor.lixee_zlinky_tic_puissance_apparente,1720,2026-07-15T02:16:00.846Z
sensor.lixee_zlinky_tic_puissance_apparente,1710,2026-07-15T02:16:19.903Z
sensor.lixee_zlinky_tic_puissance_apparente,1720,2026-07-15T02:16:29.938Z
sensor.lixee_zlinky_tic_puissance_apparente,1760,2026-07-15T02:17:39.170Z
sensor.lixee_zlinky_tic_puissance_apparente,1750,2026-07-15T02:17:58.218Z
sensor.lixee_zlinky_tic_puissance_apparente,1760,2026-07-15T02:18:08.256Z
sensor.lixee_zlinky_tic_puissance_apparente,1750,2026-07-15T02:18:37.353Z
sensor.lixee_zlinky_tic_puissance_apparente,1760,2026-07-15T02:19:07.448Z
sensor.lixee_zlinky_tic_puissance_apparente,1740,2026-07-15T02:19:17.480Z
sensor.lixee_zlinky_tic_puissance_apparente,1750,2026-07-15T02:19:26.510Z
sensor.lixee_zlinky_tic_puissance_apparente,1740,2026-07-15T02:19:36.542Z
sensor.lixee_zlinky_tic_puissance_apparente,1750,2026-07-15T02:19:46.587Z
sensor.lixee_zlinky_tic_puissance_apparente,1740,2026-07-15T02:20:05.635Z
sensor.lixee_zlinky_tic_puissance_apparente,1800,2026-07-15T02:20:25.687Z
sensor.lixee_zlinky_tic_puissance_apparente,1790,2026-07-15T02:20:35.724Z
sensor.lixee_zlinky_tic_puissance_apparente,1800,2026-07-15T02:21:14.852Z
sensor.lixee_zlinky_tic_puissance_apparente,1810,2026-07-15T02:22:04.016Z
sensor.lixee_zlinky_tic_puissance_apparente,1800,2026-07-15T02:22:33.102Z
sensor.lixee_zlinky_tic_puissance_apparente,1810,2026-07-15T02:22:43.143Z
sensor.lixee_zlinky_tic_puissance_apparente,1800,2026-07-15T02:22:52.510Z
sensor.lixee_zlinky_tic_puissance_apparente,1810,2026-07-15T02:23:03.204Z
sensor.lixee_zlinky_tic_puissance_apparente,1800,2026-07-15T02:23:12.234Z
sensor.lixee_zlinky_tic_puissance_apparente,1810,2026-07-15T02:23:22.271Z
sensor.lixee_zlinky_tic_puissance_apparente,1800,2026-07-15T02:23:51.352Z
sensor.lixee_zlinky_tic_puissance_apparente,1810,2026-07-15T02:24:01.390Z
sensor.lixee_zlinky_tic_puissance_apparente,1800,2026-07-15T02:24:11.431Z
sensor.lixee_zlinky_tic_puissance_apparente,1810,2026-07-15T02:24:21.468Z
sensor.lixee_zlinky_tic_puissance_apparente,1800,2026-07-15T02:25:00.597Z
sensor.lixee_zlinky_tic_puissance_apparente,1810,2026-07-15T02:25:10.632Z
sensor.lixee_zlinky_tic_puissance_apparente,1800,2026-07-15T02:25:19.652Z
sensor.lixee_zlinky_tic_puissance_apparente,1810,2026-07-15T02:25:29.684Z
sensor.lixee_zlinky_tic_puissance_apparente,1800,2026-07-15T02:25:39.716Z
sensor.lixee_zlinky_tic_puissance_apparente,1810,2026-07-15T02:25:59.766Z
sensor.lixee_zlinky_tic_puissance_apparente,1800,2026-07-15T02:26:08.797Z
sensor.lixee_zlinky_tic_puissance_apparente,1720,2026-07-15T02:26:28.864Z
sensor.lixee_zlinky_tic_puissance_apparente,1650,2026-07-15T02:27:07.992Z
sensor.lixee_zlinky_tic_puissance_apparente,1640,2026-07-15T02:27:18.029Z
sensor.lixee_zlinky_tic_puissance_apparente,1630,2026-07-15T02:27:28.049Z
sensor.lixee_zlinky_tic_puissance_apparente,1640,2026-07-15T02:27:37.076Z
sensor.lixee_zlinky_tic_puissance_apparente,1630,2026-07-15T02:27:57.149Z
sensor.lixee_zlinky_tic_puissance_apparente,1580,2026-07-15T02:28:07.181Z
sensor.lixee_zlinky_tic_puissance_apparente,1590,2026-07-15T02:28:16.209Z
sensor.lixee_zlinky_tic_puissance_apparente,1640,2026-07-15T02:29:05.367Z
sensor.lixee_zlinky_tic_puissance_apparente,1710,2026-07-15T02:29:15.404Z
sensor.lixee_zlinky_tic_puissance_apparente,1820,2026-07-15T02:29:25.437Z
sensor.lixee_zlinky_tic_puissance_apparente,1900,2026-07-15T02:29:35.474Z
sensor.lixee_zlinky_tic_puissance_apparente,1910,2026-07-15T02:29:45.513Z
sensor.lixee_zlinky_tic_puissance_apparente,1920,2026-07-15T02:29:54.530Z
sensor.lixee_zlinky_tic_puissance_apparente,1900,2026-07-15T02:30:04.575Z
sensor.lixee_zlinky_tic_puissance_apparente,1840,2026-07-15T02:30:14.604Z
sensor.lixee_zlinky_tic_puissance_apparente,1760,2026-07-15T02:30:24.635Z
sensor.lixee_zlinky_tic_puissance_apparente,1700,2026-07-15T02:30:33.666Z
sensor.lixee_zlinky_tic_puissance_apparente,1690,2026-07-15T02:30:53.740Z
sensor.lixee_zlinky_tic_puissance_apparente,1680,2026-07-15T02:31:22.827Z
sensor.lixee_zlinky_tic_puissance_apparente,1670,2026-07-15T02:31:52.926Z
sensor.lixee_zlinky_tic_puissance_apparente,1590,2026-07-15T02:32:51.116Z
sensor.lixee_zlinky_tic_puissance_apparente,1640,2026-07-15T02:33:01.157Z
sensor.lixee_zlinky_tic_puissance_apparente,1630,2026-07-15T02:33:21.219Z
sensor.lixee_zlinky_tic_puissance_apparente,1620,2026-07-15T02:33:40.266Z
sensor.lixee_zlinky_tic_puissance_apparente,1630,2026-07-15T02:33:50.295Z
sensor.lixee_zlinky_tic_puissance_apparente,1620,2026-07-15T02:34:19.393Z
sensor.lixee_zlinky_tic_puissance_apparente,1630,2026-07-15T02:34:39.464Z
sensor.lixee_zlinky_tic_puissance_apparente,1620,2026-07-15T02:34:49.499Z
sensor.lixee_zlinky_tic_puissance_apparente,1650,2026-07-15T02:35:08.563Z
sensor.lixee_zlinky_tic_puissance_apparente,1680,2026-07-15T02:35:18.602Z
sensor.lixee_zlinky_tic_puissance_apparente,1730,2026-07-15T02:35:28.637Z
sensor.lixee_zlinky_tic_puissance_apparente,1830,2026-07-15T02:35:38.672Z
sensor.lixee_zlinky_tic_puissance_apparente,1940,2026-07-15T02:35:47.683Z
sensor.lixee_zlinky_tic_puissance_apparente,1960,2026-07-15T02:35:57.714Z
sensor.lixee_zlinky_tic_puissance_apparente,1970,2026-07-15T02:36:07.752Z
sensor.lixee_zlinky_tic_puissance_apparente,1920,2026-07-15T02:36:17.786Z
sensor.lixee_zlinky_tic_puissance_apparente,1890,2026-07-15T02:36:27.810Z
sensor.lixee_zlinky_tic_puissance_apparente,1810,2026-07-15T02:36:36.829Z
sensor.lixee_zlinky_tic_puissance_apparente,1730,2026-07-15T02:36:46.861Z
sensor.lixee_zlinky_tic_puissance_apparente,1710,2026-07-15T02:36:56.906Z
sensor.lixee_zlinky_tic_puissance_apparente,1700,2026-07-15T02:37:06.942Z
sensor.lixee_zlinky_tic_puissance_apparente,1690,2026-07-15T02:37:25.997Z
sensor.lixee_zlinky_tic_puissance_apparente,1680,2026-07-15T02:37:46.108Z
sensor.lixee_zlinky_tic_puissance_apparente,1690,2026-07-15T02:37:56.097Z
sensor.lixee_zlinky_tic_puissance_apparente,1680,2026-07-15T02:38:05.131Z
sensor.lixee_zlinky_tic_puissance_apparente,1500,2026-07-15T02:38:15.174Z
sensor.lixee_zlinky_tic_puissance_apparente,1510,2026-07-15T02:38:54.291Z
sensor.lixee_zlinky_tic_puissance_apparente,1490,2026-07-15T02:39:04.327Z
sensor.lixee_zlinky_tic_puissance_apparente,1410,2026-07-15T02:39:14.348Z
sensor.lixee_zlinky_tic_puissance_apparente,1420,2026-07-15T02:39:43.432Z
sensor.lixee_zlinky_tic_puissance_apparente,1410,2026-07-15T02:39:53.470Z
sensor.lixee_zlinky_tic_puissance_apparente,1450,2026-07-15T02:40:32.580Z
sensor.lixee_zlinky_tic_puissance_apparente,1440,2026-07-15T02:40:42.604Z
sensor.lixee_zlinky_tic_puissance_apparente,1480,2026-07-15T02:41:11.692Z
sensor.lixee_zlinky_tic_puissance_apparente,1540,2026-07-15T02:41:21.735Z
sensor.lixee_zlinky_tic_puissance_apparente,1690,2026-07-15T02:41:31.761Z
sensor.lixee_zlinky_tic_puissance_apparente,1870,2026-07-15T02:41:41.789Z
sensor.lixee_zlinky_tic_puissance_apparente,2070,2026-07-15T02:41:50.820Z
sensor.lixee_zlinky_tic_puissance_apparente,2180,2026-07-15T02:42:00.848Z
sensor.lixee_zlinky_tic_puissance_apparente,2280,2026-07-15T02:42:10.884Z
sensor.lixee_zlinky_tic_puissance_apparente,2310,2026-07-15T02:42:20.922Z
sensor.lixee_zlinky_tic_puissance_apparente,2320,2026-07-15T02:42:29.929Z
sensor.lixee_zlinky_tic_puissance_apparente,2310,2026-07-15T02:42:39.967Z
sensor.lixee_zlinky_tic_puissance_apparente,2270,2026-07-15T02:42:50.012Z
sensor.lixee_zlinky_tic_puissance_apparente,2200,2026-07-15T02:43:00.042Z
sensor.lixee_zlinky_tic_puissance_apparente,2140,2026-07-15T02:43:10.073Z
sensor.lixee_zlinky_tic_puissance_apparente,2130,2026-07-15T02:43:19.093Z
sensor.lixee_zlinky_tic_puissance_apparente,2120,2026-07-15T02:43:29.129Z
sensor.lixee_zlinky_tic_puissance_apparente,2080,2026-07-15T02:43:39.170Z
sensor.lixee_zlinky_tic_puissance_apparente,2050,2026-07-15T02:43:49.198Z
sensor.lixee_zlinky_tic_puissance_apparente,2010,2026-07-15T02:43:58.232Z
sensor.lixee_zlinky_tic_puissance_apparente,1970,2026-07-15T02:44:08.263Z
sensor.lixee_zlinky_tic_puissance_apparente,1510,2026-07-15T02:44:18.317Z
sensor.lixee_zlinky_tic_puissance_apparente,1530,2026-07-15T02:44:38.360Z
sensor.lixee_zlinky_tic_puissance_apparente,1510,2026-07-15T02:44:47.390Z
sensor.lixee_zlinky_tic_puissance_apparente,1520,2026-07-15T02:45:07.472Z
sensor.lixee_zlinky_tic_puissance_apparente,1500,2026-07-15T02:45:17.511Z
sensor.lixee_zlinky_tic_puissance_apparente,1510,2026-07-15T02:45:56.620Z
sensor.lixee_zlinky_tic_puissance_apparente,1500,2026-07-15T02:46:15.667Z
sensor.lixee_zlinky_tic_puissance_apparente,1530,2026-07-15T02:46:35.733Z
sensor.lixee_zlinky_tic_puissance_apparente,1510,2026-07-15T02:46:45.760Z
sensor.lixee_zlinky_tic_puissance_apparente,1530,2026-07-15T02:46:55.778Z
sensor.lixee_zlinky_tic_puissance_apparente,1570,2026-07-15T02:47:14.835Z
sensor.lixee_zlinky_tic_puissance_apparente,1670,2026-07-15T02:47:24.872Z
sensor.lixee_zlinky_tic_puissance_apparente,1850,2026-07-15T02:47:34.911Z
sensor.lixee_zlinky_tic_puissance_apparente,1980,2026-07-15T02:47:43.935Z
sensor.lixee_zlinky_tic_puissance_apparente,2070,2026-07-15T02:47:53.968Z
sensor.lixee_zlinky_tic_puissance_apparente,2090,2026-07-15T02:48:04.004Z
sensor.lixee_zlinky_tic_puissance_apparente,2100,2026-07-15T02:48:14.035Z
sensor.lixee_zlinky_tic_puissance_apparente,2090,2026-07-15T02:48:24.071Z
sensor.lixee_zlinky_tic_puissance_apparente,2100,2026-07-15T02:48:33.092Z
sensor.lixee_zlinky_tic_puissance_apparente,2090,2026-07-15T02:48:53.156Z
sensor.lixee_zlinky_tic_puissance_apparente,2050,2026-07-15T02:49:42.319Z
sensor.lixee_zlinky_tic_puissance_apparente,2010,2026-07-15T02:49:52.357Z
sensor.lixee_zlinky_tic_puissance_apparente,1970,2026-07-15T02:50:01.373Z
sensor.lixee_zlinky_tic_puissance_apparente,1940,2026-07-15T02:50:11.405Z
sensor.lixee_zlinky_tic_puissance_apparente,1900,2026-07-15T02:50:21.449Z
sensor.lixee_zlinky_tic_puissance_apparente,1860,2026-07-15T02:50:31.481Z
sensor.lixee_zlinky_tic_puissance_apparente,1500,2026-07-15T02:50:41.513Z
sensor.lixee_zlinky_tic_puissance_apparente,1510,2026-07-15T02:50:50.536Z
sensor.lixee_zlinky_tic_puissance_apparente,1500,2026-07-15T02:51:00.553Z
sensor.lixee_zlinky_tic_puissance_apparente,1490,2026-07-15T02:51:49.706Z
sensor.lixee_zlinky_tic_puissance_apparente,1500,2026-07-15T02:52:09.772Z
sensor.lixee_zlinky_tic_puissance_apparente,1490,2026-07-15T02:52:18.792Z
sensor.lixee_zlinky_tic_puissance_apparente,1500,2026-07-15T02:52:38.854Z
sensor.lixee_zlinky_tic_puissance_apparente,1490,2026-07-15T02:52:48.881Z
sensor.lixee_zlinky_tic_puissance_apparente,1530,2026-07-15T02:52:58.914Z
sensor.lixee_zlinky_tic_puissance_apparente,1500,2026-07-15T02:53:07.930Z
sensor.lixee_zlinky_tic_puissance_apparente,1520,2026-07-15T02:53:17.970Z
sensor.lixee_zlinky_tic_puissance_apparente,1590,2026-07-15T02:53:38.033Z
sensor.lixee_zlinky_tic_puissance_apparente,1720,2026-07-15T02:53:47.061Z
sensor.lixee_zlinky_tic_puissance_apparente,1880,2026-07-15T02:53:57.107Z
sensor.lixee_zlinky_tic_puissance_apparente,2020,2026-07-15T02:54:07.140Z
sensor.lixee_zlinky_tic_puissance_apparente,2060,2026-07-15T02:54:17.166Z
sensor.lixee_zlinky_tic_puissance_apparente,2080,2026-07-15T02:54:27.200Z
sensor.lixee_zlinky_tic_puissance_apparente,2060,2026-07-15T02:54:36.228Z
sensor.lixee_zlinky_tic_puissance_apparente,2070,2026-07-15T02:54:46.262Z
sensor.lixee_zlinky_tic_puissance_apparente,2060,2026-07-15T02:55:35.432Z
sensor.lixee_zlinky_tic_puissance_apparente,1980,2026-07-15T02:55:45.464Z
sensor.lixee_zlinky_tic_puissance_apparente,1970,2026-07-15T02:55:55.497Z
sensor.lixee_zlinky_tic_puissance_apparente,1940,2026-07-15T02:56:04.524Z
sensor.lixee_zlinky_tic_puissance_apparente,1900,2026-07-15T02:56:14.550Z
sensor.lixee_zlinky_tic_puissance_apparente,1870,2026-07-15T02:56:24.577Z
sensor.lixee_zlinky_tic_puissance_apparente,1420,2026-07-15T02:56:34.607Z
sensor.lixee_zlinky_tic_puissance_apparente,1410,2026-07-15T02:57:03.683Z
sensor.lixee_zlinky_tic_puissance_apparente,1420,2026-07-15T02:57:23.748Z
sensor.lixee_zlinky_tic_puissance_apparente,1330,2026-07-15T02:57:32.781Z
sensor.lixee_zlinky_tic_puissance_apparente,1340,2026-07-15T02:58:02.875Z
sensor.lixee_zlinky_tic_puissance_apparente,1330,2026-07-15T02:58:12.904Z
sensor.lixee_zlinky_tic_puissance_apparente,1340,2026-07-15T02:58:21.928Z
sensor.lixee_zlinky_tic_puissance_apparente,1410,2026-07-15T02:58:31.957Z
sensor.lixee_zlinky_tic_puissance_apparente,1440,2026-07-15T02:58:52.020Z
sensor.lixee_zlinky_tic_puissance_apparente,1420,2026-07-15T02:59:01.047Z
sensor.lixee_zlinky_tic_puissance_apparente,1440,2026-07-15T02:59:11.070Z
sensor.lixee_zlinky_tic_puissance_apparente,1490,2026-07-15T02:59:21.107Z
sensor.lixee_zlinky_tic_puissance_apparente,1530,2026-07-15T02:59:31.141Z
sensor.lixee_zlinky_tic_puissance_apparente,1650,2026-07-15T02:59:41.160Z
sensor.lixee_zlinky_tic_puissance_apparente,1890,2026-07-15T02:59:50.183Z
sensor.lixee_zlinky_tic_puissance_apparente,2060,2026-07-15T03:00:00.223Z
sensor.lixee_zlinky_tic_puissance_apparente,2120,2026-07-15T03:00:10.264Z
sensor.lixee_zlinky_tic_puissance_apparente,2200,2026-07-15T03:00:20.279Z
sensor.lixee_zlinky_tic_puissance_apparente,2310,2026-07-15T03:00:30.320Z
sensor.lixee_zlinky_tic_puissance_apparente,2340,2026-07-15T03:00:39.337Z
sensor.lixee_zlinky_tic_puissance_apparente,2370,2026-07-15T03:00:49.377Z
sensor.lixee_zlinky_tic_puissance_apparente,2340,2026-07-15T03:00:59.411Z
sensor.lixee_zlinky_tic_puissance_apparente,2310,2026-07-15T03:01:09.449Z
sensor.lixee_zlinky_tic_puissance_apparente,2240,2026-07-15T03:01:18.474Z
sensor.lixee_zlinky_tic_puissance_apparente,2170,2026-07-15T03:01:28.508Z
sensor.lixee_zlinky_tic_puissance_apparente,2140,2026-07-15T03:01:38.548Z
sensor.lixee_zlinky_tic_puissance_apparente,2120,2026-07-15T03:01:48.574Z
sensor.lixee_zlinky_tic_puissance_apparente,2050,2026-07-15T03:01:58.601Z
sensor.lixee_zlinky_tic_puissance_apparente,2020,2026-07-15T03:02:07.623Z
sensor.lixee_zlinky_tic_puissance_apparente,1990,2026-07-15T03:02:17.662Z
sensor.lixee_zlinky_tic_puissance_apparente,1950,2026-07-15T03:02:27.695Z
sensor.lixee_zlinky_tic_puissance_apparente,1910,2026-07-15T03:02:37.737Z
sensor.lixee_zlinky_tic_puissance_apparente,1890,2026-07-15T03:02:46.770Z
sensor.lixee_zlinky_tic_puissance_apparente,1560,2026-07-15T03:02:56.797Z
sensor.lixee_zlinky_tic_puissance_apparente,1550,2026-07-15T03:03:16.859Z
sensor.lixee_zlinky_tic_puissance_apparente,1460,2026-07-15T03:03:55.978Z
sensor.lixee_zlinky_tic_puissance_apparente,1470,2026-07-15T03:04:06.013Z
sensor.lixee_zlinky_tic_puissance_apparente,1460,2026-07-15T03:04:15.032Z
sensor.lixee_zlinky_tic_puissance_apparente,1470,2026-07-15T03:04:25.052Z
sensor.lixee_zlinky_tic_puissance_apparente,1460,2026-07-15T03:04:55.153Z
sensor.lixee_zlinky_tic_puissance_apparente,1490,2026-07-15T03:05:14.215Z
sensor.lixee_zlinky_tic_puissance_apparente,1470,2026-07-15T03:05:24.249Z
sensor.lixee_zlinky_tic_puissance_apparente,1490,2026-07-15T03:05:34.284Z
sensor.lixee_zlinky_tic_puissance_apparente,1550,2026-07-15T03:05:44.320Z
sensor.lixee_zlinky_tic_puissance_apparente,1610,2026-07-15T03:05:53.350Z
sensor.lixee_zlinky_tic_puissance_apparente,1770,2026-07-15T03:06:03.379Z
sensor.lixee_zlinky_tic_puissance_apparente,1940,2026-07-15T03:06:13.406Z
sensor.lixee_zlinky_tic_puissance_apparente,2050,2026-07-15T03:06:23.441Z
sensor.lixee_zlinky_tic_puissance_apparente,2130,2026-07-15T03:06:32.463Z
sensor.lixee_zlinky_tic_puissance_apparente,2250,2026-07-15T03:06:42.491Z
sensor.lixee_zlinky_tic_puissance_apparente,2350,2026-07-15T03:06:52.540Z
sensor.lixee_zlinky_tic_puissance_apparente,2380,2026-07-15T03:07:02.571Z
sensor.lixee_zlinky_tic_puissance_apparente,2390,2026-07-15T03:07:12.602Z
sensor.lixee_zlinky_tic_puissance_apparente,2370,2026-07-15T03:07:21.632Z
sensor.lixee_zlinky_tic_puissance_apparente,2280,2026-07-15T03:07:31.664Z
sensor.lixee_zlinky_tic_puissance_apparente,2220,2026-07-15T03:07:41.693Z
sensor.lixee_zlinky_tic_puissance_apparente,2070,2026-07-15T03:07:51.721Z
sensor.lixee_zlinky_tic_puissance_apparente,2050,2026-07-15T03:08:00.736Z
sensor.lixee_zlinky_tic_puissance_apparente,2020,2026-07-15T03:08:10.757Z
sensor.lixee_zlinky_tic_puissance_apparente,1970,2026-07-15T03:08:20.796Z
sensor.lixee_zlinky_tic_puissance_apparente,1930,2026-07-15T03:08:30.830Z
sensor.lixee_zlinky_tic_puissance_apparente,1900,2026-07-15T03:08:40.861Z
sensor.lixee_zlinky_tic_puissance_apparente,1870,2026-07-15T03:08:49.885Z
sensor.lixee_zlinky_tic_puissance_apparente,1820,2026-07-15T03:08:59.919Z
sensor.lixee_zlinky_tic_puissance_apparente,1470,2026-07-15T03:09:09.961Z
sensor.lixee_zlinky_tic_puissance_apparente,1460,2026-07-15T03:09:19.997Z
sensor.lixee_zlinky_tic_puissance_apparente,1440,2026-07-15T03:10:09.139Z
sensor.lixee_zlinky_tic_puissance_apparente,1360,2026-07-15T03:10:18.170Z
sensor.lixee_zlinky_tic_puissance_apparente,1370,2026-07-15T03:10:28.193Z
sensor.lixee_zlinky_tic_puissance_apparente,1360,2026-07-15T03:11:07.311Z
sensor.lixee_zlinky_tic_puissance_apparente,1390,2026-07-15T03:11:27.374Z
sensor.lixee_zlinky_tic_puissance_apparente,1450,2026-07-15T03:12:06.494Z
sensor.lixee_zlinky_tic_puissance_apparente,1560,2026-07-15T03:12:16.529Z
sensor.lixee_zlinky_tic_puissance_apparente,1730,2026-07-15T03:12:26.567Z
sensor.lixee_zlinky_tic_puissance_apparente,1860,2026-07-15T03:12:35.589Z
sensor.lixee_zlinky_tic_puissance_apparente,1970,2026-07-15T03:12:45.623Z
sensor.lixee_zlinky_tic_puissance_apparente,2060,2026-07-15T03:12:55.663Z
sensor.lixee_zlinky_tic_puissance_apparente,2160,2026-07-15T03:13:05.703Z
sensor.lixee_zlinky_tic_puissance_apparente,2230,2026-07-15T03:13:14.730Z
sensor.lixee_zlinky_tic_puissance_apparente,2250,2026-07-15T03:13:24.758Z
sensor.lixee_zlinky_tic_puissance_apparente,2170,2026-07-15T03:13:54.865Z
sensor.lixee_zlinky_tic_puissance_apparente,2100,2026-07-15T03:14:03.888Z
sensor.lixee_zlinky_tic_puissance_apparente,2050,2026-07-15T03:14:13.918Z
sensor.lixee_zlinky_tic_puissance_apparente,2040,2026-07-15T03:14:23.958Z
sensor.lixee_zlinky_tic_puissance_apparente,1990,2026-07-15T03:14:33.983Z
sensor.lixee_zlinky_tic_puissance_apparente,1950,2026-07-15T03:14:43.017Z
sensor.lixee_zlinky_tic_puissance_apparente,1920,2026-07-15T03:14:53.048Z
sensor.lixee_zlinky_tic_puissance_apparente,1880,2026-07-15T03:15:03.085Z
sensor.lixee_zlinky_tic_puissance_apparente,1850,2026-07-15T03:15:13.128Z
sensor.lixee_zlinky_tic_puissance_apparente,1810,2026-07-15T03:15:23.151Z
sensor.lixee_zlinky_tic_puissance_apparente,1400,2026-07-15T03:15:32.188Z
sensor.lixee_zlinky_tic_puissance_apparente,1370,2026-07-15T03:15:42.214Z
sensor.lixee_zlinky_tic_puissance_apparente,1360,2026-07-15T03:16:12.312Z
sensor.lixee_zlinky_tic_puissance_apparente,1370,2026-07-15T03:17:00.458Z
sensor.lixee_zlinky_tic_puissance_apparente,1360,2026-07-15T03:17:10.496Z
sensor.lixee_zlinky_tic_puissance_apparente,1350,2026-07-15T03:17:49.619Z
sensor.lixee_zlinky_tic_puissance_apparente,1410,2026-07-15T03:17:59.649Z
sensor.lixee_zlinky_tic_puissance_apparente,1450,2026-07-15T03:18:09.693Z
sensor.lixee_zlinky_tic_puissance_apparente,1550,2026-07-15T03:18:19.721Z
sensor.lixee_zlinky_tic_puissance_apparente,1640,2026-07-15T03:18:28.750Z
sensor.lixee_zlinky_tic_puissance_apparente,1770,2026-07-15T03:18:38.786Z
sensor.lixee_zlinky_tic_puissance_apparente,1900,2026-07-15T03:18:48.820Z
sensor.lixee_zlinky_tic_puissance_apparente,2070,2026-07-15T03:18:58.854Z
sensor.lixee_zlinky_tic_puissance_apparente,2190,2026-07-15T03:19:08.892Z
sensor.lixee_zlinky_tic_puissance_apparente,1590,2026-07-15T03:19:17.929Z
sensor.lixee_zlinky_tic_puissance_apparente,1520,2026-07-15T03:19:27.944Z
sensor.lixee_zlinky_tic_puissance_apparente,1490,2026-07-15T03:19:37.985Z
sensor.lixee_zlinky_tic_puissance_apparente,1480,2026-07-15T03:19:48.013Z
sensor.lixee_zlinky_tic_puissance_apparente,1460,2026-07-15T03:20:07.073Z
sensor.lixee_zlinky_tic_puissance_apparente,1450,2026-07-15T03:20:27.143Z
sensor.lixee_zlinky_tic_puissance_apparente,1460,2026-07-15T03:21:45.395Z
sensor.lixee_zlinky_tic_puissance_apparente,1370,2026-07-15T03:21:55.431Z
sensor.lixee_zlinky_tic_puissance_apparente,1360,2026-07-15T03:22:05.472Z
sensor.lixee_zlinky_tic_puissance_apparente,1350,2026-07-15T03:22:24.521Z
sensor.lixee_zlinky_tic_puissance_apparente,1360,2026-07-15T03:22:44.593Z
sensor.lixee_zlinky_tic_puissance_apparente,1350,2026-07-15T03:22:54.556Z
sensor.lixee_zlinky_tic_puissance_apparente,1360,2026-07-15T03:23:03.651Z
sensor.lixee_zlinky_tic_puissance_apparente,1350,2026-07-15T03:23:13.682Z
sensor.lixee_zlinky_tic_puissance_apparente,1360,2026-07-15T03:23:42.770Z
sensor.lixee_zlinky_tic_puissance_apparente,1350,2026-07-15T03:23:52.795Z
sensor.lixee_zlinky_tic_puissance_apparente,1360,2026-07-15T03:24:12.868Z
sensor.lixee_zlinky_tic_puissance_apparente,1400,2026-07-15T03:24:22.891Z
sensor.lixee_zlinky_tic_puissance_apparente,1440,2026-07-15T03:24:31.914Z
sensor.lixee_zlinky_tic_puissance_apparente,1530,2026-07-15T03:24:41.955Z
sensor.lixee_zlinky_tic_puissance_apparente,1630,2026-07-15T03:24:51.988Z
sensor.lixee_zlinky_tic_puissance_apparente,1660,2026-07-15T03:25:02.010Z
sensor.lixee_zlinky_tic_puissance_apparente,1690,2026-07-15T03:25:11.035Z
sensor.lixee_zlinky_tic_puissance_apparente,1660,2026-07-15T03:25:21.070Z
sensor.lixee_zlinky_tic_puissance_apparente,1630,2026-07-15T03:25:31.117Z
sensor.lixee_zlinky_tic_puissance_apparente,1560,2026-07-15T03:25:41.127Z
sensor.lixee_zlinky_tic_puissance_apparente,1480,2026-07-15T03:25:51.159Z
sensor.lixee_zlinky_tic_puissance_apparente,1460,2026-07-15T03:26:00.193Z
sensor.lixee_zlinky_tic_puissance_apparente,1440,2026-07-15T03:26:20.263Z
sensor.lixee_zlinky_tic_puissance_apparente,1420,2026-07-15T03:27:09.430Z
sensor.lixee_zlinky_tic_puissance_apparente,1350,2026-07-15T03:27:19.458Z
sensor.lixee_zlinky_tic_puissance_apparente,1360,2026-07-15T03:28:17.638Z
sensor.lixee_zlinky_tic_puissance_apparente,1350,2026-07-15T03:28:27.666Z
sensor.lixee_zlinky_tic_puissance_apparente,1360,2026-07-15T03:28:37.703Z
sensor.lixee_zlinky_tic_puissance_apparente,1350,2026-07-15T03:28:46.931Z
sensor.lixee_zlinky_tic_puissance_apparente,1360,2026-07-15T03:29:06.794Z
sensor.lixee_zlinky_tic_puissance_apparente,1350,2026-07-15T03:29:16.833Z
sensor.lixee_zlinky_tic_puissance_apparente,1360,2026-07-15T03:29:36.908Z
sensor.lixee_zlinky_tic_puissance_apparente,1380,2026-07-15T03:29:45.929Z
sensor.lixee_zlinky_tic_puissance_apparente,1460,2026-07-15T03:29:55.959Z
sensor.lixee_zlinky_tic_puissance_apparente,1540,2026-07-15T03:30:06.001Z
sensor.lixee_zlinky_tic_puissance_apparente,1630,2026-07-15T03:30:16.041Z
sensor.lixee_zlinky_tic_puissance_apparente,1650,2026-07-15T03:30:25.062Z
sensor.lixee_zlinky_tic_puissance_apparente,1670,2026-07-15T03:30:35.088Z
sensor.lixee_zlinky_tic_puissance_apparente,1650,2026-07-15T03:30:45.125Z
sensor.lixee_zlinky_tic_puissance_apparente,1600,2026-07-15T03:30:55.161Z
sensor.lixee_zlinky_tic_puissance_apparente,1530,2026-07-15T03:31:05.187Z
sensor.lixee_zlinky_tic_puissance_apparente,1460,2026-07-15T03:31:14.197Z
sensor.lixee_zlinky_tic_puissance_apparente,1450,2026-07-15T03:31:24.250Z
sensor.lixee_zlinky_tic_puissance_apparente,1440,2026-07-15T03:31:34.264Z
sensor.lixee_zlinky_tic_puissance_apparente,1430,2026-07-15T03:32:03.360Z
sensor.lixee_zlinky_tic_puissance_apparente,1440,2026-07-15T03:32:13.398Z
sensor.lixee_zlinky_tic_puissance_apparente,1450,2026-07-15T03:32:33.467Z
sensor.lixee_zlinky_tic_puissance_apparente,1440,2026-07-15T03:32:52.524Z
sensor.lixee_zlinky_tic_puissance_apparente,1450,2026-07-15T03:33:22.628Z
sensor.lixee_zlinky_tic_puissance_apparente,1430,2026-07-15T03:33:31.654Z
sensor.lixee_zlinky_tic_puissance_apparente,1350,2026-07-15T03:33:41.688Z
sensor.lixee_zlinky_tic_puissance_apparente,1360,2026-07-15T03:33:51.723Z
sensor.lixee_zlinky_tic_puissance_apparente,1350,2026-07-15T03:34:10.778Z
sensor.lixee_zlinky_tic_puissance_apparente,1360,2026-07-15T03:34:20.817Z
sensor.lixee_zlinky_tic_puissance_apparente,1350,2026-07-15T03:34:30.840Z
sensor.lixee_zlinky_tic_puissance_apparente,1340,2026-07-15T03:34:40.877Z
sensor.lixee_zlinky_tic_puissance_apparente,1310,2026-07-15T03:34:50.913Z
sensor.lixee_zlinky_tic_puissance_apparente,1350,2026-07-15T03:34:59.938Z
sensor.lixee_zlinky_tic_puissance_apparente,3160,2026-07-15T03:35:09.956Z
sensor.lixee_zlinky_tic_puissance_apparente,2020,2026-07-15T03:35:20.004Z
sensor.lixee_zlinky_tic_puissance_apparente,1320,2026-07-15T03:35:30.028Z
sensor.lixee_zlinky_tic_puissance_apparente,4100,2026-07-15T03:35:39.044Z
sensor.lixee_zlinky_tic_puissance_apparente,4060,2026-07-15T03:35:49.075Z
sensor.lixee_zlinky_tic_puissance_apparente,4070,2026-07-15T03:35:59.115Z
sensor.lixee_zlinky_tic_puissance_apparente,4090,2026-07-15T03:36:09.134Z
sensor.lixee_zlinky_tic_puissance_apparente,4170,2026-07-15T03:36:19.157Z
sensor.lixee_zlinky_tic_puissance_apparente,4260,2026-07-15T03:36:28.182Z
sensor.lixee_zlinky_tic_puissance_apparente,4330,2026-07-15T03:36:38.217Z
sensor.lixee_zlinky_tic_puissance_apparente,4340,2026-07-15T03:36:48.242Z
sensor.lixee_zlinky_tic_puissance_apparente,4330,2026-07-15T03:36:58.278Z
sensor.lixee_zlinky_tic_puissance_apparente,4320,2026-07-15T03:37:08.308Z
sensor.lixee_zlinky_tic_puissance_apparente,4250,2026-07-15T03:37:17.321Z
sensor.lixee_zlinky_tic_puissance_apparente,4160,2026-07-15T03:37:27.354Z
sensor.lixee_zlinky_tic_puissance_apparente,4110,2026-07-15T03:37:37.403Z
sensor.lixee_zlinky_tic_puissance_apparente,4090,2026-07-15T03:37:47.434Z
sensor.lixee_zlinky_tic_puissance_apparente,4060,2026-07-15T03:37:56.461Z
sensor.lixee_zlinky_tic_puissance_apparente,4070,2026-07-15T03:38:06.488Z
sensor.lixee_zlinky_tic_puissance_apparente,4060,2026-07-15T03:38:36.593Z
sensor.lixee_zlinky_tic_puissance_apparente,3970,2026-07-15T03:38:55.640Z
sensor.lixee_zlinky_tic_puissance_apparente,3960,2026-07-15T03:39:05.679Z
sensor.lixee_zlinky_tic_puissance_apparente,4030,2026-07-15T03:39:15.719Z
sensor.lixee_zlinky_tic_puissance_apparente,4810,2026-07-15T03:39:44.819Z
sensor.lixee_zlinky_tic_puissance_apparente,4090,2026-07-15T03:39:54.846Z
sensor.lixee_zlinky_tic_puissance_apparente,4070,2026-07-15T03:40:04.880Z
sensor.lixee_zlinky_tic_puissance_apparente,5460,2026-07-15T03:40:23.936Z
sensor.lixee_zlinky_tic_puissance_apparente,5420,2026-07-15T03:40:33.967Z
sensor.lixee_zlinky_tic_puissance_apparente,5450,2026-07-15T03:40:44.002Z
sensor.lixee_zlinky_tic_puissance_apparente,4080,2026-07-15T03:40:54.024Z
sensor.lixee_zlinky_tic_puissance_apparente,5480,2026-07-15T03:41:03.052Z
sensor.lixee_zlinky_tic_puissance_apparente,4090,2026-07-15T03:41:13.084Z
sensor.lixee_zlinky_tic_puissance_apparente,4140,2026-07-15T03:41:23.121Z
sensor.lixee_zlinky_tic_puissance_apparente,4170,2026-07-15T03:41:33.153Z
sensor.lixee_zlinky_tic_puissance_apparente,4250,2026-07-15T03:41:42.181Z
sensor.lixee_zlinky_tic_puissance_apparente,4350,2026-07-15T03:41:52.207Z
sensor.lixee_zlinky_tic_puissance_apparente,4410,2026-07-15T03:42:02.253Z
sensor.lixee_zlinky_tic_puissance_apparente,5830,2026-07-15T03:42:12.278Z
sensor.lixee_zlinky_tic_puissance_apparente,5800,2026-07-15T03:42:22.313Z
sensor.lixee_zlinky_tic_puissance_apparente,5770,2026-07-15T03:42:31.350Z
sensor.lixee_zlinky_tic_puissance_apparente,4310,2026-07-15T03:42:41.384Z
sensor.lixee_zlinky_tic_puissance_apparente,4210,2026-07-15T03:42:51.409Z
sensor.lixee_zlinky_tic_puissance_apparente,4180,2026-07-15T03:43:01.438Z
sensor.lixee_zlinky_tic_puissance_apparente,4170,2026-07-15T03:43:20.497Z
sensor.lixee_zlinky_tic_puissance_apparente,4150,2026-07-15T03:43:40.565Z
sensor.lixee_zlinky_tic_puissance_apparente,4160,2026-07-15T03:43:59.620Z
sensor.lixee_zlinky_tic_puissance_apparente,4070,2026-07-15T03:44:19.679Z
sensor.lixee_zlinky_tic_puissance_apparente,4080,2026-07-15T03:44:29.716Z
sensor.lixee_zlinky_tic_puissance_apparente,4070,2026-07-15T03:44:38.743Z
sensor.lixee_zlinky_tic_puissance_apparente,4060,2026-07-15T03:44:48.777Z
sensor.lixee_zlinky_tic_puissance_apparente,4050,2026-07-15T03:45:27.909Z
sensor.lixee_zlinky_tic_puissance_apparente,4060,2026-07-15T03:45:37.944Z
sensor.lixee_zlinky_tic_puissance_apparente,4070,2026-07-15T03:45:47.969Z
sensor.lixee_zlinky_tic_puissance_apparente,4060,2026-07-15T03:45:58.004Z
sensor.lixee_zlinky_tic_puissance_apparente,4080,2026-07-15T03:46:08.036Z
sensor.lixee_zlinky_tic_puissance_apparente,4070,2026-07-15T03:46:17.055Z
sensor.lixee_zlinky_tic_puissance_apparente,4080,2026-07-15T03:46:27.090Z
sensor.lixee_zlinky_tic_puissance_apparente,4090,2026-07-15T03:46:37.114Z
sensor.lixee_zlinky_tic_puissance_apparente,4100,2026-07-15T03:46:47.156Z
sensor.lixee_zlinky_tic_puissance_apparente,4170,2026-07-15T03:46:56.173Z
sensor.lixee_zlinky_tic_puissance_apparente,4270,2026-07-15T03:47:06.213Z
sensor.lixee_zlinky_tic_puissance_apparente,4360,2026-07-15T03:47:16.247Z
sensor.lixee_zlinky_tic_puissance_apparente,4340,2026-07-15T03:47:36.313Z
sensor.lixee_zlinky_tic_puissance_apparente,4310,2026-07-15T03:47:45.336Z
sensor.lixee_zlinky_tic_puissance_apparente,4270,2026-07-15T03:47:55.370Z
sensor.lixee_zlinky_tic_puissance_apparente,4190,2026-07-15T03:48:05.405Z
sensor.lixee_zlinky_tic_puissance_apparente,4130,2026-07-15T03:48:15.432Z
sensor.lixee_zlinky_tic_puissance_apparente,4040,2026-07-15T03:48:24.458Z
sensor.lixee_zlinky_tic_puissance_apparente,1420,2026-07-15T03:48:34.478Z
sensor.lixee_zlinky_tic_puissance_apparente,1410,2026-07-15T03:48:44.506Z
sensor.lixee_zlinky_tic_puissance_apparente,1400,2026-07-15T03:49:13.607Z
sensor.lixee_zlinky_tic_puissance_apparente,1410,2026-07-15T03:49:23.641Z
sensor.lixee_zlinky_tic_puissance_apparente,1400,2026-07-15T03:49:52.738Z
sensor.lixee_zlinky_tic_puissance_apparente,1410,2026-07-15T03:50:02.767Z
sensor.lixee_zlinky_tic_puissance_apparente,1420,2026-07-15T03:50:22.835Z
sensor.lixee_zlinky_tic_puissance_apparente,1400,2026-07-15T03:50:32.867Z
sensor.lixee_zlinky_tic_puissance_apparente,1320,2026-07-15T03:50:41.896Z
sensor.lixee_zlinky_tic_puissance_apparente,1310,2026-07-15T03:51:31.038Z
sensor.lixee_zlinky_tic_puissance_apparente,1320,2026-07-15T03:52:01.146Z
sensor.lixee_zlinky_tic_puissance_apparente,1310,2026-07-15T03:52:10.161Z
sensor.lixee_zlinky_tic_puissance_apparente,1320,2026-07-15T03:52:59.298Z
sensor.lixee_zlinky_tic_puissance_apparente,1310,2026-07-15T03:53:09.339Z
sensor.lixee_zlinky_tic_puissance_apparente,1320,2026-07-15T03:53:29.393Z
sensor.lixee_zlinky_tic_puissance_apparente,1310,2026-07-15T03:53:38.420Z
sensor.lixee_zlinky_tic_puissance_apparente,1320,2026-07-15T03:54:57.674Z
sensor.lixee_zlinky_tic_puissance_apparente,1380,2026-07-15T03:55:07.704Z
sensor.lixee_zlinky_tic_puissance_apparente,1400,2026-07-15T03:55:16.729Z
sensor.lixee_zlinky_tic_puissance_apparente,1470,2026-07-15T03:55:26.769Z
sensor.lixee_zlinky_tic_puissance_apparente,1580,2026-07-15T03:55:36.801Z
sensor.lixee_zlinky_tic_puissance_apparente,1620,2026-07-15T03:55:46.827Z
sensor.lixee_zlinky_tic_puissance_apparente,1630,2026-07-15T03:55:55.854Z
sensor.lixee_zlinky_tic_puissance_apparente,1620,2026-07-15T03:56:05.888Z
sensor.lixee_zlinky_tic_puissance_apparente,1600,2026-07-15T03:56:15.924Z
sensor.lixee_zlinky_tic_puissance_apparente,1540,2026-07-15T03:56:25.963Z
sensor.lixee_zlinky_tic_puissance_apparente,1450,2026-07-15T03:56:35.996Z
sensor.lixee_zlinky_tic_puissance_apparente,1420,2026-07-15T03:56:45.021Z
sensor.lixee_zlinky_tic_puissance_apparente,1410,2026-07-15T03:56:55.047Z
sensor.lixee_zlinky_tic_puissance_apparente,1400,2026-07-15T03:57:24.141Z
sensor.lixee_zlinky_tic_puissance_apparente,1390,2026-07-15T03:57:54.235Z
sensor.lixee_zlinky_tic_puissance_apparente,1310,2026-07-15T03:58:04.271Z
sensor.lixee_zlinky_tic_puissance_apparente,1320,2026-07-15T03:58:52.427Z
sensor.lixee_zlinky_tic_puissance_apparente,1310,2026-07-15T03:59:02.459Z
sensor.lixee_zlinky_tic_puissance_apparente,1320,2026-07-15T03:59:51.621Z
sensor.lixee_zlinky_tic_puissance_apparente,1310,2026-07-15T04:00:01.665Z
sensor.lixee_zlinky_tic_puissance_apparente,1340,2026-07-15T04:00:20.720Z
sensor.lixee_zlinky_tic_puissance_apparente,1330,2026-07-15T04:00:30.755Z
sensor.lixee_zlinky_tic_puissance_apparente,1410,2026-07-15T04:00:40.802Z
sensor.lixee_zlinky_tic_puissance_apparente,1490,2026-07-15T04:00:50.827Z
sensor.lixee_zlinky_tic_puissance_apparente,1600,2026-07-15T04:01:00.857Z
sensor.lixee_zlinky_tic_puissance_apparente,1620,2026-07-15T04:01:09.890Z
sensor.lixee_zlinky_tic_puissance_apparente,1640,2026-07-15T04:01:19.929Z
sensor.lixee_zlinky_tic_puissance_apparente,1610,2026-07-15T04:01:29.968Z
sensor.lixee_zlinky_tic_puissance_apparente,1940,2026-07-15T04:01:39.994Z
sensor.lixee_zlinky_tic_puissance_apparente,1610,2026-07-15T04:01:50.031Z
sensor.lixee_zlinky_tic_puissance_apparente,1530,2026-07-15T04:01:59.054Z
sensor.lixee_zlinky_tic_puissance_apparente,2930,2026-07-15T04:02:09.096Z
sensor.lixee_zlinky_tic_puissance_apparente,1520,2026-07-15T04:02:19.120Z
sensor.lixee_zlinky_tic_puissance_apparente,2800,2026-07-15T04:02:29.164Z
sensor.lixee_zlinky_tic_puissance_apparente,1490,2026-07-15T04:02:58.254Z
sensor.lixee_zlinky_tic_puissance_apparente,1520,2026-07-15T04:03:18.321Z
sensor.lixee_zlinky_tic_puissance_apparente,1530,2026-07-15T04:03:37.371Z
sensor.lixee_zlinky_tic_puissance_apparente,1520,2026-07-15T04:04:06.473Z
sensor.lixee_zlinky_tic_puissance_apparente,1540,2026-07-15T04:04:16.511Z
sensor.lixee_zlinky_tic_puissance_apparente,1460,2026-07-15T04:04:26.550Z
sensor.lixee_zlinky_tic_puissance_apparente,1430,2026-07-15T04:04:36.586Z
sensor.lixee_zlinky_tic_puissance_apparente,1440,2026-07-15T04:04:46.617Z
sensor.lixee_zlinky_tic_puissance_apparente,1450,2026-07-15T04:04:55.637Z
sensor.lixee_zlinky_tic_puissance_apparente,1440,2026-07-15T04:05:05.665Z
sensor.lixee_zlinky_tic_puissance_apparente,1420,2026-07-15T04:05:15.707Z
sensor.lixee_zlinky_tic_puissance_apparente,1410,2026-07-15T04:05:25.744Z
sensor.lixee_zlinky_tic_puissance_apparente,1430,2026-07-15T04:05:44.798Z
sensor.lixee_zlinky_tic_puissance_apparente,1410,2026-07-15T04:05:54.840Z
sensor.lixee_zlinky_tic_puissance_apparente,1420,2026-07-15T04:06:04.860Z
sensor.lixee_zlinky_tic_puissance_apparente,1410,2026-07-15T04:06:14.895Z
sensor.lixee_zlinky_tic_puissance_apparente,1430,2026-07-15T04:06:43.994Z
sensor.lixee_zlinky_tic_puissance_apparente,1460,2026-07-15T04:06:54.010Z
sensor.lixee_zlinky_tic_puissance_apparente,1530,2026-07-15T04:07:04.042Z
sensor.lixee_zlinky_tic_puissance_apparente,1630,2026-07-15T04:07:13.065Z
sensor.lixee_zlinky_tic_puissance_apparente,1700,2026-07-15T04:07:23.099Z
sensor.lixee_zlinky_tic_puissance_apparente,1730,2026-07-15T04:07:33.135Z
sensor.lixee_zlinky_tic_puissance_apparente,1720,2026-07-15T04:07:43.169Z
sensor.lixee_zlinky_tic_puissance_apparente,1710,2026-07-15T04:07:52.192Z
sensor.lixee_zlinky_tic_puissance_apparente,1640,2026-07-15T04:08:02.222Z
sensor.lixee_zlinky_tic_puissance_apparente,1570,2026-07-15T04:08:12.267Z
sensor.lixee_zlinky_tic_puissance_apparente,1520,2026-07-15T04:08:22.299Z
sensor.lixee_zlinky_tic_puissance_apparente,1460,2026-07-15T04:08:32.332Z
sensor.lixee_zlinky_tic_puissance_apparente,1450,2026-07-15T04:08:41.353Z
sensor.lixee_zlinky_tic_puissance_apparente,1460,2026-07-15T04:09:01.422Z
sensor.lixee_zlinky_tic_puissance_apparente,1450,2026-07-15T04:09:11.447Z
sensor.lixee_zlinky_tic_puissance_apparente,1460,2026-07-15T04:09:20.476Z
sensor.lixee_zlinky_tic_puissance_apparente,1450,2026-07-15T04:09:50.576Z
sensor.lixee_zlinky_tic_puissance_apparente,1440,2026-07-15T04:10:00.613Z
sensor.lixee_zlinky_tic_puissance_apparente,1460,2026-07-15T04:10:09.636Z
sensor.lixee_zlinky_tic_puissance_apparente,1450,2026-07-15T04:10:19.672Z
sensor.lixee_zlinky_tic_puissance_apparente,1430,2026-07-15T04:10:39.735Z
sensor.lixee_zlinky_tic_puissance_apparente,1370,2026-07-15T04:10:48.757Z
sensor.lixee_zlinky_tic_puissance_apparente,1380,2026-07-15T04:10:58.780Z
sensor.lixee_zlinky_tic_puissance_apparente,1360,2026-07-15T04:11:08.825Z
sensor.lixee_zlinky_tic_puissance_apparente,1370,2026-07-15T04:11:37.914Z
sensor.lixee_zlinky_tic_puissance_apparente,1360,2026-07-15T04:11:47.950Z
sensor.lixee_zlinky_tic_puissance_apparente,1370,2026-07-15T04:12:08.020Z
sensor.lixee_zlinky_tic_puissance_apparente,1360,2026-07-15T04:12:47.136Z
sensor.lixee_zlinky_tic_puissance_apparente,1370,2026-07-15T04:12:57.177Z
sensor.lixee_zlinky_tic_puissance_apparente,1390,2026-07-15T04:13:55.368Z
sensor.lixee_zlinky_tic_puissance_apparente,1370,2026-07-15T04:14:05.413Z
sensor.lixee_zlinky_tic_puissance_apparente,1380,2026-07-15T04:14:15.441Z
sensor.lixee_zlinky_tic_puissance_apparente,1370,2026-07-15T04:14:25.460Z
sensor.lixee_zlinky_tic_puissance_apparente,1410,2026-07-15T04:14:34.497Z
sensor.lixee_zlinky_tic_puissance_apparente,1400,2026-07-15T04:14:44.520Z
sensor.lixee_zlinky_tic_puissance_apparente,1420,2026-07-15T04:15:04.595Z
sensor.lixee_zlinky_tic_puissance_apparente,1450,2026-07-15T04:15:14.627Z
sensor.lixee_zlinky_tic_puissance_apparente,1510,2026-07-15T04:15:23.653Z
sensor.lixee_zlinky_tic_puissance_apparente,1570,2026-07-15T04:15:33.686Z
sensor.lixee_zlinky_tic_puissance_apparente,1710,2026-07-15T04:15:43.725Z
sensor.lixee_zlinky_tic_puissance_apparente,1740,2026-07-15T04:15:53.763Z
sensor.lixee_zlinky_tic_puissance_apparente,1800,2026-07-15T04:16:02.780Z
sensor.lixee_zlinky_tic_puissance_apparente,1760,2026-07-15T04:16:12.815Z
sensor.lixee_zlinky_tic_puissance_apparente,1750,2026-07-15T04:16:22.853Z
sensor.lixee_zlinky_tic_puissance_apparente,1700,2026-07-15T04:16:32.884Z
sensor.lixee_zlinky_tic_puissance_apparente,1620,2026-07-15T04:16:42.917Z
sensor.lixee_zlinky_tic_puissance_apparente,1570,2026-07-15T04:16:51.950Z
sensor.lixee_zlinky_tic_puissance_apparente,1560,2026-07-15T04:17:11.993Z
sensor.lixee_zlinky_tic_puissance_apparente,1550,2026-07-15T04:17:41.080Z
sensor.lixee_zlinky_tic_puissance_apparente,1560,2026-07-15T04:17:51.114Z
sensor.lixee_zlinky_tic_puissance_apparente,1480,2026-07-15T04:18:11.174Z
sensor.lixee_zlinky_tic_puissance_apparente,1460,2026-07-15T04:18:20.200Z
sensor.lixee_zlinky_tic_puissance_apparente,1480,2026-07-15T04:18:30.218Z
sensor.lixee_zlinky_tic_puissance_apparente,1470,2026-07-15T04:18:40.246Z
sensor.lixee_zlinky_tic_puissance_apparente,1460,2026-07-15T04:19:09.329Z
sensor.lixee_zlinky_tic_puissance_apparente,1470,2026-07-15T04:19:29.389Z
sensor.lixee_zlinky_tic_puissance_apparente,1520,2026-07-15T04:19:39.424Z
sensor.lixee_zlinky_tic_puissance_apparente,1510,2026-07-15T04:19:48.444Z
sensor.lixee_zlinky_tic_puissance_apparente,1640,2026-07-15T04:20:08.513Z
sensor.lixee_zlinky_tic_puissance_apparente,1660,2026-07-15T04:20:28.564Z
sensor.lixee_zlinky_tic_puissance_apparente,1670,2026-07-15T04:20:37.594Z
sensor.lixee_zlinky_tic_puissance_apparente,1730,2026-07-15T04:20:47.614Z
sensor.lixee_zlinky_tic_puissance_apparente,1820,2026-07-15T04:20:57.659Z
sensor.lixee_zlinky_tic_puissance_apparente,1930,2026-07-15T04:21:07.685Z
sensor.lixee_zlinky_tic_puissance_apparente,1950,2026-07-15T04:21:17.711Z
sensor.lixee_zlinky_tic_puissance_apparente,1970,2026-07-15T04:21:26.735Z
sensor.lixee_zlinky_tic_puissance_apparente,1960,2026-07-15T04:21:36.769Z
sensor.lixee_zlinky_tic_puissance_apparente,1920,2026-07-15T04:21:46.800Z
sensor.lixee_zlinky_tic_puissance_apparente,1860,2026-07-15T04:21:56.833Z
sensor.lixee_zlinky_tic_puissance_apparente,1780,2026-07-15T04:22:05.853Z
sensor.lixee_zlinky_tic_puissance_apparente,1770,2026-07-15T04:22:15.884Z
sensor.lixee_zlinky_tic_puissance_apparente,1760,2026-07-15T04:22:25.928Z
sensor.lixee_zlinky_tic_puissance_apparente,1750,2026-07-15T04:22:35.965Z
sensor.lixee_zlinky_tic_puissance_apparente,1740,2026-07-15T04:22:55.023Z
sensor.lixee_zlinky_tic_puissance_apparente,1750,2026-07-15T04:23:05.046Z
sensor.lixee_zlinky_tic_puissance_apparente,1740,2026-07-15T04:23:15.092Z
sensor.lixee_zlinky_tic_puissance_apparente,1910,2026-07-15T04:23:25.122Z
sensor.lixee_zlinky_tic_puissance_apparente,1720,2026-07-15T04:23:34.152Z
sensor.lixee_zlinky_tic_puissance_apparente,1900,2026-07-15T04:23:44.178Z
sensor.lixee_zlinky_tic_puissance_apparente,1720,2026-07-15T04:23:54.222Z
sensor.lixee_zlinky_tic_puissance_apparente,1900,2026-07-15T04:24:04.254Z
sensor.lixee_zlinky_tic_puissance_apparente,1720,2026-07-15T04:24:14.282Z
sensor.lixee_zlinky_tic_puissance_apparente,1700,2026-07-15T04:24:23.315Z
sensor.lixee_zlinky_tic_puissance_apparente,1640,2026-07-15T04:24:33.346Z
sensor.lixee_zlinky_tic_puissance_apparente,1620,2026-07-15T04:24:53.408Z
sensor.lixee_zlinky_tic_puissance_apparente,1610,2026-07-15T04:25:32.533Z
sensor.lixee_zlinky_tic_puissance_apparente,1600,2026-07-15T04:25:51.589Z
sensor.lixee_zlinky_tic_puissance_apparente,1610,2026-07-15T04:26:01.625Z
sensor.lixee_zlinky_tic_puissance_apparente,1600,2026-07-15T04:26:21.689Z
sensor.lixee_zlinky_tic_puissance_apparente,1610,2026-07-15T04:26:31.717Z
sensor.lixee_zlinky_tic_puissance_apparente,4560,2026-07-15T04:27:00.819Z
sensor.lixee_zlinky_tic_puissance_apparente,4590,2026-07-15T04:27:10.845Z
sensor.lixee_zlinky_tic_puissance_apparente,1840,2026-07-15T04:27:19.878Z
sensor.lixee_zlinky_tic_puissance_apparente,1900,2026-07-15T04:27:29.898Z
sensor.lixee_zlinky_tic_puissance_apparente,1920,2026-07-15T04:27:39.937Z
sensor.lixee_zlinky_tic_puissance_apparente,1930,2026-07-15T04:27:49.963Z
sensor.lixee_zlinky_tic_puissance_apparente,1880,2026-07-15T04:28:00.006Z
sensor.lixee_zlinky_tic_puissance_apparente,1820,2026-07-15T04:28:09.031Z
sensor.lixee_zlinky_tic_puissance_apparente,1740,2026-07-15T04:28:19.046Z
sensor.lixee_zlinky_tic_puissance_apparente,1680,2026-07-15T04:28:29.093Z
sensor.lixee_zlinky_tic_puissance_apparente,1660,2026-07-15T04:28:39.127Z
sensor.lixee_zlinky_tic_puissance_apparente,1640,2026-07-15T04:28:48.154Z
sensor.lixee_zlinky_tic_puissance_apparente,1630,2026-07-15T04:28:58.191Z
sensor.lixee_zlinky_tic_puissance_apparente,1620,2026-07-15T04:29:08.218Z
sensor.lixee_zlinky_tic_puissance_apparente,1550,2026-07-15T04:29:18.252Z
sensor.lixee_zlinky_tic_puissance_apparente,1540,2026-07-15T04:29:37.307Z
sensor.lixee_zlinky_tic_puissance_apparente,1450,2026-07-15T04:29:47.341Z
sensor.lixee_zlinky_tic_puissance_apparente,1460,2026-07-15T04:29:57.365Z
sensor.lixee_zlinky_tic_puissance_apparente,1440,2026-07-15T04:30:07.286Z
sensor.lixee_zlinky_tic_puissance_apparente,1450,2026-07-15T04:30:16.442Z
sensor.lixee_zlinky_tic_puissance_apparente,1480,2026-07-15T04:30:26.480Z
sensor.lixee_zlinky_tic_puissance_apparente,1470,2026-07-15T04:30:46.436Z
sensor.lixee_zlinky_tic_puissance_apparente,1480,2026-07-15T04:30:56.583Z
sensor.lixee_zlinky_tic_puissance_apparente,3530,2026-07-15T04:31:05.613Z
sensor.lixee_zlinky_tic_puissance_apparente,3470,2026-07-15T04:31:15.640Z
sensor.lixee_zlinky_tic_puissance_apparente,3460,2026-07-15T04:31:25.581Z
sensor.lixee_zlinky_tic_puissance_apparente,1500,2026-07-15T04:31:35.710Z
sensor.lixee_zlinky_tic_puissance_apparente,1510,2026-07-15T04:31:45.733Z
sensor.lixee_zlinky_tic_puissance_apparente,1500,2026-07-15T04:31:54.752Z
sensor.lixee_zlinky_tic_puissance_apparente,1490,2026-07-15T04:32:04.730Z
sensor.lixee_zlinky_tic_puissance_apparente,1520,2026-07-15T04:32:14.835Z
sensor.lixee_zlinky_tic_puissance_apparente,1580,2026-07-15T04:32:24.862Z
sensor.lixee_zlinky_tic_puissance_apparente,1670,2026-07-15T04:32:33.883Z
sensor.lixee_zlinky_tic_puissance_apparente,3720,2026-07-15T04:32:43.883Z
sensor.lixee_zlinky_tic_puissance_apparente,3750,2026-07-15T04:32:53.954Z
sensor.lixee_zlinky_tic_puissance_apparente,1810,2026-07-15T04:33:03.985Z
sensor.lixee_zlinky_tic_puissance_apparente,1800,2026-07-15T04:33:23.031Z
sensor.lixee_zlinky_tic_puissance_apparente,1730,2026-07-15T04:33:33.062Z
sensor.lixee_zlinky_tic_puissance_apparente,1650,2026-07-15T04:33:43.089Z
sensor.lixee_zlinky_tic_puissance_apparente,1620,2026-07-15T04:33:53.121Z
sensor.lixee_zlinky_tic_puissance_apparente,1610,2026-07-15T04:34:02.149Z
sensor.lixee_zlinky_tic_puissance_apparente,3550,2026-07-15T04:34:12.185Z
sensor.lixee_zlinky_tic_puissance_apparente,3510,2026-07-15T04:34:22.220Z
sensor.lixee_zlinky_tic_puissance_apparente,1580,2026-07-15T04:34:32.257Z
sensor.lixee_zlinky_tic_puissance_apparente,1570,2026-07-15T04:34:42.282Z
sensor.lixee_zlinky_tic_puissance_apparente,1560,2026-07-15T04:35:01.340Z
sensor.lixee_zlinky_tic_puissance_apparente,3520,2026-07-15T04:35:40.465Z
sensor.lixee_zlinky_tic_puissance_apparente,3490,2026-07-15T04:35:50.505Z
sensor.lixee_zlinky_tic_puissance_apparente,3450,2026-07-15T04:36:00.532Z
sensor.lixee_zlinky_tic_puissance_apparente,1470,2026-07-15T04:36:10.563Z
sensor.lixee_zlinky_tic_puissance_apparente,1460,2026-07-15T04:36:19.582Z
sensor.lixee_zlinky_tic_puissance_apparente,1470,2026-07-15T04:36:39.654Z
sensor.lixee_zlinky_tic_puissance_apparente,1460,2026-07-15T04:36:49.685Z
sensor.lixee_zlinky_tic_puissance_apparente,3450,2026-07-15T04:37:08.766Z
sensor.lixee_zlinky_tic_puissance_apparente,3420,2026-07-15T04:37:18.789Z
sensor.lixee_zlinky_tic_puissance_apparente,3380,2026-07-15T04:37:28.810Z
sensor.lixee_zlinky_tic_puissance_apparente,1460,2026-07-15T04:37:38.843Z
sensor.lixee_zlinky_tic_puissance_apparente,1470,2026-07-15T04:38:28.005Z
sensor.lixee_zlinky_tic_puissance_apparente,1500,2026-07-15T04:38:37.037Z
sensor.lixee_zlinky_tic_puissance_apparente,3490,2026-07-15T04:38:47.063Z
sensor.lixee_zlinky_tic_puissance_apparente,3540,2026-07-15T04:38:57.102Z
sensor.lixee_zlinky_tic_puissance_apparente,1740,2026-07-15T04:39:07.138Z
sensor.lixee_zlinky_tic_puissance_apparente,1780,2026-07-15T04:39:16.159Z
sensor.lixee_zlinky_tic_puissance_apparente,1790,2026-07-15T04:39:26.184Z
sensor.lixee_zlinky_tic_puissance_apparente,1750,2026-07-15T04:39:46.257Z
sensor.lixee_zlinky_tic_puissance_apparente,1700,2026-07-15T04:39:56.286Z
sensor.lixee_zlinky_tic_puissance_apparente,1610,2026-07-15T04:40:05.312Z
sensor.lixee_zlinky_tic_puissance_apparente,3520,2026-07-15T04:40:15.343Z
sensor.lixee_zlinky_tic_puissance_apparente,3480,2026-07-15T04:40:25.386Z
sensor.lixee_zlinky_tic_puissance_apparente,3420,2026-07-15T04:40:35.421Z
sensor.lixee_zlinky_tic_puissance_apparente,1550,2026-07-15T04:40:44.457Z
sensor.lixee_zlinky_tic_puissance_apparente,1540,2026-07-15T04:40:54.475Z
sensor.lixee_zlinky_tic_puissance_apparente,1530,2026-07-15T04:41:24.568Z
sensor.lixee_zlinky_tic_puissance_apparente,1450,2026-07-15T04:41:33.593Z
sensor.lixee_zlinky_tic_puissance_apparente,3420,2026-07-15T04:41:43.632Z
sensor.lixee_zlinky_tic_puissance_apparente,3390,2026-07-15T04:41:53.660Z
sensor.lixee_zlinky_tic_puissance_apparente,3340,2026-07-15T04:42:03.701Z
sensor.lixee_zlinky_tic_puissance_apparente,1450,2026-07-15T04:42:13.732Z
sensor.lixee_zlinky_tic_puissance_apparente,1440,2026-07-15T04:42:22.751Z
sensor.lixee_zlinky_tic_puissance_apparente,1430,2026-07-15T04:42:52.858Z
sensor.lixee_zlinky_tic_puissance_apparente,3380,2026-07-15T04:43:21.955Z
sensor.lixee_zlinky_tic_puissance_apparente,3340,2026-07-15T04:43:31.989Z
sensor.lixee_zlinky_tic_puissance_apparente,1430,2026-07-15T04:43:42.026Z
sensor.lixee_zlinky_tic_puissance_apparente,1450,2026-07-15T04:43:51.048Z
sensor.lixee_zlinky_tic_puissance_apparente,1490,2026-07-15T04:44:01.080Z
sensor.lixee_zlinky_tic_puissance_apparente,1570,2026-07-15T04:44:11.128Z
sensor.lixee_zlinky_tic_puissance_apparente,1650,2026-07-15T04:44:21.160Z
sensor.lixee_zlinky_tic_puissance_apparente,1740,2026-07-15T04:44:30.186Z
sensor.lixee_zlinky_tic_puissance_apparente,1750,2026-07-15T04:44:40.222Z
sensor.lixee_zlinky_tic_puissance_apparente,3680,2026-07-15T04:44:50.256Z
sensor.lixee_zlinky_tic_puissance_apparente,3660,2026-07-15T04:45:00.293Z
sensor.lixee_zlinky_tic_puissance_apparente,3560,2026-07-15T04:45:10.320Z
sensor.lixee_zlinky_tic_puissance_apparente,1630,2026-07-15T04:45:19.352Z
sensor.lixee_zlinky_tic_puissance_apparente,1570,2026-07-15T04:45:29.386Z
sensor.lixee_zlinky_tic_puissance_apparente,1560,2026-07-15T04:45:39.428Z
sensor.lixee_zlinky_tic_puissance_apparente,1540,2026-07-15T04:45:49.447Z
sensor.lixee_zlinky_tic_puissance_apparente,1530,2026-07-15T04:45:58.475Z
sensor.lixee_zlinky_tic_puissance_apparente,3470,2026-07-15T04:46:18.550Z
sensor.lixee_zlinky_tic_puissance_apparente,3450,2026-07-15T04:46:28.581Z
sensor.lixee_zlinky_tic_puissance_apparente,3400,2026-07-15T04:46:38.612Z
sensor.lixee_zlinky_tic_puissance_apparente,1520,2026-07-15T04:46:47.644Z
sensor.lixee_zlinky_tic_puissance_apparente,1530,2026-07-15T04:47:07.709Z
sensor.lixee_zlinky_tic_puissance_apparente,1520,2026-07-15T04:47:17.739Z
sensor.lixee_zlinky_tic_puissance_apparente,1510,2026-07-15T04:47:26.759Z
sensor.lixee_zlinky_tic_puissance_apparente,1500,2026-07-15T04:47:46.829Z
sensor.lixee_zlinky_tic_puissance_apparente,3350,2026-07-15T04:47:56.852Z
sensor.lixee_zlinky_tic_puissance_apparente,3320,2026-07-15T04:48:06.887Z
sensor.lixee_zlinky_tic_puissance_apparente,2350,2026-07-15T04:48:15.928Z
sensor.lixee_zlinky_tic_puissance_apparente,1320,2026-07-15T04:48:25.957Z
sensor.lixee_zlinky_tic_puissance_apparente,1310,2026-07-15T04:48:46.023Z
sensor.lixee_zlinky_tic_puissance_apparente,1320,2026-07-15T04:49:05.070Z
sensor.lixee_zlinky_tic_puissance_apparente,1310,2026-07-15T04:49:15.097Z
sensor.lixee_zlinky_tic_puissance_apparente,3270,2026-07-15T04:49:25.127Z
sensor.lixee_zlinky_tic_puissance_apparente,3240,2026-07-15T04:49:35.166Z
sensor.lixee_zlinky_tic_puissance_apparente,3200,2026-07-15T04:49:44.187Z
sensor.lixee_zlinky_tic_puissance_apparente,1310,2026-07-15T04:49:54.226Z
sensor.lixee_zlinky_tic_puissance_apparente,1320,2026-07-15T04:50:04.262Z
sensor.lixee_zlinky_tic_puissance_apparente,1330,2026-07-15T04:50:14.292Z
sensor.lixee_zlinky_tic_puissance_apparente,1370,2026-07-15T04:50:24.329Z
sensor.lixee_zlinky_tic_puissance_apparente,1460,2026-07-15T04:50:33.345Z
sensor.lixee_zlinky_tic_puissance_apparente,3490,2026-07-15T04:50:43.389Z
sensor.lixee_zlinky_tic_puissance_apparente,3540,2026-07-15T04:50:53.418Z
sensor.lixee_zlinky_tic_puissance_apparente,3510,2026-07-15T04:51:03.458Z
sensor.lixee_zlinky_tic_puissance_apparente,1650,2026-07-15T04:51:12.498Z
sensor.lixee_zlinky_tic_puissance_apparente,1660,2026-07-15T04:51:22.514Z
sensor.lixee_zlinky_tic_puissance_apparente,1590,2026-07-15T04:51:32.553Z
sensor.lixee_zlinky_tic_puissance_apparente,1510,2026-07-15T04:51:42.594Z
sensor.lixee_zlinky_tic_puissance_apparente,1460,2026-07-15T04:51:52.622Z
sensor.lixee_zlinky_tic_puissance_apparente,2460,2026-07-15T04:52:01.642Z
sensor.lixee_zlinky_tic_puissance_apparente,3350,2026-07-15T04:52:11.670Z
sensor.lixee_zlinky_tic_puissance_apparente,3330,2026-07-15T04:52:21.705Z
sensor.lixee_zlinky_tic_puissance_apparente,1940,2026-07-15T04:52:31.730Z
sensor.lixee_zlinky_tic_puissance_apparente,1440,2026-07-15T04:52:40.770Z
sensor.lixee_zlinky_tic_puissance_apparente,1430,2026-07-15T04:53:00.827Z
sensor.lixee_zlinky_tic_puissance_apparente,1330,2026-07-15T04:53:10.868Z
sensor.lixee_zlinky_tic_puissance_apparente,1490,2026-07-15T04:53:20.900Z
sensor.lixee_zlinky_tic_puissance_apparente,1340,2026-07-15T04:53:29.918Z
sensor.lixee_zlinky_tic_puissance_apparente,3280,2026-07-15T04:53:39.956Z
sensor.lixee_zlinky_tic_puissance_apparente,3250,2026-07-15T04:53:49.974Z
sensor.lixee_zlinky_tic_puissance_apparente,3210,2026-07-15T04:54:00.020Z
sensor.lixee_zlinky_tic_puissance_apparente,1320,2026-07-15T04:54:10.053Z
sensor.lixee_zlinky_tic_puissance_apparente,1530,2026-07-15T04:54:19.074Z
sensor.lixee_zlinky_tic_puissance_apparente,1320,2026-07-15T04:54:29.106Z
sensor.lixee_zlinky_tic_puissance_apparente,1310,2026-07-15T04:54:49.166Z
sensor.lixee_zlinky_tic_puissance_apparente,1320,2026-07-15T04:54:58.191Z
sensor.lixee_zlinky_tic_puissance_apparente,3260,2026-07-15T04:55:08.234Z
sensor.lixee_zlinky_tic_puissance_apparente,3230,2026-07-15T04:55:18.268Z
sensor.lixee_zlinky_tic_puissance_apparente,3190,2026-07-15T04:55:28.296Z
sensor.lixee_zlinky_tic_puissance_apparente,1380,2026-07-15T04:55:38.327Z
sensor.lixee_zlinky_tic_puissance_apparente,1410,2026-07-15T04:55:47.359Z
sensor.lixee_zlinky_tic_puissance_apparente,1480,2026-07-15T04:55:57.389Z
sensor.lixee_zlinky_tic_puissance_apparente,1600,2026-07-15T04:56:07.425Z
sensor.lixee_zlinky_tic_puissance_apparente,1640,2026-07-15T04:56:17.467Z
sensor.lixee_zlinky_tic_puissance_apparente,1660,2026-07-15T04:56:26.488Z
sensor.lixee_zlinky_tic_puissance_apparente,3560,2026-07-15T04:56:36.526Z
sensor.lixee_zlinky_tic_puissance_apparente,3500,2026-07-15T04:56:46.555Z
sensor.lixee_zlinky_tic_puissance_apparente,3400,2026-07-15T04:56:56.596Z
sensor.lixee_zlinky_tic_puissance_apparente,1470,2026-07-15T04:57:06.619Z
sensor.lixee_zlinky_tic_puissance_apparente,1440,2026-07-15T04:57:15.649Z
sensor.lixee_zlinky_tic_puissance_apparente,1410,2026-07-15T04:57:35.720Z
sensor.lixee_zlinky_tic_puissance_apparente,3330,2026-07-15T04:58:04.810Z
sensor.lixee_zlinky_tic_puissance_apparente,3300,2026-07-15T04:58:14.841Z
sensor.lixee_zlinky_tic_puissance_apparente,3140,2026-07-15T04:58:24.862Z
sensor.lixee_zlinky_tic_puissance_apparente,1290,2026-07-15T04:58:34.895Z
sensor.lixee_zlinky_tic_puissance_apparente,3230,2026-07-15T04:59:33.063Z
sensor.lixee_zlinky_tic_puissance_apparente,3200,2026-07-15T04:59:43.077Z
sensor.lixee_zlinky_tic_puissance_apparente,3150,2026-07-15T04:59:53.126Z
sensor.lixee_zlinky_tic_puissance_apparente,1250,2026-07-15T05:00:03.151Z
sensor.lixee_zlinky_tic_puissance_apparente,1270,2026-07-15T05:00:22.220Z
sensor.lixee_zlinky_tic_puissance_apparente,1260,2026-07-15T05:00:32.253Z
sensor.lixee_zlinky_tic_puissance_apparente,1250,2026-07-15T05:00:42.289Z
sensor.lixee_zlinky_tic_puissance_apparente,1330,2026-07-15T05:01:01.343Z
sensor.lixee_zlinky_tic_puissance_apparente,3320,2026-07-15T05:01:11.378Z
sensor.lixee_zlinky_tic_puissance_apparente,3270,2026-07-15T05:01:21.422Z
sensor.lixee_zlinky_tic_puissance_apparente,3190,2026-07-15T05:01:31.444Z
sensor.lixee_zlinky_tic_puissance_apparente,1370,2026-07-15T05:01:40.482Z
sensor.lixee_zlinky_tic_puissance_apparente,1360,2026-07-15T05:02:20.598Z
sensor.lixee_zlinky_tic_puissance_apparente,1370,2026-07-15T05:02:29.628Z
sensor.lixee_zlinky_tic_puissance_apparente,3330,2026-07-15T05:02:39.663Z
sensor.lixee_zlinky_tic_puissance_apparente,3300,2026-07-15T05:02:49.698Z
sensor.lixee_zlinky_tic_puissance_apparente,1510,2026-07-15T05:03:08.768Z
sensor.lixee_zlinky_tic_puissance_apparente,1620,2026-07-15T05:03:18.797Z
sensor.lixee_zlinky_tic_puissance_apparente,1680,2026-07-15T05:03:28.835Z
sensor.lixee_zlinky_tic_puissance_apparente,1690,2026-07-15T05:03:38.865Z
sensor.lixee_zlinky_tic_puissance_apparente,1670,2026-07-15T05:03:57.918Z
sensor.lixee_zlinky_tic_puissance_apparente,1590,2026-07-15T05:04:07.942Z
sensor.lixee_zlinky_tic_puissance_apparente,3430,2026-07-15T05:04:17.978Z
sensor.lixee_zlinky_tic_puissance_apparente,3350,2026-07-15T05:04:28.005Z
sensor.lixee_zlinky_tic_puissance_apparente,3320,2026-07-15T05:04:38.035Z
sensor.lixee_zlinky_tic_puissance_apparente,1470,2026-07-15T05:04:47.065Z
sensor.lixee_zlinky_tic_puissance_apparente,1460,2026-07-15T05:04:57.105Z
sensor.lixee_zlinky_tic_puissance_apparente,1450,2026-07-15T05:05:07.133Z
sensor.lixee_zlinky_tic_puissance_apparente,1460,2026-07-15T05:05:26.188Z
sensor.lixee_zlinky_tic_puissance_apparente,2750,2026-07-15T05:05:36.226Z
sensor.lixee_zlinky_tic_puissance_apparente,3750,2026-07-15T05:05:46.256Z
sensor.lixee_zlinky_tic_puissance_apparente,3910,2026-07-15T05:05:56.295Z
sensor.lixee_zlinky_tic_puissance_apparente,3470,2026-07-15T05:06:06.327Z
sensor.lixee_zlinky_tic_puissance_apparente,2770,2026-07-15T05:06:15.359Z
sensor.lixee_zlinky_tic_puissance_apparente,1590,2026-07-15T05:06:25.384Z
sensor.lixee_zlinky_tic_puissance_apparente,1730,2026-07-15T05:06:35.424Z
sensor.lixee_zlinky_tic_puissance_apparente,1900,2026-07-15T05:06:45.453Z
sensor.lixee_zlinky_tic_puissance_apparente,2060,2026-07-15T05:06:54.477Z
sensor.lixee_zlinky_tic_puissance_apparente,1990,2026-07-15T05:07:04.504Z
sensor.lixee_zlinky_tic_puissance_apparente,1900,2026-07-15T05:07:14.563Z
sensor.lixee_zlinky_tic_puissance_apparente,3780,2026-07-15T05:07:24.576Z
sensor.lixee_zlinky_tic_puissance_apparente,3690,2026-07-15T05:07:34.610Z
sensor.lixee_zlinky_tic_puissance_apparente,3600,2026-07-15T05:07:43.645Z
sensor.lixee_zlinky_tic_puissance_apparente,1730,2026-07-15T05:07:53.666Z
sensor.lixee_zlinky_tic_puissance_apparente,1680,2026-07-15T05:08:03.710Z
sensor.lixee_zlinky_tic_puissance_apparente,1670,2026-07-15T05:08:13.744Z
sensor.lixee_zlinky_tic_puissance_apparente,1740,2026-07-15T05:08:22.767Z
sensor.lixee_zlinky_tic_puissance_apparente,1820,2026-07-15T05:08:32.799Z
sensor.lixee_zlinky_tic_puissance_apparente,2060,2026-07-15T05:08:42.839Z
sensor.lixee_zlinky_tic_puissance_apparente,5020,2026-07-15T05:08:52.868Z
sensor.lixee_zlinky_tic_puissance_apparente,5010,2026-07-15T05:09:02.898Z
sensor.lixee_zlinky_tic_puissance_apparente,4950,2026-07-15T05:09:11.928Z
sensor.lixee_zlinky_tic_puissance_apparente,3170,2026-07-15T05:09:21.969Z
sensor.lixee_zlinky_tic_puissance_apparente,1840,2026-07-15T05:09:31.994Z
sensor.lixee_zlinky_tic_puissance_apparente,1770,2026-07-15T05:09:42.036Z
sensor.lixee_zlinky_tic_puissance_apparente,1720,2026-07-15T05:09:51.057Z
sensor.lixee_zlinky_tic_puissance_apparente,1710,2026-07-15T05:10:01.086Z
sensor.lixee_zlinky_tic_puissance_apparente,1700,2026-07-15T05:10:11.127Z
sensor.lixee_zlinky_tic_puissance_apparente,1610,2026-07-15T05:10:21.165Z
sensor.lixee_zlinky_tic_puissance_apparente,3530,2026-07-15T05:10:31.204Z
sensor.lixee_zlinky_tic_puissance_apparente,3480,2026-07-15T05:10:40.221Z
sensor.lixee_zlinky_tic_puissance_apparente,3440,2026-07-15T05:10:50.248Z
sensor.lixee_zlinky_tic_puissance_apparente,1630,2026-07-15T05:11:00.295Z
sensor.lixee_zlinky_tic_puissance_apparente,1530,2026-07-15T05:11:10.322Z
sensor.lixee_zlinky_tic_puissance_apparente,1500,2026-07-15T05:11:20.354Z
sensor.lixee_zlinky_tic_puissance_apparente,3440,2026-07-15T05:11:59.485Z
sensor.lixee_zlinky_tic_puissance_apparente,3380,2026-07-15T05:12:08.516Z
sensor.lixee_zlinky_tic_puissance_apparente,3330,2026-07-15T05:12:18.550Z
sensor.lixee_zlinky_tic_puissance_apparente,1400,2026-07-15T05:12:28.585Z
sensor.lixee_zlinky_tic_puissance_apparente,1370,2026-07-15T05:12:38.628Z
sensor.lixee_zlinky_tic_puissance_apparente,1350,2026-07-15T05:12:48.656Z
sensor.lixee_zlinky_tic_puissance_apparente,1330,2026-07-15T05:12:57.685Z
sensor.lixee_zlinky_tic_puissance_apparente,1310,2026-07-15T05:13:07.714Z
sensor.lixee_zlinky_tic_puissance_apparente,1350,2026-07-15T05:13:27.793Z
sensor.lixee_zlinky_tic_puissance_apparente,3360,2026-07-15T05:13:36.824Z
sensor.lixee_zlinky_tic_puissance_apparente,3310,2026-07-15T05:13:46.846Z
sensor.lixee_zlinky_tic_puissance_apparente,3300,2026-07-15T05:13:56.886Z
sensor.lixee_zlinky_tic_puissance_apparente,1440,2026-07-15T05:14:06.926Z
sensor.lixee_zlinky_tic_puissance_apparente,1430,2026-07-15T05:14:36.016Z
sensor.lixee_zlinky_tic_puissance_apparente,3390,2026-07-15T05:15:03.112Z
sensor.lixee_zlinky_tic_puissance_apparente,3360,2026-07-15T05:15:13.159Z
sensor.lixee_zlinky_tic_puissance_apparente,3330,2026-07-15T05:15:23.187Z
sensor.lixee_zlinky_tic_puissance_apparente,3310,2026-07-15T05:15:32.211Z
sensor.lixee_zlinky_tic_puissance_apparente,1470,2026-07-15T05:15:42.250Z
sensor.lixee_zlinky_tic_puissance_apparente,1550,2026-07-15T05:15:52.289Z
sensor.lixee_zlinky_tic_puissance_apparente,1650,2026-07-15T05:16:02.322Z
sensor.lixee_zlinky_tic_puissance_apparente,1740,2026-07-15T05:16:12.358Z
sensor.lixee_zlinky_tic_puissance_apparente,1760,2026-07-15T05:16:21.378Z
sensor.lixee_zlinky_tic_puissance_apparente,3670,2026-07-15T05:16:41.446Z
sensor.lixee_zlinky_tic_puissance_apparente,3570,2026-07-15T05:16:51.475Z
sensor.lixee_zlinky_tic_puissance_apparente,3460,2026-07-15T05:17:00.504Z
sensor.lixee_zlinky_tic_puissance_apparente,1540,2026-07-15T05:17:10.545Z
sensor.lixee_zlinky_tic_puissance_apparente,1530,2026-07-15T05:17:20.576Z
sensor.lixee_zlinky_tic_puissance_apparente,1520,2026-07-15T05:17:30.606Z
sensor.lixee_zlinky_tic_puissance_apparente,1510,2026-07-15T05:17:40.641Z
sensor.lixee_zlinky_tic_puissance_apparente,3440,2026-07-15T05:18:19.760Z
sensor.lixee_zlinky_tic_puissance_apparente,3320,2026-07-15T05:18:29.786Z
sensor.lixee_zlinky_tic_puissance_apparente,3260,2026-07-15T05:18:38.810Z
sensor.lixee_zlinky_tic_puissance_apparente,1410,2026-07-15T05:18:48.845Z
sensor.lixee_zlinky_tic_puissance_apparente,1400,2026-07-15T05:19:27.974Z
sensor.lixee_zlinky_tic_puissance_apparente,1410,2026-07-15T05:19:48.047Z
sensor.lixee_zlinky_tic_puissance_apparente,3340,2026-07-15T05:19:58.119Z
sensor.lixee_zlinky_tic_puissance_apparente,3290,2026-07-15T05:20:07.100Z
sensor.lixee_zlinky_tic_puissance_apparente,1410,2026-07-15T05:20:17.120Z
sensor.lixee_zlinky_tic_puissance_apparente,1400,2026-07-15T05:20:27.171Z
sensor.lixee_zlinky_tic_puissance_apparente,1410,2026-07-15T05:20:56.266Z
sensor.lixee_zlinky_tic_puissance_apparente,1480,2026-07-15T05:21:06.303Z
sensor.lixee_zlinky_tic_puissance_apparente,1560,2026-07-15T05:21:16.338Z
sensor.lixee_zlinky_tic_puissance_apparente,3580,2026-07-15T05:21:26.377Z
sensor.lixee_zlinky_tic_puissance_apparente,3610,2026-07-15T05:21:35.396Z
sensor.lixee_zlinky_tic_puissance_apparente,3570,2026-07-15T05:21:45.425Z
sensor.lixee_zlinky_tic_puissance_apparente,1730,2026-07-15T05:21:55.468Z
sensor.lixee_zlinky_tic_puissance_apparente,1700,2026-07-15T05:22:05.504Z
sensor.lixee_zlinky_tic_puissance_apparente,1630,2026-07-15T05:22:14.537Z
sensor.lixee_zlinky_tic_puissance_apparente,1560,2026-07-15T05:22:24.557Z
sensor.lixee_zlinky_tic_puissance_apparente,1500,2026-07-15T05:22:34.617Z
sensor.lixee_zlinky_tic_puissance_apparente,1490,2026-07-15T05:22:44.635Z
sensor.lixee_zlinky_tic_puissance_apparente,1480,2026-07-15T05:22:54.665Z
sensor.lixee_zlinky_tic_puissance_apparente,3390,2026-07-15T05:23:03.708Z
sensor.lixee_zlinky_tic_puissance_apparente,3360,2026-07-15T05:23:13.715Z
sensor.lixee_zlinky_tic_puissance_apparente,3320,2026-07-15T05:23:23.761Z
sensor.lixee_zlinky_tic_puissance_apparente,1480,2026-07-15T05:23:33.786Z
sensor.lixee_zlinky_tic_puissance_apparente,1470,2026-07-15T05:23:42.818Z
sensor.lixee_zlinky_tic_puissance_apparente,1380,2026-07-15T05:23:52.851Z
sensor.lixee_zlinky_tic_puissance_apparente,2580,2026-07-15T05:24:02.892Z
sensor.lixee_zlinky_tic_puissance_apparente,1390,2026-07-15T05:24:12.931Z
sensor.lixee_zlinky_tic_puissance_apparente,2560,2026-07-15T05:24:22.953Z
sensor.lixee_zlinky_tic_puissance_apparente,3840,2026-07-15T05:24:31.990Z
sensor.lixee_zlinky_tic_puissance_apparente,3750,2026-07-15T05:24:42.015Z
sensor.lixee_zlinky_tic_puissance_apparente,3230,2026-07-15T05:24:52.048Z
sensor.lixee_zlinky_tic_puissance_apparente,1360,2026-07-15T05:25:02.077Z
sensor.lixee_zlinky_tic_puissance_apparente,1350,2026-07-15T05:25:21.143Z
sensor.lixee_zlinky_tic_puissance_apparente,2550,2026-07-15T05:25:31.179Z
sensor.lixee_zlinky_tic_puissance_apparente,1360,2026-07-15T05:25:41.206Z
sensor.lixee_zlinky_tic_puissance_apparente,3280,2026-07-15T05:26:10.307Z
sensor.lixee_zlinky_tic_puissance_apparente,3240,2026-07-15T05:26:20.349Z
sensor.lixee_zlinky_tic_puissance_apparente,2780,2026-07-15T05:26:30.377Z
sensor.lixee_zlinky_tic_puissance_apparente,1340,2026-07-15T05:26:40.412Z
sensor.lixee_zlinky_tic_puissance_apparente,1330,2026-07-15T05:26:49.437Z
sensor.lixee_zlinky_tic_puissance_apparente,1340,2026-07-15T05:27:09.500Z
sensor.lixee_zlinky_tic_puissance_apparente,1330,2026-07-15T05:27:28.560Z
sensor.lixee_zlinky_tic_puissance_apparente,3300,2026-07-15T05:27:38.602Z
sensor.lixee_zlinky_tic_puissance_apparente,3260,2026-07-15T05:27:48.624Z
sensor.lixee_zlinky_tic_puissance_apparente,3220,2026-07-15T05:27:58.670Z
sensor.lixee_zlinky_tic_puissance_apparente,1340,2026-07-15T05:28:08.700Z
sensor.lixee_zlinky_tic_puissance_apparente,1400,2026-07-15T05:28:17.746Z
sensor.lixee_zlinky_tic_puissance_apparente,1410,2026-07-15T05:28:27.759Z
sensor.lixee_zlinky_tic_puissance_apparente,1500,2026-07-15T05:28:37.800Z
sensor.lixee_zlinky_tic_puissance_apparente,1620,2026-07-15T05:28:47.820Z
sensor.lixee_zlinky_tic_puissance_apparente,1670,2026-07-15T05:28:56.843Z
sensor.lixee_zlinky_tic_puissance_apparente,3560,2026-07-15T05:29:16.914Z
sensor.lixee_zlinky_tic_puissance_apparente,3490,2026-07-15T05:29:26.944Z
sensor.lixee_zlinky_tic_puissance_apparente,3370,2026-07-15T05:29:36.987Z
sensor.lixee_zlinky_tic_puissance_apparente,1450,2026-07-15T05:29:46.016Z
sensor.lixee_zlinky_tic_puissance_apparente,1420,2026-07-15T05:29:56.034Z
sensor.lixee_zlinky_tic_puissance_apparente,1410,2026-07-15T05:30:06.082Z
sensor.lixee_zlinky_tic_puissance_apparente,1400,2026-07-15T05:30:16.114Z
sensor.lixee_zlinky_tic_puissance_apparente,1410,2026-07-15T05:30:25.140Z
sensor.lixee_zlinky_tic_puissance_apparente,1390,2026-07-15T05:30:35.177Z
sensor.lixee_zlinky_tic_puissance_apparente,3230,2026-07-15T05:30:45.213Z
sensor.lixee_zlinky_tic_puissance_apparente,3250,2026-07-15T05:30:55.250Z
sensor.lixee_zlinky_tic_puissance_apparente,3190,2026-07-15T05:31:05.285Z
sensor.lixee_zlinky_tic_puissance_apparente,1280,2026-07-15T05:31:14.316Z
sensor.lixee_zlinky_tic_puissance_apparente,1290,2026-07-15T05:31:24.338Z
sensor.lixee_zlinky_tic_puissance_apparente,1280,2026-07-15T05:32:13.498Z
sensor.lixee_zlinky_tic_puissance_apparente,1270,2026-07-15T05:32:23.541Z
sensor.lixee_zlinky_tic_puissance_apparente,1280,2026-07-15T05:33:02.649Z
sensor.lixee_zlinky_tic_puissance_apparente,1270,2026-07-15T05:33:12.684Z
sensor.lixee_zlinky_tic_puissance_apparente,1290,2026-07-15T05:33:31.747Z
sensor.lixee_zlinky_tic_puissance_apparente,1310,2026-07-15T05:33:41.778Z
sensor.lixee_zlinky_tic_puissance_apparente,1390,2026-07-15T05:33:51.841Z
sensor.lixee_zlinky_tic_puissance_apparente,1480,2026-07-15T05:34:01.865Z
sensor.lixee_zlinky_tic_puissance_apparente,1590,2026-07-15T05:34:10.896Z
sensor.lixee_zlinky_tic_puissance_apparente,1620,2026-07-15T05:34:20.924Z
sensor.lixee_zlinky_tic_puissance_apparente,1610,2026-07-15T05:34:40.995Z
sensor.lixee_zlinky_tic_puissance_apparente,1560,2026-07-15T05:34:51.037Z
sensor.lixee_zlinky_tic_puissance_apparente,1480,2026-07-15T05:35:00.056Z
sensor.lixee_zlinky_tic_puissance_apparente,1400,2026-07-15T05:35:10.098Z
sensor.lixee_zlinky_tic_puissance_apparente,1390,2026-07-15T05:35:20.134Z
sensor.lixee_zlinky_tic_puissance_apparente,1380,2026-07-15T05:35:30.160Z
sensor.lixee_zlinky_tic_puissance_apparente,1370,2026-07-15T05:35:39.187Z
sensor.lixee_zlinky_tic_puissance_apparente,1360,2026-07-15T05:36:09.276Z
sensor.lixee_zlinky_tic_puissance_apparente,1370,2026-07-15T05:36:19.312Z
sensor.lixee_zlinky_tic_puissance_apparente,1320,2026-07-15T05:36:28.330Z
sensor.lixee_zlinky_tic_puissance_apparente,1270,2026-07-15T05:36:38.356Z
sensor.lixee_zlinky_tic_puissance_apparente,3220,2026-07-15T05:36:48.401Z
sensor.lixee_zlinky_tic_puissance_apparente,3190,2026-07-15T05:36:58.428Z
sensor.lixee_zlinky_tic_puissance_apparente,3140,2026-07-15T05:37:07.452Z
sensor.lixee_zlinky_tic_puissance_apparente,1270,2026-07-15T05:37:17.494Z
sensor.lixee_zlinky_tic_puissance_apparente,1260,2026-07-15T05:37:27.507Z
sensor.lixee_zlinky_tic_puissance_apparente,3180,2026-07-15T05:38:26.701Z
sensor.lixee_zlinky_tic_puissance_apparente,3140,2026-07-15T05:38:36.738Z
sensor.lixee_zlinky_tic_puissance_apparente,1260,2026-07-15T05:38:45.767Z
sensor.lixee_zlinky_tic_puissance_apparente,1320,2026-07-15T05:39:05.840Z
sensor.lixee_zlinky_tic_puissance_apparente,1410,2026-07-15T05:39:15.876Z
sensor.lixee_zlinky_tic_puissance_apparente,1530,2026-07-15T05:39:24.905Z
sensor.lixee_zlinky_tic_puissance_apparente,1590,2026-07-15T05:39:34.922Z
sensor.lixee_zlinky_tic_puissance_apparente,1610,2026-07-15T05:39:44.964Z
sensor.lixee_zlinky_tic_puissance_apparente,3490,2026-07-15T05:39:54.998Z
sensor.lixee_zlinky_tic_puissance_apparente,3450,2026-07-15T05:40:05.033Z
sensor.lixee_zlinky_tic_puissance_apparente,3320,2026-07-15T05:40:14.057Z
sensor.lixee_zlinky_tic_puissance_apparente,1430,2026-07-15T05:40:24.097Z
sensor.lixee_zlinky_tic_puissance_apparente,1380,2026-07-15T05:40:34.125Z
sensor.lixee_zlinky_tic_puissance_apparente,1370,2026-07-15T05:40:44.159Z
sensor.lixee_zlinky_tic_puissance_apparente,1350,2026-07-15T05:40:53.175Z
sensor.lixee_zlinky_tic_puissance_apparente,1360,2026-07-15T05:41:03.208Z
sensor.lixee_zlinky_tic_puissance_apparente,1350,2026-07-15T05:41:13.232Z
sensor.lixee_zlinky_tic_puissance_apparente,1340,2026-07-15T05:41:23.263Z
sensor.lixee_zlinky_tic_puissance_apparente,3230,2026-07-15T05:41:33.298Z
sensor.lixee_zlinky_tic_puissance_apparente,3200,2026-07-15T05:41:42.329Z
sensor.lixee_zlinky_tic_puissance_apparente,2020,2026-07-15T05:41:52.356Z
sensor.lixee_zlinky_tic_puissance_apparente,1240,2026-07-15T05:42:02.400Z
sensor.lixee_zlinky_tic_puissance_apparente,1950,2026-07-15T05:42:12.414Z
sensor.lixee_zlinky_tic_puissance_apparente,1380,2026-07-15T05:42:21.444Z
sensor.lixee_zlinky_tic_puissance_apparente,1370,2026-07-15T05:42:31.462Z
sensor.lixee_zlinky_tic_puissance_apparente,3260,2026-07-15T05:42:51.537Z
sensor.lixee_zlinky_tic_puissance_apparente,3220,2026-07-15T05:43:01.565Z
sensor.lixee_zlinky_tic_puissance_apparente,1370,2026-07-15T05:43:10.597Z
sensor.lixee_zlinky_tic_puissance_apparente,1360,2026-07-15T05:43:20.627Z
sensor.lixee_zlinky_tic_puissance_apparente,3310,2026-07-15T05:44:19.806Z
sensor.lixee_zlinky_tic_puissance_apparente,3350,2026-07-15T05:44:38.860Z
sensor.lixee_zlinky_tic_puissance_apparente,1650,2026-07-15T05:44:48.893Z
sensor.lixee_zlinky_tic_puissance_apparente,1680,2026-07-15T05:44:58.920Z
sensor.lixee_zlinky_tic_puissance_apparente,1690,2026-07-15T05:45:08.949Z
sensor.lixee_zlinky_tic_puissance_apparente,1660,2026-07-15T05:45:28.013Z
sensor.lixee_zlinky_tic_puissance_apparente,1580,2026-07-15T05:45:38.032Z
sensor.lixee_zlinky_tic_puissance_apparente,1510,2026-07-15T05:45:48.065Z
sensor.lixee_zlinky_tic_puissance_apparente,3360,2026-07-15T05:45:58.089Z
sensor.lixee_zlinky_tic_puissance_apparente,4410,2026-07-15T05:46:07.119Z
sensor.lixee_zlinky_tic_puissance_apparente,3310,2026-07-15T05:46:17.150Z
sensor.lixee_zlinky_tic_puissance_apparente,2650,2026-07-15T05:46:27.194Z
sensor.lixee_zlinky_tic_puissance_apparente,1640,2026-07-15T05:46:37.220Z
sensor.lixee_zlinky_tic_puissance_apparente,2750,2026-07-15T05:46:47.251Z
sensor.lixee_zlinky_tic_puissance_apparente,1480,2026-07-15T05:46:56.289Z
sensor.lixee_zlinky_tic_puissance_apparente,1460,2026-07-15T05:47:06.305Z
sensor.lixee_zlinky_tic_puissance_apparente,2590,2026-07-15T05:47:16.347Z
sensor.lixee_zlinky_tic_puissance_apparente,2540,2026-07-15T05:47:26.369Z
sensor.lixee_zlinky_tic_puissance_apparente,3320,2026-07-15T05:47:36.404Z
sensor.lixee_zlinky_tic_puissance_apparente,3390,2026-07-15T05:47:45.432Z
sensor.lixee_zlinky_tic_puissance_apparente,3510,2026-07-15T05:47:55.462Z
sensor.lixee_zlinky_tic_puissance_apparente,2520,2026-07-15T05:48:05.507Z
sensor.lixee_zlinky_tic_puissance_apparente,2500,2026-07-15T05:48:15.538Z
sensor.lixee_zlinky_tic_puissance_apparente,2480,2026-07-15T05:48:24.556Z
sensor.lixee_zlinky_tic_puissance_apparente,1340,2026-07-15T05:48:34.588Z
sensor.lixee_zlinky_tic_puissance_apparente,1320,2026-07-15T05:48:44.619Z
sensor.lixee_zlinky_tic_puissance_apparente,3210,2026-07-15T05:49:04.687Z
sensor.lixee_zlinky_tic_puissance_apparente,3180,2026-07-15T05:49:13.710Z
sensor.lixee_zlinky_tic_puissance_apparente,3650,2026-07-15T05:49:23.740Z
sensor.lixee_zlinky_tic_puissance_apparente,1330,2026-07-15T05:49:33.783Z
sensor.lixee_zlinky_tic_puissance_apparente,1320,2026-07-15T05:49:43.813Z
sensor.lixee_zlinky_tic_puissance_apparente,1280,2026-07-15T05:50:02.871Z
sensor.lixee_zlinky_tic_puissance_apparente,1270,2026-07-15T05:50:12.913Z
sensor.lixee_zlinky_tic_puissance_apparente,3130,2026-07-15T05:50:42.015Z
sensor.lixee_zlinky_tic_puissance_apparente,3110,2026-07-15T05:50:52.038Z
sensor.lixee_zlinky_tic_puissance_apparente,3120,2026-07-15T05:51:02.071Z
sensor.lixee_zlinky_tic_puissance_apparente,1420,2026-07-15T05:51:12.108Z
sensor.lixee_zlinky_tic_puissance_apparente,1470,2026-07-15T05:51:21.134Z
sensor.lixee_zlinky_tic_puissance_apparente,1490,2026-07-15T05:51:31.172Z
sensor.lixee_zlinky_tic_puissance_apparente,1500,2026-07-15T05:51:41.203Z
sensor.lixee_zlinky_tic_puissance_apparente,1490,2026-07-15T05:51:51.234Z
sensor.lixee_zlinky_tic_puissance_apparente,1440,2026-07-15T05:52:01.269Z
sensor.lixee_zlinky_tic_puissance_apparente,2880,2026-07-15T05:52:10.307Z
sensor.lixee_zlinky_tic_puissance_apparente,3230,2026-07-15T05:52:20.325Z
sensor.lixee_zlinky_tic_puissance_apparente,4230,2026-07-15T05:52:30.372Z
sensor.lixee_zlinky_tic_puissance_apparente,2070,2026-07-15T05:52:40.401Z
sensor.lixee_zlinky_tic_puissance_apparente,2400,2026-07-15T05:52:49.437Z
sensor.lixee_zlinky_tic_puissance_apparente,1290,2026-07-15T05:52:59.459Z
sensor.lixee_zlinky_tic_puissance_apparente,1270,2026-07-15T05:53:19.515Z
sensor.lixee_zlinky_tic_puissance_apparente,1790,2026-07-15T05:53:29.550Z
sensor.lixee_zlinky_tic_puissance_apparente,2410,2026-07-15T05:53:38.576Z
sensor.lixee_zlinky_tic_puissance_apparente,3420,2026-07-15T05:53:48.600Z
sensor.lixee_zlinky_tic_puissance_apparente,3100,2026-07-15T05:53:58.644Z
sensor.lixee_zlinky_tic_puissance_apparente,3090,2026-07-15T05:54:08.672Z
sensor.lixee_zlinky_tic_puissance_apparente,1210,2026-07-15T05:54:18.016Z
sensor.lixee_zlinky_tic_puissance_apparente,1180,2026-07-15T05:54:27.727Z
sensor.lixee_zlinky_tic_puissance_apparente,1270,2026-07-15T05:54:47.802Z
sensor.lixee_zlinky_tic_puissance_apparente,1260,2026-07-15T05:55:06.862Z
sensor.lixee_zlinky_tic_puissance_apparente,1270,2026-07-15T05:55:16.894Z
sensor.lixee_zlinky_tic_puissance_apparente,3200,2026-07-15T05:55:26.923Z
sensor.lixee_zlinky_tic_puissance_apparente,3170,2026-07-15T05:55:36.308Z
sensor.lixee_zlinky_tic_puissance_apparente,3130,2026-07-15T05:55:46.981Z
sensor.lixee_zlinky_tic_puissance_apparente,1260,2026-07-15T05:55:56.012Z
sensor.lixee_zlinky_tic_puissance_apparente,1280,2026-07-15T05:56:16.074Z
sensor.lixee_zlinky_tic_puissance_apparente,1360,2026-07-15T05:56:26.108Z
sensor.lixee_zlinky_tic_puissance_apparente,1460,2026-07-15T05:56:35.145Z
sensor.lixee_zlinky_tic_puissance_apparente,1570,2026-07-15T05:56:45.167Z
sensor.lixee_zlinky_tic_puissance_apparente,3480,2026-07-15T05:56:55.206Z
sensor.lixee_zlinky_tic_puissance_apparente,3460,2026-07-15T05:57:05.243Z
sensor.lixee_zlinky_tic_puissance_apparente,3410,2026-07-15T05:57:15.273Z
sensor.lixee_zlinky_tic_puissance_apparente,1520,2026-07-15T05:57:24.308Z
sensor.lixee_zlinky_tic_puissance_apparente,1450,2026-07-15T05:57:34.333Z
sensor.lixee_zlinky_tic_puissance_apparente,1370,2026-07-15T05:57:44.372Z
sensor.lixee_zlinky_tic_puissance_apparente,1350,2026-07-15T05:57:54.404Z
sensor.lixee_zlinky_tic_puissance_apparente,1340,2026-07-15T05:58:03.430Z
sensor.lixee_zlinky_tic_puissance_apparente,1330,2026-07-15T05:58:13.461Z
sensor.lixee_zlinky_tic_puissance_apparente,1340,2026-07-15T05:58:23.507Z
sensor.lixee_zlinky_tic_puissance_apparente,3210,2026-07-15T05:58:33.534Z
sensor.lixee_zlinky_tic_puissance_apparente,3180,2026-07-15T05:58:52.585Z
sensor.lixee_zlinky_tic_puissance_apparente,1300,2026-07-15T05:59:02.633Z
sensor.lixee_zlinky_tic_puissance_apparente,1250,2026-07-15T05:59:12.660Z
sensor.lixee_zlinky_tic_puissance_apparente,1260,2026-07-15T05:59:22.693Z
sensor.lixee_zlinky_tic_puissance_apparente,1250,2026-07-15T06:00:01.817Z
sensor.lixee_zlinky_tic_puissance_apparente,3760,2026-07-15T06:00:11.844Z
sensor.lixee_zlinky_tic_puissance_apparente,3320,2026-07-15T06:00:20.878Z
sensor.lixee_zlinky_tic_puissance_apparente,3270,2026-07-15T06:00:30.906Z
sensor.lixee_zlinky_tic_puissance_apparente,1380,2026-07-15T06:00:40.951Z
sensor.lixee_zlinky_tic_puissance_apparente,1390,2026-07-15T06:00:50.990Z
sensor.lixee_zlinky_tic_puissance_apparente,1380,2026-07-15T06:01:01.029Z
sensor.lixee_zlinky_tic_puissance_apparente,1390,2026-07-15T06:01:20.083Z
sensor.lixee_zlinky_tic_puissance_apparente,1380,2026-07-15T06:01:30.127Z
sensor.lixee_zlinky_tic_puissance_apparente,3390,2026-07-15T06:01:40.159Z
sensor.lixee_zlinky_tic_puissance_apparente,3430,2026-07-15T06:01:49.191Z
sensor.lixee_zlinky_tic_puissance_apparente,3490,2026-07-15T06:01:59.216Z
sensor.lixee_zlinky_tic_puissance_apparente,1690,2026-07-15T06:02:09.260Z
sensor.lixee_zlinky_tic_puissance_apparente,1710,2026-07-15T06:02:29.330Z
sensor.lixee_zlinky_tic_puissance_apparente,1700,2026-07-15T06:02:38.351Z
sensor.lixee_zlinky_tic_puissance_apparente,1620,2026-07-15T06:02:48.389Z
sensor.lixee_zlinky_tic_puissance_apparente,1540,2026-07-15T06:02:58.423Z
sensor.lixee_zlinky_tic_puissance_apparente,1490,2026-07-15T06:03:08.464Z
sensor.lixee_zlinky_tic_puissance_apparente,3420,2026-07-15T06:03:17.501Z
sensor.lixee_zlinky_tic_puissance_apparente,3380,2026-07-15T06:03:27.530Z
sensor.lixee_zlinky_tic_puissance_apparente,3320,2026-07-15T06:03:37.569Z
sensor.lixee_zlinky_tic_puissance_apparente,1470,2026-07-15T06:03:47.597Z
sensor.lixee_zlinky_tic_puissance_apparente,1460,2026-07-15T06:03:57.619Z
sensor.lixee_zlinky_tic_puissance_apparente,1370,2026-07-15T06:04:26.714Z
sensor.lixee_zlinky_tic_puissance_apparente,1380,2026-07-15T06:04:36.748Z
sensor.lixee_zlinky_tic_puissance_apparente,2530,2026-07-15T06:04:45.790Z
sensor.lixee_zlinky_tic_puissance_apparente,3300,2026-07-15T06:04:55.814Z
sensor.lixee_zlinky_tic_puissance_apparente,3250,2026-07-15T06:05:05.835Z
sensor.lixee_zlinky_tic_puissance_apparente,2220,2026-07-15T06:05:15.875Z
sensor.lixee_zlinky_tic_puissance_apparente,1380,2026-07-15T06:05:25.910Z
sensor.lixee_zlinky_tic_puissance_apparente,1410,2026-07-15T06:06:14.067Z
sensor.lixee_zlinky_tic_puissance_apparente,3360,2026-07-15T06:06:24.104Z
sensor.lixee_zlinky_tic_puissance_apparente,3320,2026-07-15T06:06:34.134Z
sensor.lixee_zlinky_tic_puissance_apparente,3280,2026-07-15T06:06:44.165Z
sensor.lixee_zlinky_tic_puissance_apparente,1450,2026-07-15T06:06:54.201Z
sensor.lixee_zlinky_tic_puissance_apparente,1540,2026-07-15T06:07:03.225Z
sensor.lixee_zlinky_tic_puissance_apparente,1560,2026-07-15T06:07:13.261Z
sensor.lixee_zlinky_tic_puissance_apparente,1680,2026-07-15T06:07:23.298Z
sensor.lixee_zlinky_tic_puissance_apparente,1710,2026-07-15T06:07:33.330Z
sensor.lixee_zlinky_tic_puissance_apparente,1730,2026-07-15T06:07:43.361Z
sensor.lixee_zlinky_tic_puissance_apparente,3580,2026-07-15T06:08:02.428Z
sensor.lixee_zlinky_tic_puissance_apparente,3480,2026-07-15T06:08:12.458Z
sensor.lixee_zlinky_tic_puissance_apparente,1530,2026-07-15T06:08:22.498Z
sensor.lixee_zlinky_tic_puissance_apparente,1500,2026-07-15T06:08:31.526Z
sensor.lixee_zlinky_tic_puissance_apparente,1490,2026-07-15T06:08:41.557Z
sensor.lixee_zlinky_tic_puissance_apparente,1480,2026-07-15T06:09:01.625Z
sensor.lixee_zlinky_tic_puissance_apparente,1490,2026-07-15T06:09:20.685Z
sensor.lixee_zlinky_tic_puissance_apparente,3420,2026-07-15T06:09:30.723Z
sensor.lixee_zlinky_tic_puissance_apparente,3400,2026-07-15T06:09:40.765Z
sensor.lixee_zlinky_tic_puissance_apparente,3270,2026-07-15T06:09:50.801Z
sensor.lixee_zlinky_tic_puissance_apparente,2520,2026-07-15T06:09:59.839Z
sensor.lixee_zlinky_tic_puissance_apparente,2960,2026-07-15T06:10:09.847Z
sensor.lixee_zlinky_tic_puissance_apparente,2950,2026-07-15T06:10:29.922Z
sensor.lixee_zlinky_tic_puissance_apparente,1400,2026-07-15T06:10:39.956Z
sensor.lixee_zlinky_tic_puissance_apparente,3310,2026-07-15T06:11:09.067Z
sensor.lixee_zlinky_tic_puissance_apparente,3270,2026-07-15T06:11:19.101Z
sensor.lixee_zlinky_tic_puissance_apparente,3230,2026-07-15T06:11:28.127Z
sensor.lixee_zlinky_tic_puissance_apparente,1390,2026-07-15T06:11:38.153Z
sensor.lixee_zlinky_tic_puissance_apparente,1420,2026-07-15T06:12:17.277Z
sensor.lixee_zlinky_tic_puissance_apparente,1500,2026-07-15T06:12:27.321Z
sensor.lixee_zlinky_tic_puissance_apparente,3140,2026-07-15T06:12:37.350Z
sensor.lixee_zlinky_tic_puissance_apparente,3530,2026-07-15T06:12:47.394Z
sensor.lixee_zlinky_tic_puissance_apparente,1790,2026-07-15T06:13:06.453Z
sensor.lixee_zlinky_tic_puissance_apparente,1680,2026-07-15T06:13:16.485Z
sensor.lixee_zlinky_tic_puissance_apparente,1610,2026-07-15T06:13:26.520Z
sensor.lixee_zlinky_tic_puissance_apparente,1550,2026-07-15T06:13:36.557Z
sensor.lixee_zlinky_tic_puissance_apparente,1480,2026-07-15T06:13:45.576Z
sensor.lixee_zlinky_tic_puissance_apparente,1470,2026-07-15T06:14:05.655Z
sensor.lixee_zlinky_tic_puissance_apparente,3370,2026-07-15T06:14:15.683Z
sensor.lixee_zlinky_tic_puissance_apparente,3350,2026-07-15T06:14:24.712Z
sensor.lixee_zlinky_tic_puissance_apparente,3310,2026-07-15T06:14:34.745Z
sensor.lixee_zlinky_tic_puissance_apparente,1470,2026-07-15T06:14:44.780Z
sensor.lixee_zlinky_tic_puissance_apparente,1480,2026-07-15T06:14:54.813Z
sensor.lixee_zlinky_tic_puissance_apparente,1470,2026-07-15T06:15:04.838Z
sensor.lixee_zlinky_tic_puissance_apparente,1400,2026-07-15T06:15:13.860Z
sensor.lixee_zlinky_tic_puissance_apparente,1390,2026-07-15T06:15:33.948Z
sensor.lixee_zlinky_tic_puissance_apparente,3240,2026-07-15T06:15:54.012Z
sensor.lixee_zlinky_tic_puissance_apparente,3210,2026-07-15T06:16:03.045Z
sensor.lixee_zlinky_tic_puissance_apparente,3200,2026-07-15T06:16:13.082Z
sensor.lixee_zlinky_tic_puissance_apparente,1390,2026-07-15T06:16:23.117Z
sensor.lixee_zlinky_tic_puissance_apparente,1380,2026-07-15T06:16:42.181Z
sensor.lixee_zlinky_tic_puissance_apparente,2290,2026-07-15T06:16:52.210Z
sensor.lixee_zlinky_tic_puissance_apparente,1470,2026-07-15T06:17:12.283Z
sensor.lixee_zlinky_tic_puissance_apparente,3200,2026-07-15T06:17:22.317Z
sensor.lixee_zlinky_tic_puissance_apparente,3240,2026-07-15T06:17:31.345Z
sensor.lixee_zlinky_tic_puissance_apparente,3250,2026-07-15T06:17:41.383Z
sensor.lixee_zlinky_tic_puissance_apparente,3310,2026-07-15T06:17:51.415Z
sensor.lixee_zlinky_tic_puissance_apparente,1600,2026-07-15T06:18:01.451Z
sensor.lixee_zlinky_tic_puissance_apparente,1650,2026-07-15T06:18:10.474Z
sensor.lixee_zlinky_tic_puissance_apparente,1660,2026-07-15T06:18:20.504Z
sensor.lixee_zlinky_tic_puissance_apparente,2670,2026-07-15T06:18:30.569Z
sensor.lixee_zlinky_tic_puissance_apparente,2310,2026-07-15T06:18:40.572Z
sensor.lixee_zlinky_tic_puissance_apparente,1630,2026-07-15T06:18:50.595Z
sensor.lixee_zlinky_tic_puissance_apparente,1490,2026-07-15T06:18:59.614Z
sensor.lixee_zlinky_tic_puissance_apparente,3340,2026-07-15T06:19:09.654Z
sensor.lixee_zlinky_tic_puissance_apparente,3300,2026-07-15T06:19:19.690Z
sensor.lixee_zlinky_tic_puissance_apparente,3270,2026-07-15T06:19:29.717Z
sensor.lixee_zlinky_tic_puissance_apparente,1450,2026-07-15T06:19:38.759Z
sensor.lixee_zlinky_tic_puissance_apparente,1460,2026-07-15T06:20:08.860Z
sensor.lixee_zlinky_tic_puissance_apparente,3320,2026-07-15T06:20:47.964Z
sensor.lixee_zlinky_tic_puissance_apparente,3290,2026-07-15T06:20:57.996Z
sensor.lixee_zlinky_tic_puissance_apparente,3250,2026-07-15T06:21:07.022Z
sensor.lixee_zlinky_tic_puissance_apparente,1460,2026-07-15T06:21:17.055Z
sensor.lixee_zlinky_tic_puissance_apparente,1940,2026-07-15T06:21:27.081Z
sensor.lixee_zlinky_tic_puissance_apparente,1460,2026-07-15T06:21:37.128Z
sensor.lixee_zlinky_tic_puissance_apparente,1450,2026-07-15T06:21:47.162Z
sensor.lixee_zlinky_tic_puissance_apparente,3330,2026-07-15T06:22:16.252Z
sensor.lixee_zlinky_tic_puissance_apparente,3310,2026-07-15T06:22:26.287Z
sensor.lixee_zlinky_tic_puissance_apparente,3280,2026-07-15T06:22:36.325Z
sensor.lixee_zlinky_tic_puissance_apparente,1450,2026-07-15T06:22:45.352Z
sensor.lixee_zlinky_tic_puissance_apparente,1480,2026-07-15T06:23:05.428Z
sensor.lixee_zlinky_tic_puissance_apparente,1570,2026-07-15T06:23:34.517Z
sensor.lixee_zlinky_tic_puissance_apparente,1560,2026-07-15T06:23:44.549Z
sensor.lixee_zlinky_tic_puissance_apparente,3450,2026-07-15T06:23:54.590Z
sensor.lixee_zlinky_tic_puissance_apparente,3410,2026-07-15T06:24:04.620Z
sensor.lixee_zlinky_tic_puissance_apparente,3370,2026-07-15T06:24:13.643Z
sensor.lixee_zlinky_tic_puissance_apparente,1540,2026-07-15T06:24:23.684Z
sensor.lixee_zlinky_tic_puissance_apparente,3520,2026-07-15T06:25:22.866Z
sensor.lixee_zlinky_tic_puissance_apparente,3390,2026-07-15T06:25:32.891Z
sensor.lixee_zlinky_tic_puissance_apparente,3360,2026-07-15T06:25:41.916Z
sensor.lixee_zlinky_tic_puissance_apparente,1560,2026-07-15T06:25:51.956Z
sensor.lixee_zlinky_tic_puissance_apparente,1550,2026-07-15T06:26:21.057Z
sensor.lixee_zlinky_tic_puissance_apparente,1560,2026-07-15T06:26:31.089Z
sensor.lixee_zlinky_tic_puissance_apparente,3910,2026-07-15T06:27:01.188Z
sensor.lixee_zlinky_tic_puissance_apparente,3400,2026-07-15T06:27:10.213Z
sensor.lixee_zlinky_tic_puissance_apparente,3380,2026-07-15T06:27:20.250Z
sensor.lixee_zlinky_tic_puissance_apparente,1570,2026-07-15T06:27:30.283Z
sensor.lixee_zlinky_tic_puissance_apparente,1560,2026-07-15T06:27:49.338Z
sensor.lixee_zlinky_tic_puissance_apparente,1570,2026-07-15T06:27:59.365Z
sensor.lixee_zlinky_tic_puissance_apparente,2760,2026-07-15T06:28:29.457Z
sensor.lixee_zlinky_tic_puissance_apparente,3400,2026-07-15T06:28:38.496Z
sensor.lixee_zlinky_tic_puissance_apparente,3370,2026-07-15T06:28:48.513Z
sensor.lixee_zlinky_tic_puissance_apparente,2740,2026-07-15T06:28:58.562Z
sensor.lixee_zlinky_tic_puissance_apparente,1550,2026-07-15T06:29:08.590Z
sensor.lixee_zlinky_tic_puissance_apparente,1560,2026-07-15T06:29:18.618Z
sensor.lixee_zlinky_tic_puissance_apparente,1580,2026-07-15T06:29:37.675Z
sensor.lixee_zlinky_tic_puissance_apparente,1570,2026-07-15T06:29:47.712Z
sensor.lixee_zlinky_tic_puissance_apparente,1590,2026-07-15T06:29:57.727Z
sensor.lixee_zlinky_tic_puissance_apparente,3420,2026-07-15T06:30:06.757Z
sensor.lixee_zlinky_tic_puissance_apparente,3390,2026-07-15T06:30:16.780Z
sensor.lixee_zlinky_tic_puissance_apparente,3340,2026-07-15T06:30:26.819Z
sensor.lixee_zlinky_tic_puissance_apparente,1550,2026-07-15T06:30:36.840Z
sensor.lixee_zlinky_tic_puissance_apparente,1520,2026-07-15T06:30:46.870Z
sensor.lixee_zlinky_tic_puissance_apparente,3330,2026-07-15T06:31:45.058Z
sensor.lixee_zlinky_tic_puissance_apparente,3290,2026-07-15T06:31:55.090Z
sensor.lixee_zlinky_tic_puissance_apparente,3270,2026-07-15T06:32:05.126Z
sensor.lixee_zlinky_tic_puissance_apparente,1520,2026-07-15T06:32:15.150Z
sensor.lixee_zlinky_tic_puissance_apparente,830,2026-07-15T06:32:24.167Z
sensor.lixee_zlinky_tic_puissance_apparente,820,2026-07-15T06:32:44.234Z
sensor.lixee_zlinky_tic_puissance_apparente,770,2026-07-15T06:32:54.268Z
sensor.lixee_zlinky_tic_puissance_apparente,3240,2026-07-15T06:33:04.294Z
sensor.lixee_zlinky_tic_puissance_apparente,3200,2026-07-15T06:33:13.315Z
sensor.lixee_zlinky_tic_puissance_apparente,3150,2026-07-15T06:33:23.341Z
sensor.lixee_zlinky_tic_puissance_apparente,760,2026-07-15T06:33:33.383Z
sensor.lixee_zlinky_tic_puissance_apparente,770,2026-07-15T06:33:43.413Z
sensor.lixee_zlinky_tic_puissance_apparente,760,2026-07-15T06:33:52.444Z
sensor.lixee_zlinky_tic_puissance_apparente,3200,2026-07-15T06:34:22.537Z
sensor.lixee_zlinky_tic_puissance_apparente,3220,2026-07-15T06:34:32.554Z
sensor.lixee_zlinky_tic_puissance_apparente,3190,2026-07-15T06:34:41.579Z
sensor.lixee_zlinky_tic_puissance_apparente,3010,2026-07-15T06:34:51.620Z
sensor.lixee_zlinky_tic_puissance_apparente,760,2026-07-15T06:35:01.644Z
sensor.lixee_zlinky_tic_puissance_apparente,770,2026-07-15T06:35:20.701Z
sensor.lixee_zlinky_tic_puissance_apparente,780,2026-07-15T06:35:30.731Z
sensor.lixee_zlinky_tic_puissance_apparente,770,2026-07-15T06:35:40.773Z
sensor.lixee_zlinky_tic_puissance_apparente,780,2026-07-15T06:36:29.937Z
sensor.lixee_zlinky_tic_puissance_apparente,770,2026-07-15T06:36:39.969Z
sensor.lixee_zlinky_tic_puissance_apparente,250,2026-07-15T06:36:59.022Z
sensor.lixee_zlinky_tic_puissance_apparente,260,2026-07-15T06:37:09.053Z
sensor.lixee_zlinky_tic_puissance_apparente,270,2026-07-15T06:37:38.150Z
sensor.lixee_zlinky_tic_puissance_apparente,280,2026-07-15T06:38:47.379Z
sensor.lixee_zlinky_tic_puissance_apparente,3250,2026-07-15T06:38:57.408Z
sensor.lixee_zlinky_tic_puissance_apparente,3210,2026-07-15T06:39:06.428Z
sensor.lixee_zlinky_tic_puissance_apparente,1520,2026-07-15T06:39:16.465Z
sensor.lixee_zlinky_tic_puissance_apparente,290,2026-07-15T06:39:26.496Z
sensor.lixee_zlinky_tic_puissance_apparente,300,2026-07-15T06:40:05.610Z
sensor.lixee_zlinky_tic_puissance_apparente,520,2026-07-15T06:40:15.651Z
sensor.lixee_zlinky_tic_puissance_apparente,1770,2026-07-15T06:40:25.680Z
sensor.lixee_zlinky_tic_puissance_apparente,1400,2026-07-15T06:40:34.719Z
sensor.lixee_zlinky_tic_puissance_apparente,300,2026-07-15T06:40:44.744Z
sensor.lixee_zlinky_tic_puissance_apparente,290,2026-07-15T06:41:04.819Z
sensor.lixee_zlinky_tic_puissance_apparente,300,2026-07-15T06:41:14.857Z
sensor.lixee_zlinky_tic_puissance_apparente,350,2026-07-15T06:41:43.951Z
sensor.lixee_zlinky_tic_puissance_apparente,340,2026-07-15T06:42:03.013Z
sensor.lixee_zlinky_tic_puissance_apparente,0,2026-07-15T06:42:13.050Z
sensor.lixee_zlinky_tic_puissance_apparente,340,2026-07-15T06:42:23.089Z
sensor.lixee_zlinky_tic_puissance_apparente,0,2026-07-15T06:42:33.128Z
sensor.lixee_zlinky_tic_puissance_apparente,1110,2026-07-15T06:44:01.405Z
sensor.lixee_zlinky_tic_puissance_apparente,440,2026-07-15T06:44:11.437Z
sensor.lixee_zlinky_tic_puissance_apparente,0,2026-07-15T06:44:20.468Z
sensor.lixee_zlinky_tic_puissance_apparente,1180,2026-07-15T06:44:50.561Z
sensor.lixee_zlinky_tic_puissance_apparente,0,2026-07-15T06:45:00.588Z
sensor.lixee_zlinky_tic_puissance_apparente,440,2026-07-15T06:45:09.615Z
sensor.lixee_zlinky_tic_puissance_apparente,0,2026-07-15T06:45:19.644Z
sensor.lixee_zlinky_tic_puissance_apparente,700,2026-07-15T06:49:25.389Z
sensor.lixee_zlinky_tic_puissance_apparente,0,2026-07-15T06:49:34.411Z
sensor.lixee_zlinky_tic_puissance_apparente,590,2026-07-15T06:51:32.794Z
sensor.lixee_zlinky_tic_puissance_apparente,0,2026-07-15T06:51:42.825Z
sensor.lixee_zlinky_tic_puissance_apparente,840,2026-07-15T07:03:19.010Z
sensor.lixee_zlinky_tic_puissance_apparente,930,2026-07-15T07:03:29.057Z
sensor.lixee_zlinky_tic_puissance_apparente,900,2026-07-15T07:03:39.092Z
sensor.lixee_zlinky_tic_puissance_apparente,950,2026-07-15T07:03:58.141Z
sensor.lixee_zlinky_tic_puissance_apparente,940,2026-07-15T07:04:18.208Z
sensor.lixee_zlinky_tic_puissance_apparente,1370,2026-07-15T07:04:28.238Z
sensor.lixee_zlinky_tic_puissance_apparente,1030,2026-07-15T07:04:37.276Z
sensor.lixee_zlinky_tic_puissance_apparente,1040,2026-07-15T07:04:47.287Z
sensor.lixee_zlinky_tic_puissance_apparente,1050,2026-07-15T07:05:16.387Z
sensor.lixee_zlinky_tic_puissance_apparente,1040,2026-07-15T07:05:36.460Z
sensor.lixee_zlinky_tic_puissance_apparente,1060,2026-07-15T07:05:46.491Z
sensor.lixee_zlinky_tic_puissance_apparente,1130,2026-07-15T07:05:56.529Z
sensor.lixee_zlinky_tic_puissance_apparente,1120,2026-07-15T07:06:25.624Z
sensor.lixee_zlinky_tic_puissance_apparente,1130,2026-07-15T07:06:35.649Z
sensor.lixee_zlinky_tic_puissance_apparente,1140,2026-07-15T07:06:45.691Z
sensor.lixee_zlinky_tic_puissance_apparente,1150,2026-07-15T07:07:04.763Z
sensor.lixee_zlinky_tic_puissance_apparente,1140,2026-07-15T07:07:14.796Z
sensor.lixee_zlinky_tic_puissance_apparente,1150,2026-07-15T07:08:03.955Z
sensor.lixee_zlinky_tic_puissance_apparente,1140,2026-07-15T07:08:13.989Z
sensor.lixee_zlinky_tic_puissance_apparente,1130,2026-07-15T07:09:02.154Z
sensor.lixee_zlinky_tic_puissance_apparente,1140,2026-07-15T07:09:12.190Z
sensor.lixee_zlinky_tic_puissance_apparente,1130,2026-07-15T07:10:11.387Z
sensor.lixee_zlinky_tic_puissance_apparente,1150,2026-07-15T07:10:21.415Z
sensor.lixee_zlinky_tic_puissance_apparente,1160,2026-07-15T07:10:40.469Z
sensor.lixee_zlinky_tic_puissance_apparente,1150,2026-07-15T07:10:50.513Z
sensor.lixee_zlinky_tic_puissance_apparente,1140,2026-07-15T07:11:19.607Z
sensor.lixee_zlinky_tic_puissance_apparente,1130,2026-07-15T07:11:29.635Z
sensor.lixee_zlinky_tic_puissance_apparente,1080,2026-07-15T07:11:49.715Z
sensor.lixee_zlinky_tic_puissance_apparente,1090,2026-07-15T07:11:58.744Z
sensor.lixee_zlinky_tic_puissance_apparente,1080,2026-07-15T07:12:08.772Z
sensor.lixee_zlinky_tic_puissance_apparente,1070,2026-07-15T07:12:38.872Z
sensor.lixee_zlinky_tic_puissance_apparente,1080,2026-07-15T07:12:47.902Z
sensor.lixee_zlinky_tic_puissance_apparente,1060,2026-07-15T07:13:07.973Z
sensor.lixee_zlinky_tic_puissance_apparente,1040,2026-07-15T07:13:27.028Z
sensor.lixee_zlinky_tic_puissance_apparente,1080,2026-07-15T07:13:37.058Z
sensor.lixee_zlinky_tic_puissance_apparente,1040,2026-07-15T07:13:47.093Z
sensor.lixee_zlinky_tic_puissance_apparente,1020,2026-07-15T07:13:57.133Z
sensor.lixee_zlinky_tic_puissance_apparente,4000,2026-07-15T07:14:07.165Z
sensor.lixee_zlinky_tic_puissance_apparente,3990,2026-07-15T07:14:16.181Z
sensor.lixee_zlinky_tic_puissance_apparente,1020,2026-07-15T07:14:26.199Z
sensor.lixee_zlinky_tic_puissance_apparente,1010,2026-07-15T07:14:56.298Z
sensor.lixee_zlinky_tic_puissance_apparente,1020,2026-07-15T07:15:05.321Z
sensor.lixee_zlinky_tic_puissance_apparente,1000,2026-07-15T07:15:15.362Z
sensor.lixee_zlinky_tic_puissance_apparente,990,2026-07-15T07:15:25.392Z
sensor.lixee_zlinky_tic_puissance_apparente,950,2026-07-15T07:15:44.441Z
sensor.lixee_zlinky_tic_puissance_apparente,960,2026-07-15T07:15:54.474Z
sensor.lixee_zlinky_tic_puissance_apparente,940,2026-07-15T07:16:04.512Z
sensor.lixee_zlinky_tic_puissance_apparente,930,2026-07-15T07:16:53.676Z
sensor.lixee_zlinky_tic_puissance_apparente,310,2026-07-15T07:17:13.746Z
sensor.lixee_zlinky_tic_puissance_apparente,320,2026-07-15T07:17:32.805Z
sensor.lixee_zlinky_tic_puissance_apparente,930,2026-07-15T07:18:01.900Z
sensor.lixee_zlinky_tic_puissance_apparente,0,2026-07-15T07:18:21.973Z
sensor.lixee_zlinky_tic_puissance_apparente,3520,2026-07-15T07:22:27.742Z
sensor.lixee_zlinky_tic_puissance_apparente,3190,2026-07-15T07:22:36.765Z
sensor.lixee_zlinky_tic_puissance_apparente,0,2026-07-15T07:22:46.802Z
sensor.lixee_zlinky_tic_puissance_apparente,3180,2026-07-15T07:25:14.262Z
sensor.lixee_zlinky_tic_puissance_apparente,3190,2026-07-15T07:25:24.298Z
sensor.lixee_zlinky_tic_puissance_apparente,0,2026-07-15T07:25:33.329Z
sensor.lixee_zlinky_tic_puissance_apparente,3220,2026-07-15T07:27:11.619Z
sensor.lixee_zlinky_tic_puissance_apparente,0,2026-07-15T07:27:31.691Z
sensor.lixee_zlinky_tic_puissance_apparente,4080,2026-07-15T07:29:58.168Z
sensor.lixee_zlinky_tic_puissance_apparente,2420,2026-07-15T07:30:08.184Z
sensor.lixee_zlinky_tic_puissance_apparente,4150,2026-07-15T07:30:18.228Z
sensor.lixee_zlinky_tic_puissance_apparente,4800,2026-07-15T07:30:28.262Z
sensor.lixee_zlinky_tic_puissance_apparente,3470,2026-07-15T07:30:38.289Z
sensor.lixee_zlinky_tic_puissance_apparente,3370,2026-07-15T07:30:47.313Z
sensor.lixee_zlinky_tic_puissance_apparente,3360,2026-07-15T07:30:57.347Z
sensor.lixee_zlinky_tic_puissance_apparente,3350,2026-07-15T07:31:07.387Z
sensor.lixee_zlinky_tic_puissance_apparente,3330,2026-07-15T07:31:26.438Z
sensor.lixee_zlinky_tic_puissance_apparente,3260,2026-07-15T07:31:36.467Z
sensor.lixee_zlinky_tic_puissance_apparente,3180,2026-07-15T07:31:46.497Z
sensor.lixee_zlinky_tic_puissance_apparente,3120,2026-07-15T07:31:56.538Z
sensor.lixee_zlinky_tic_puissance_apparente,3040,2026-07-15T07:32:06.571Z
sensor.lixee_zlinky_tic_puissance_apparente,2980,2026-07-15T07:32:15.598Z
sensor.lixee_zlinky_tic_puissance_apparente,2890,2026-07-15T07:32:25.618Z
sensor.lixee_zlinky_tic_puissance_apparente,2850,2026-07-15T07:32:35.648Z
sensor.lixee_zlinky_tic_puissance_apparente,2760,2026-07-15T07:32:45.685Z
sensor.lixee_zlinky_tic_puissance_apparente,2720,2026-07-15T07:32:55.723Z
sensor.lixee_zlinky_tic_puissance_apparente,2620,2026-07-15T07:33:04.742Z
sensor.lixee_zlinky_tic_puissance_apparente,2500,2026-07-15T07:33:24.820Z
sensor.lixee_zlinky_tic_puissance_apparente,2490,2026-07-15T07:33:34.852Z
sensor.lixee_zlinky_tic_puissance_apparente,4270,2026-07-15T07:33:43.894Z
sensor.lixee_zlinky_tic_puissance_apparente,4100,2026-07-15T07:33:53.901Z
sensor.lixee_zlinky_tic_puissance_apparente,2410,2026-07-15T07:34:03.939Z
sensor.lixee_zlinky_tic_puissance_apparente,2390,2026-07-15T07:34:13.975Z
sensor.lixee_zlinky_tic_puissance_apparente,1310,2026-07-15T07:34:23.995Z
sensor.lixee_zlinky_tic_puissance_apparente,1220,2026-07-15T07:34:33.026Z
sensor.lixee_zlinky_tic_puissance_apparente,1180,2026-07-15T07:34:43.049Z
sensor.lixee_zlinky_tic_puissance_apparente,1140,2026-07-15T07:34:53.091Z
sensor.lixee_zlinky_tic_puissance_apparente,1110,2026-07-15T07:35:03.119Z
sensor.lixee_zlinky_tic_puissance_apparente,190,2026-07-15T07:35:12.137Z
sensor.lixee_zlinky_tic_puissance_apparente,270,2026-07-15T07:35:22.171Z
sensor.lixee_zlinky_tic_puissance_apparente,330,2026-07-15T07:35:32.215Z
sensor.lixee_zlinky_tic_puissance_apparente,430,2026-07-15T07:35:42.248Z
sensor.lixee_zlinky_tic_puissance_apparente,490,2026-07-15T07:35:52.281Z
sensor.lixee_zlinky_tic_puissance_apparente,550,2026-07-15T07:36:01.309Z
sensor.lixee_zlinky_tic_puissance_apparente,3820,2026-07-15T07:36:11.344Z
sensor.lixee_zlinky_tic_puissance_apparente,3790,2026-07-15T07:36:21.378Z
sensor.lixee_zlinky_tic_puissance_apparente,600,2026-07-15T07:36:31.410Z
sensor.lixee_zlinky_tic_puissance_apparente,590,2026-07-15T07:36:40.434Z
sensor.lixee_zlinky_tic_puissance_apparente,600,2026-07-15T07:36:50.460Z
sensor.lixee_zlinky_tic_puissance_apparente,580,2026-07-15T07:37:00.510Z
sensor.lixee_zlinky_tic_puissance_apparente,610,2026-07-15T07:37:10.537Z
sensor.lixee_zlinky_tic_puissance_apparente,620,2026-07-15T07:37:20.570Z
sensor.lixee_zlinky_tic_puissance_apparente,590,2026-07-15T07:37:29.600Z
sensor.lixee_zlinky_tic_puissance_apparente,640,2026-07-15T07:37:39.641Z
sensor.lixee_zlinky_tic_puissance_apparente,610,2026-07-15T07:37:49.666Z
sensor.lixee_zlinky_tic_puissance_apparente,640,2026-07-15T07:37:59.695Z
sensor.lixee_zlinky_tic_puissance_apparente,3870,2026-07-15T07:38:09.738Z
sensor.lixee_zlinky_tic_puissance_apparente,3840,2026-07-15T07:38:18.762Z
sensor.lixee_zlinky_tic_puissance_apparente,620,2026-07-15T07:38:28.799Z
sensor.lixee_zlinky_tic_puissance_apparente,600,2026-07-15T07:38:48.847Z
sensor.lixee_zlinky_tic_puissance_apparente,640,2026-07-15T07:38:57.875Z
sensor.lixee_zlinky_tic_puissance_apparente,650,2026-07-15T07:39:17.935Z
sensor.lixee_zlinky_tic_puissance_apparente,0,2026-07-15T07:39:37.998Z
sensor.lixee_zlinky_tic_puissance_apparente,700,2026-07-15T07:39:47.028Z
sensor.lixee_zlinky_tic_puissance_apparente,680,2026-07-15T07:39:57.050Z
sensor.lixee_zlinky_tic_puissance_apparente,0,2026-07-15T07:40:07.088Z
sensor.lixee_zlinky_tic_puissance_apparente,720,2026-07-15T07:40:17.124Z
sensor.lixee_zlinky_tic_puissance_apparente,740,2026-07-15T07:40:26.147Z
sensor.lixee_zlinky_tic_puissance_apparente,3940,2026-07-15T07:40:36.185Z
sensor.lixee_zlinky_tic_puissance_apparente,3980,2026-07-15T07:40:46.214Z
sensor.lixee_zlinky_tic_puissance_apparente,920,2026-07-15T07:40:56.245Z
sensor.lixee_zlinky_tic_puissance_apparente,0,2026-07-15T07:41:06.279Z
sensor.lixee_zlinky_tic_puissance_apparente,130,2026-07-15T07:44:02.842Z
sensor.lixee_zlinky_tic_puissance_apparente,3860,2026-07-15T07:44:11.880Z
sensor.lixee_zlinky_tic_puissance_apparente,1530,2026-07-15T07:44:21.908Z
sensor.lixee_zlinky_tic_puissance_apparente,0,2026-07-15T07:44:31.946Z
sensor.lixee_zlinky_tic_puissance_apparente,1590,2026-07-15T07:46:20.276Z
sensor.lixee_zlinky_tic_puissance_apparente,1580,2026-07-15T07:46:29.301Z
sensor.lixee_zlinky_tic_puissance_apparente,0,2026-07-15T07:46:39.339Z
sensor.lixee_zlinky_tic_puissance_apparente,1580,2026-07-15T07:47:38.515Z
sensor.lixee_zlinky_tic_puissance_apparente,1570,2026-07-15T07:47:48.554Z
sensor.lixee_zlinky_tic_puissance_apparente,1550,2026-07-15T07:47:57.570Z
sensor.lixee_zlinky_tic_puissance_apparente,0,2026-07-15T07:48:07.616Z
sensor.lixee_zlinky_tic_puissance_apparente,800,2026-07-15T07:48:27.691Z
sensor.lixee_zlinky_tic_puissance_apparente,0,2026-07-15T07:48:37.716Z
sensor.lixee_zlinky_tic_puissance_apparente,1600,2026-07-15T07:49:55.948Z
sensor.lixee_zlinky_tic_puissance_apparente,1580,2026-07-15T07:50:05.984Z
sensor.lixee_zlinky_tic_puissance_apparente,1540,2026-07-15T07:50:15.018Z
sensor.lixee_zlinky_tic_puissance_apparente,0,2026-07-15T07:50:25.046Z
sensor.lixee_zlinky_tic_puissance_apparente,2430,2026-07-15T07:51:57.471Z
sensor.lixee_zlinky_tic_puissance_apparente,2470,2026-07-15T07:52:07.512Z
sensor.lixee_zlinky_tic_puissance_apparente,2370,2026-07-15T07:52:17.539Z
sensor.lixee_zlinky_tic_puissance_apparente,2270,2026-07-15T07:52:27.572Z
sensor.lixee_zlinky_tic_puissance_apparente,2180,2026-07-15T07:52:36.601Z
sensor.lixee_zlinky_tic_puissance_apparente,2110,2026-07-15T07:52:46.641Z
sensor.lixee_zlinky_tic_puissance_apparente,2040,2026-07-15T07:52:56.673Z
sensor.lixee_zlinky_tic_puissance_apparente,1970,2026-07-15T07:53:06.705Z
sensor.lixee_zlinky_tic_puissance_apparente,1900,2026-07-15T07:53:16.736Z
sensor.lixee_zlinky_tic_puissance_apparente,1830,2026-07-15T07:53:25.749Z
sensor.lixee_zlinky_tic_puissance_apparente,1790,2026-07-15T07:53:35.773Z
sensor.lixee_zlinky_tic_puissance_apparente,1750,2026-07-15T07:53:45.814Z
sensor.lixee_zlinky_tic_puissance_apparente,1710,2026-07-15T07:53:55.844Z
sensor.lixee_zlinky_tic_puissance_apparente,1690,2026-07-15T07:54:04.867Z
sensor.lixee_zlinky_tic_puissance_apparente,1650,2026-07-15T07:54:14.912Z
sensor.lixee_zlinky_tic_puissance_apparente,1640,2026-07-15T07:54:24.932Z
sensor.lixee_zlinky_tic_puissance_apparente,1570,2026-07-15T07:54:34.955Z
sensor.lixee_zlinky_tic_puissance_apparente,1580,2026-07-15T07:54:44.982Z
sensor.lixee_zlinky_tic_puissance_apparente,1590,2026-07-15T07:55:01.507Z
sensor.lixee_zlinky_tic_puissance_apparente,300,2026-07-15T07:55:04.050Z
sensor.lixee_zlinky_tic_puissance_apparente,340,2026-07-15T07:55:14.088Z
sensor.lixee_zlinky_tic_puissance_apparente,0,2026-07-15T07:55:24.119Z
sensor.lixee_zlinky_tic_puissance_apparente,1140,2026-07-15T07:57:11.474Z
sensor.lixee_zlinky_tic_puissance_apparente,1010,2026-07-15T07:57:21.506Z
sensor.lixee_zlinky_tic_puissance_apparente,0,2026-07-15T07:57:31.544Z
sensor.lixee_zlinky_tic_puissance_apparente,770,2026-07-15T08:02:55.603Z
sensor.lixee_zlinky_tic_puissance_apparente,820,2026-07-15T08:03:04.638Z
sensor.lixee_zlinky_tic_puissance_apparente,0,2026-07-15T08:03:14.661Z
sensor.lixee_zlinky_tic_puissance_apparente,770,2026-07-15T08:04:23.892Z
sensor.lixee_zlinky_tic_puissance_apparente,920,2026-07-15T08:04:32.909Z
sensor.lixee_zlinky_tic_puissance_apparente,970,2026-07-15T08:04:42.946Z
sensor.lixee_zlinky_tic_puissance_apparente,980,2026-07-15T08:05:03.016Z
sensor.lixee_zlinky_tic_puissance_apparente,970,2026-07-15T08:05:22.078Z
sensor.lixee_zlinky_tic_puissance_apparente,980,2026-07-15T08:05:32.116Z
sensor.lixee_zlinky_tic_puissance_apparente,970,2026-07-15T08:05:52.181Z
sensor.lixee_zlinky_tic_puissance_apparente,960,2026-07-15T08:06:11.241Z
sensor.lixee_zlinky_tic_puissance_apparente,940,2026-07-15T08:06:41.354Z
sensor.lixee_zlinky_tic_puissance_apparente,910,2026-07-15T08:06:50.386Z
sensor.lixee_zlinky_tic_puissance_apparente,900,2026-07-15T08:07:00.411Z
sensor.lixee_zlinky_tic_puissance_apparente,890,2026-07-15T08:07:10.450Z
sensor.lixee_zlinky_tic_puissance_apparente,860,2026-07-15T08:07:20.473Z
sensor.lixee_zlinky_tic_puissance_apparente,830,2026-07-15T08:07:29.508Z
sensor.lixee_zlinky_tic_puissance_apparente,850,2026-07-15T08:07:39.529Z
sensor.lixee_zlinky_tic_puissance_apparente,840,2026-07-15T08:07:49.562Z
sensor.lixee_zlinky_tic_puissance_apparente,850,2026-07-15T08:07:59.590Z
sensor.lixee_zlinky_tic_puissance_apparente,810,2026-07-15T08:08:09.632Z
sensor.lixee_zlinky_tic_puissance_apparente,770,2026-07-15T08:08:18.657Z
sensor.lixee_zlinky_tic_puissance_apparente,780,2026-07-15T08:08:28.684Z
sensor.lixee_zlinky_tic_puissance_apparente,790,2026-07-15T08:08:38.717Z
sensor.lixee_zlinky_tic_puissance_apparente,800,2026-07-15T08:08:48.751Z
sensor.lixee_zlinky_tic_puissance_apparente,820,2026-07-15T08:08:57.777Z
sensor.lixee_zlinky_tic_puissance_apparente,850,2026-07-15T08:09:07.814Z
sensor.lixee_zlinky_tic_puissance_apparente,860,2026-07-15T08:09:17.846Z
sensor.lixee_zlinky_tic_puissance_apparente,850,2026-07-15T08:09:27.870Z
sensor.lixee_zlinky_tic_puissance_apparente,870,2026-07-15T08:09:46.926Z
sensor.lixee_zlinky_tic_puissance_apparente,1200,2026-07-15T08:09:56.974Z
sensor.lixee_zlinky_tic_puissance_apparente,1190,2026-07-15T08:10:07.004Z
sensor.lixee_zlinky_tic_puissance_apparente,2980,2026-07-15T08:10:17.040Z
sensor.lixee_zlinky_tic_puissance_apparente,3120,2026-07-15T08:10:27.070Z
sensor.lixee_zlinky_tic_puissance_apparente,3170,2026-07-15T08:10:36.089Z
sensor.lixee_zlinky_tic_puissance_apparente,3200,2026-07-15T08:10:46.112Z
sensor.lixee_zlinky_tic_puissance_apparente,3210,2026-07-15T08:10:56.157Z
sensor.lixee_zlinky_tic_puissance_apparente,3220,2026-07-15T08:11:06.197Z
sensor.lixee_zlinky_tic_puissance_apparente,3240,2026-07-15T08:11:15.212Z
sensor.lixee_zlinky_tic_puissance_apparente,2740,2026-07-15T08:12:04.385Z
sensor.lixee_zlinky_tic_puissance_apparente,2730,2026-07-15T08:12:24.453Z
sensor.lixee_zlinky_tic_puissance_apparente,2750,2026-07-15T08:12:43.534Z
sensor.lixee_zlinky_tic_puissance_apparente,2740,2026-07-15T08:12:53.558Z
sensor.lixee_zlinky_tic_puissance_apparente,2750,2026-07-15T08:13:03.603Z
sensor.lixee_zlinky_tic_puissance_apparente,2740,2026-07-15T08:13:13.632Z
sensor.lixee_zlinky_tic_puissance_apparente,2730,2026-07-15T08:13:23.664Z
sensor.lixee_zlinky_tic_puissance_apparente,2740,2026-07-15T08:13:32.692Z
sensor.lixee_zlinky_tic_puissance_apparente,2710,2026-07-15T08:13:42.728Z
sensor.lixee_zlinky_tic_puissance_apparente,2700,2026-07-15T08:14:11.818Z
sensor.lixee_zlinky_tic_puissance_apparente,2690,2026-07-15T08:15:11.006Z
sensor.lixee_zlinky_tic_puissance_apparente,2700,2026-07-15T08:15:40.106Z
sensor.lixee_zlinky_tic_puissance_apparente,2690,2026-07-15T08:16:00.180Z
sensor.lixee_zlinky_tic_puissance_apparente,2680,2026-07-15T08:16:20.250Z
sensor.lixee_zlinky_tic_puissance_apparente,2690,2026-07-15T08:16:29.274Z
sensor.lixee_zlinky_tic_puissance_apparente,2700,2026-07-15T08:16:39.294Z
sensor.lixee_zlinky_tic_puissance_apparente,2710,2026-07-15T08:17:28.461Z
sensor.lixee_zlinky_tic_puissance_apparente,4550,2026-07-15T08:17:57.551Z
sensor.lixee_zlinky_tic_puissance_apparente,4500,2026-07-15T08:18:07.565Z
sensor.lixee_zlinky_tic_puissance_apparente,2690,2026-07-15T08:18:17.607Z
sensor.lixee_zlinky_tic_puissance_apparente,2710,2026-07-15T08:18:37.672Z
sensor.lixee_zlinky_tic_puissance_apparente,2720,2026-07-15T08:18:46.700Z
sensor.lixee_zlinky_tic_puissance_apparente,2770,2026-07-15T08:18:56.735Z
sensor.lixee_zlinky_tic_puissance_apparente,710,2026-07-15T08:19:06.766Z
sensor.lixee_zlinky_tic_puissance_apparente,0,2026-07-15T08:19:16.804Z
sensor.lixee_zlinky_tic_puissance_apparente,2770,2026-07-15T08:20:35.044Z
sensor.lixee_zlinky_tic_puissance_apparente,2720,2026-07-15T08:20:45.073Z
sensor.lixee_zlinky_tic_puissance_apparente,2770,2026-07-15T08:20:55.099Z
sensor.lixee_zlinky_tic_puissance_apparente,2760,2026-07-15T08:21:04.120Z
sensor.lixee_zlinky_tic_puissance_apparente,0,2026-07-15T08:21:14.169Z
sensor.lixee_zlinky_tic_puissance_apparente,2700,2026-07-15T08:21:43.254Z
sensor.lixee_zlinky_tic_puissance_apparente,2660,2026-07-15T08:21:53.290Z
sensor.lixee_zlinky_tic_puissance_apparente,2680,2026-07-15T08:22:03.327Z
sensor.lixee_zlinky_tic_puissance_apparente,2670,2026-07-15T08:22:23.395Z
sensor.lixee_zlinky_tic_puissance_apparente,2660,2026-07-15T08:22:32.419Z
sensor.lixee_zlinky_tic_puissance_apparente,2670,2026-07-15T08:22:42.453Z
sensor.lixee_zlinky_tic_puissance_apparente,2660,2026-07-15T08:23:02.530Z
sensor.lixee_zlinky_tic_puissance_apparente,2650,2026-07-15T08:23:11.551Z
sensor.lixee_zlinky_tic_puissance_apparente,2640,2026-07-15T08:23:21.572Z
sensor.lixee_zlinky_tic_puissance_apparente,2650,2026-07-15T08:23:51.672Z
sensor.lixee_zlinky_tic_puissance_apparente,2670,2026-07-15T08:24:00.701Z
sensor.lixee_zlinky_tic_puissance_apparente,0,2026-07-15T08:24:10.739Z
sensor.lixee_zlinky_tic_puissance_apparente,2740,2026-07-15T08:24:49.854Z
sensor.lixee_zlinky_tic_puissance_apparente,2710,2026-07-15T08:24:59.891Z
sensor.lixee_zlinky_tic_puissance_apparente,2700,2026-07-15T08:25:09.925Z
sensor.lixee_zlinky_tic_puissance_apparente,2740,2026-07-15T08:25:19.960Z
sensor.lixee_zlinky_tic_puissance_apparente,2810,2026-07-15T08:25:39.005Z
sensor.lixee_zlinky_tic_puissance_apparente,760,2026-07-15T08:25:49.036Z
sensor.lixee_zlinky_tic_puissance_apparente,4310,2026-07-15T08:25:59.073Z
sensor.lixee_zlinky_tic_puissance_apparente,4510,2026-07-15T08:26:09.099Z
sensor.lixee_zlinky_tic_puissance_apparente,4550,2026-07-15T08:26:18.129Z
sensor.lixee_zlinky_tic_puissance_apparente,1070,2026-07-15T08:26:28.160Z
sensor.lixee_zlinky_tic_puissance_apparente,710,2026-07-15T08:26:38.203Z
sensor.lixee_zlinky_tic_puissance_apparente,2830,2026-07-15T08:26:48.231Z
sensor.lixee_zlinky_tic_puissance_apparente,750,2026-07-15T08:26:57.259Z
sensor.lixee_zlinky_tic_puissance_apparente,0,2026-07-15T08:27:07.291Z
sensor.lixee_zlinky_tic_puissance_apparente,1730,2026-07-15T08:31:52.222Z
sensor.lixee_zlinky_tic_puissance_apparente,2020,2026-07-15T08:32:02.254Z
sensor.lixee_zlinky_tic_puissance_apparente,1990,2026-07-15T08:32:11.279Z
sensor.lixee_zlinky_tic_puissance_apparente,1770,2026-07-15T08:32:21.303Z
sensor.lixee_zlinky_tic_puissance_apparente,0,2026-07-15T08:32:31.332Z
sensor.lixee_zlinky_tic_puissance_apparente,690,2026-07-15T08:33:10.449Z
sensor.lixee_zlinky_tic_puissance_apparente,2770,2026-07-15T08:33:20.487Z
sensor.lixee_zlinky_tic_puissance_apparente,2760,2026-07-15T08:33:30.507Z
sensor.lixee_zlinky_tic_puissance_apparente,2750,2026-07-15T08:33:49.563Z
sensor.lixee_zlinky_tic_puissance_apparente,3160,2026-07-15T08:34:19.665Z
sensor.lixee_zlinky_tic_puissance_apparente,3250,2026-07-15T08:34:28.681Z
sensor.lixee_zlinky_tic_puissance_apparente,3210,2026-07-15T08:34:38.709Z
sensor.lixee_zlinky_tic_puissance_apparente,3150,2026-07-15T08:34:58.794Z
sensor.lixee_zlinky_tic_puissance_apparente,3230,2026-07-15T08:35:07.817Z
sensor.lixee_zlinky_tic_puissance_apparente,2650,2026-07-15T08:35:17.850Z
sensor.lixee_zlinky_tic_puissance_apparente,2640,2026-07-15T08:35:37.905Z
sensor.lixee_zlinky_tic_puissance_apparente,2630,2026-07-15T08:35:56.968Z
sensor.lixee_zlinky_tic_puissance_apparente,2640,2026-07-15T08:36:06.993Z
sensor.lixee_zlinky_tic_puissance_apparente,2630,2026-07-15T08:36:27.052Z
sensor.lixee_zlinky_tic_puissance_apparente,2640,2026-07-15T08:36:37.093Z
sensor.lixee_zlinky_tic_puissance_apparente,2650,2026-07-15T08:36:46.117Z
sensor.lixee_zlinky_tic_puissance_apparente,2640,2026-07-15T08:37:06.183Z
sensor.lixee_zlinky_tic_puissance_apparente,2630,2026-07-15T08:37:16.219Z
sensor.lixee_zlinky_tic_puissance_apparente,2620,2026-07-15T08:37:25.241Z
sensor.lixee_zlinky_tic_puissance_apparente,2640,2026-07-15T08:37:35.270Z
sensor.lixee_zlinky_tic_puissance_apparente,2630,2026-07-15T08:37:55.341Z
sensor.lixee_zlinky_tic_puissance_apparente,2620,2026-07-15T08:38:05.370Z
sensor.lixee_zlinky_tic_puissance_apparente,2630,2026-07-15T08:38:14.388Z
sensor.lixee_zlinky_tic_puissance_apparente,2640,2026-07-15T08:38:34.459Z
sensor.lixee_zlinky_tic_puissance_apparente,2630,2026-07-15T08:39:03.557Z
sensor.lixee_zlinky_tic_puissance_apparente,2640,2026-07-15T08:39:13.582Z
sensor.lixee_zlinky_tic_puissance_apparente,2650,2026-07-15T08:39:23.611Z
sensor.lixee_zlinky_tic_puissance_apparente,2660,2026-07-15T08:39:33.650Z
sensor.lixee_zlinky_tic_puissance_apparente,2670,2026-07-15T08:39:42.680Z
sensor.lixee_zlinky_tic_puissance_apparente,2680,2026-07-15T08:39:52.711Z
sensor.lixee_zlinky_tic_puissance_apparente,830,2026-07-15T08:40:02.741Z
sensor.lixee_zlinky_tic_puissance_apparente,820,2026-07-15T08:40:12.784Z
sensor.lixee_zlinky_tic_puissance_apparente,0,2026-07-15T08:40:21.810Z
sensor.lixee_zlinky_tic_puissance_apparente,840,2026-07-15T08:47:34.205Z
sensor.lixee_zlinky_tic_puissance_apparente,0,2026-07-15T08:48:13.320Z
sensor.lixee_zlinky_tic_puissance_apparente,850,2026-07-15T08:51:29.959Z
sensor.lixee_zlinky_tic_puissance_apparente,870,2026-07-15T08:52:38.179Z
sensor.lixee_zlinky_tic_puissance_apparente,880,2026-07-15T08:52:48.215Z
sensor.lixee_zlinky_tic_puissance_apparente,890,2026-07-15T08:53:07.257Z
sensor.lixee_zlinky_tic_puissance_apparente,1390,2026-07-15T08:53:27.337Z
sensor.lixee_zlinky_tic_puissance_apparente,1590,2026-07-15T08:53:37.360Z
sensor.lixee_zlinky_tic_puissance_apparente,1430,2026-07-15T08:53:47.388Z
sensor.lixee_zlinky_tic_puissance_apparente,1370,2026-07-15T08:53:56.420Z
sensor.lixee_zlinky_tic_puissance_apparente,1350,2026-07-15T08:54:06.449Z
sensor.lixee_zlinky_tic_puissance_apparente,1400,2026-07-15T08:54:16.483Z
sensor.lixee_zlinky_tic_puissance_apparente,1440,2026-07-15T08:54:26.519Z
sensor.lixee_zlinky_tic_puissance_apparente,1450,2026-07-15T08:54:35.550Z
sensor.lixee_zlinky_tic_puissance_apparente,1480,2026-07-15T08:54:45.578Z
sensor.lixee_zlinky_tic_puissance_apparente,3420,2026-07-15T08:54:55.619Z
sensor.lixee_zlinky_tic_puissance_apparente,3430,2026-07-15T08:55:05.645Z
sensor.lixee_zlinky_tic_puissance_apparente,3410,2026-07-15T08:55:15.678Z
sensor.lixee_zlinky_tic_puissance_apparente,3420,2026-07-15T08:55:24.709Z
sensor.lixee_zlinky_tic_puissance_apparente,3430,2026-07-15T08:55:34.746Z
sensor.lixee_zlinky_tic_puissance_apparente,3410,2026-07-15T08:55:44.775Z
sensor.lixee_zlinky_tic_puissance_apparente,3440,2026-07-15T08:55:54.806Z
sensor.lixee_zlinky_tic_puissance_apparente,1440,2026-07-15T08:56:03.833Z
sensor.lixee_zlinky_tic_puissance_apparente,1390,2026-07-15T08:56:13.878Z
sensor.lixee_zlinky_tic_puissance_apparente,1400,2026-07-15T08:56:23.913Z
sensor.lixee_zlinky_tic_puissance_apparente,1430,2026-07-15T08:56:33.942Z
sensor.lixee_zlinky_tic_puissance_apparente,1450,2026-07-15T08:56:43.978Z
sensor.lixee_zlinky_tic_puissance_apparente,1440,2026-07-15T08:56:53.008Z
sensor.lixee_zlinky_tic_puissance_apparente,1410,2026-07-15T08:57:03.035Z
sensor.lixee_zlinky_tic_puissance_apparente,1400,2026-07-15T08:57:13.081Z
sensor.lixee_zlinky_tic_puissance_apparente,1380,2026-07-15T08:57:42.158Z
sensor.lixee_zlinky_tic_puissance_apparente,1400,2026-07-15T08:57:52.192Z
sensor.lixee_zlinky_tic_puissance_apparente,1390,2026-07-15T08:58:12.262Z
sensor.lixee_zlinky_tic_puissance_apparente,1380,2026-07-15T08:58:41.348Z
sensor.lixee_zlinky_tic_puissance_apparente,1350,2026-07-15T08:58:51.370Z
sensor.lixee_zlinky_tic_puissance_apparente,1310,2026-07-15T08:59:00.978Z
sensor.lixee_zlinky_tic_puissance_apparente,890,2026-07-15T08:59:10.432Z
sensor.lixee_zlinky_tic_puissance_apparente,1320,2026-07-15T08:59:20.469Z
sensor.lixee_zlinky_tic_puissance_apparente,1350,2026-07-15T08:59:30.500Z
sensor.lixee_zlinky_tic_puissance_apparente,1370,2026-07-15T08:59:40.151Z
sensor.lixee_zlinky_tic_puissance_apparente,1390,2026-07-15T08:59:49.559Z
sensor.lixee_zlinky_tic_puissance_apparente,1400,2026-07-15T08:59:59.597Z
sensor.lixee_zlinky_tic_puissance_apparente,1410,2026-07-15T09:00:09.632Z
sensor.lixee_zlinky_tic_puissance_apparente,1390,2026-07-15T09:00:29.707Z
sensor.lixee_zlinky_tic_puissance_apparente,1370,2026-07-15T09:00:48.762Z
sensor.lixee_zlinky_tic_puissance_apparente,1310,2026-07-15T09:00:58.512Z
sensor.lixee_zlinky_tic_puissance_apparente,990,2026-07-15T09:01:08.835Z
sensor.lixee_zlinky_tic_puissance_apparente,1160,2026-07-15T09:01:17.856Z
sensor.lixee_zlinky_tic_puissance_apparente,0,2026-07-15T09:01:27.886Z
sensor.lixee_zlinky_tic_puissance_apparente,840,2026-07-15T09:04:54.537Z
sensor.lixee_zlinky_tic_puissance_apparente,2760,2026-07-15T09:05:03.568Z
sensor.lixee_zlinky_tic_puissance_apparente,2750,2026-07-15T09:05:13.596Z
sensor.lixee_zlinky_tic_puissance_apparente,2760,2026-07-15T09:05:52.726Z
sensor.lixee_zlinky_tic_puissance_apparente,2810,2026-07-15T09:06:02.761Z
sensor.lixee_zlinky_tic_puissance_apparente,2830,2026-07-15T09:06:22.840Z
sensor.lixee_zlinky_tic_puissance_apparente,920,2026-07-15T09:06:41.902Z
sensor.lixee_zlinky_tic_puissance_apparente,910,2026-07-15T09:06:51.935Z
sensor.lixee_zlinky_tic_puissance_apparente,0,2026-07-15T09:07:01.966Z
sensor.lixee_zlinky_tic_puissance_apparente,930,2026-07-15T09:10:47.696Z
sensor.lixee_zlinky_tic_puissance_apparente,920,2026-07-15T09:10:57.737Z
sensor.lixee_zlinky_tic_puissance_apparente,910,2026-07-15T09:11:16.797Z
sensor.lixee_zlinky_tic_puissance_apparente,920,2026-07-15T09:11:36.862Z
sensor.lixee_zlinky_tic_puissance_apparente,930,2026-07-15T09:11:45.889Z
sensor.lixee_zlinky_tic_puissance_apparente,940,2026-07-15T09:12:05.961Z
sensor.lixee_zlinky_tic_puissance_apparente,930,2026-07-15T09:12:26.028Z
sensor.lixee_zlinky_tic_puissance_apparente,0,2026-07-15T09:12:55.124Z
sensor.lixee_zlinky_tic_puissance_apparente,2950,2026-07-15T09:16:01.728Z
sensor.lixee_zlinky_tic_puissance_apparente,3040,2026-07-15T09:16:11.746Z
sensor.lixee_zlinky_tic_puissance_apparente,1340,2026-07-15T09:16:20.777Z
sensor.lixee_zlinky_tic_puissance_apparente,1260,2026-07-15T09:16:30.806Z
sensor.lixee_zlinky_tic_puissance_apparente,1460,2026-07-15T09:16:40.846Z
sensor.lixee_zlinky_tic_puissance_apparente,1380,2026-07-15T09:16:50.871Z
sensor.lixee_zlinky_tic_puissance_apparente,990,2026-07-15T09:17:09.927Z
sensor.lixee_zlinky_tic_puissance_apparente,1080,2026-07-15T09:17:19.973Z
sensor.lixee_zlinky_tic_puissance_apparente,1340,2026-07-15T09:17:29.998Z
sensor.lixee_zlinky_tic_puissance_apparente,1370,2026-07-15T09:17:40.036Z
sensor.lixee_zlinky_tic_puissance_apparente,1330,2026-07-15T09:17:49.049Z
sensor.lixee_zlinky_tic_puissance_apparente,1440,2026-07-15T09:17:59.085Z
sensor.lixee_zlinky_tic_puissance_apparente,1490,2026-07-15T09:18:09.121Z
sensor.lixee_zlinky_tic_puissance_apparente,3640,2026-07-15T09:18:19.154Z
sensor.lixee_zlinky_tic_puissance_apparente,3750,2026-07-15T09:18:28.173Z
sensor.lixee_zlinky_tic_puissance_apparente,3580,2026-07-15T09:18:38.215Z
sensor.lixee_zlinky_tic_puissance_apparente,3540,2026-07-15T09:18:48.246Z
sensor.lixee_zlinky_tic_puissance_apparente,1530,2026-07-15T09:18:58.282Z
sensor.lixee_zlinky_tic_puissance_apparente,1540,2026-07-15T09:19:08.317Z
sensor.lixee_zlinky_tic_puissance_apparente,1560,2026-07-15T09:19:17.342Z
sensor.lixee_zlinky_tic_puissance_apparente,3510,2026-07-15T09:19:27.364Z
sensor.lixee_zlinky_tic_puissance_apparente,3500,2026-07-15T09:19:37.410Z
sensor.lixee_zlinky_tic_puissance_apparente,3510,2026-07-15T09:19:47.444Z
sensor.lixee_zlinky_tic_puissance_apparente,3500,2026-07-15T09:19:57.482Z
sensor.lixee_zlinky_tic_puissance_apparente,3520,2026-07-15T09:20:16.546Z
sensor.lixee_zlinky_tic_puissance_apparente,3510,2026-07-15T09:20:36.600Z
sensor.lixee_zlinky_tic_puissance_apparente,3520,2026-07-15T09:20:55.660Z
sensor.lixee_zlinky_tic_puissance_apparente,3530,2026-07-15T09:21:05.696Z
sensor.lixee_zlinky_tic_puissance_apparente,3520,2026-07-15T09:21:15.728Z
sensor.lixee_zlinky_tic_puissance_apparente,3530,2026-07-15T09:21:25.759Z
sensor.lixee_zlinky_tic_puissance_apparente,3510,2026-07-15T09:21:34.788Z
sensor.lixee_zlinky_tic_puissance_apparente,3500,2026-07-15T09:21:44.820Z
sensor.lixee_zlinky_tic_puissance_apparente,3510,2026-07-15T09:21:54.866Z
sensor.lixee_zlinky_tic_puissance_apparente,3500,2026-07-15T09:22:04.895Z
sensor.lixee_zlinky_tic_puissance_apparente,3510,2026-07-15T09:22:23.945Z
sensor.lixee_zlinky_tic_puissance_apparente,3500,2026-07-15T09:22:33.974Z
sensor.lixee_zlinky_tic_puissance_apparente,3490,2026-07-15T09:22:44.009Z
sensor.lixee_zlinky_tic_puissance_apparente,5360,2026-07-15T09:22:54.040Z
sensor.lixee_zlinky_tic_puissance_apparente,5340,2026-07-15T09:23:03.072Z
sensor.lixee_zlinky_tic_puissance_apparente,5300,2026-07-15T09:23:13.098Z
sensor.lixee_zlinky_tic_puissance_apparente,3490,2026-07-15T09:23:23.148Z
sensor.lixee_zlinky_tic_puissance_apparente,7750,2026-07-15T09:23:33.189Z
sensor.lixee_zlinky_tic_puissance_apparente,8070,2026-07-15T09:23:42.218Z
sensor.lixee_zlinky_tic_puissance_apparente,8430,2026-07-15T09:23:52.242Z
sensor.lixee_zlinky_tic_puissance_apparente,7040,2026-07-15T09:24:02.282Z
sensor.lixee_zlinky_tic_puissance_apparente,3600,2026-07-15T09:24:12.317Z
sensor.lixee_zlinky_tic_puissance_apparente,3620,2026-07-15T09:24:41.411Z
sensor.lixee_zlinky_tic_puissance_apparente,5580,2026-07-15T09:24:51.435Z
sensor.lixee_zlinky_tic_puissance_apparente,5590,2026-07-15T09:25:01.462Z
sensor.lixee_zlinky_tic_puissance_apparente,5500,2026-07-15T09:25:10.488Z
sensor.lixee_zlinky_tic_puissance_apparente,5410,2026-07-15T09:25:20.524Z
sensor.lixee_zlinky_tic_puissance_apparente,5390,2026-07-15T09:25:30.561Z
sensor.lixee_zlinky_tic_puissance_apparente,5340,2026-07-15T09:25:40.581Z
sensor.lixee_zlinky_tic_puissance_apparente,5270,2026-07-15T09:25:50.617Z
sensor.lixee_zlinky_tic_puissance_apparente,5220,2026-07-15T09:25:59.641Z
sensor.lixee_zlinky_tic_puissance_apparente,5160,2026-07-15T09:26:09.674Z
sensor.lixee_zlinky_tic_puissance_apparente,5090,2026-07-15T09:26:19.708Z
sensor.lixee_zlinky_tic_puissance_apparente,5050,2026-07-15T09:26:29.746Z
sensor.lixee_zlinky_tic_puissance_apparente,4990,2026-07-15T09:26:39.780Z
sensor.lixee_zlinky_tic_puissance_apparente,4950,2026-07-15T09:26:48.806Z
sensor.lixee_zlinky_tic_puissance_apparente,4890,2026-07-15T09:26:58.846Z
sensor.lixee_zlinky_tic_puissance_apparente,4840,2026-07-15T09:27:08.882Z
sensor.lixee_zlinky_tic_puissance_apparente,4790,2026-07-15T09:27:18.903Z
sensor.lixee_zlinky_tic_puissance_apparente,4750,2026-07-15T09:27:27.933Z
sensor.lixee_zlinky_tic_puissance_apparente,4710,2026-07-15T09:27:37.965Z
sensor.lixee_zlinky_tic_puissance_apparente,4700,2026-07-15T09:27:48.002Z
sensor.lixee_zlinky_tic_puissance_apparente,4670,2026-07-15T09:27:58.033Z
sensor.lixee_zlinky_tic_puissance_apparente,4640,2026-07-15T09:28:08.064Z
sensor.lixee_zlinky_tic_puissance_apparente,4610,2026-07-15T09:28:17.089Z
sensor.lixee_zlinky_tic_puissance_apparente,4590,2026-07-15T09:28:27.119Z
sensor.lixee_zlinky_tic_puissance_apparente,4560,2026-07-15T09:28:37.165Z
sensor.lixee_zlinky_tic_puissance_apparente,4540,2026-07-15T09:28:47.199Z
sensor.lixee_zlinky_tic_puissance_apparente,4520,2026-07-15T09:28:56.225Z
sensor.lixee_zlinky_tic_puissance_apparente,4490,2026-07-15T09:29:06.240Z
sensor.lixee_zlinky_tic_puissance_apparente,4480,2026-07-15T09:29:26.306Z
sensor.lixee_zlinky_tic_puissance_apparente,4620,2026-07-15T09:29:36.344Z
sensor.lixee_zlinky_tic_puissance_apparente,4570,2026-07-15T09:29:45.367Z
sensor.lixee_zlinky_tic_puissance_apparente,4560,2026-07-15T09:29:55.407Z
sensor.lixee_zlinky_tic_puissance_apparente,4520,2026-07-15T09:30:05.442Z
sensor.lixee_zlinky_tic_puissance_apparente,4530,2026-07-15T09:30:15.476Z
sensor.lixee_zlinky_tic_puissance_apparente,4540,2026-07-15T09:30:24.499Z
sensor.lixee_zlinky_tic_puissance_apparente,4550,2026-07-15T09:30:34.528Z
sensor.lixee_zlinky_tic_puissance_apparente,4580,2026-07-15T09:30:54.586Z
sensor.lixee_zlinky_tic_puissance_apparente,4620,2026-07-15T09:31:04.622Z
sensor.lixee_zlinky_tic_puissance_apparente,4630,2026-07-15T09:31:13.653Z
sensor.lixee_zlinky_tic_puissance_apparente,4670,2026-07-15T09:31:23.684Z
sensor.lixee_zlinky_tic_puissance_apparente,4710,2026-07-15T09:31:33.713Z
sensor.lixee_zlinky_tic_puissance_apparente,4730,2026-07-15T09:31:43.747Z
sensor.lixee_zlinky_tic_puissance_apparente,1600,2026-07-15T09:31:53.780Z
sensor.lixee_zlinky_tic_puissance_apparente,0,2026-07-15T09:32:12.836Z
sensor.lixee_zlinky_tic_puissance_apparente,1800,2026-07-15T09:33:31.088Z
sensor.lixee_zlinky_tic_puissance_apparente,0,2026-07-15T09:33:41.123Z
sensor.lixee_zlinky_tic_puissance_apparente,1710,2026-07-15T09:34:01.200Z
sensor.lixee_zlinky_tic_puissance_apparente,0,2026-07-15T09:34:10.216Z
sensor.lixee_zlinky_tic_puissance_apparente,1700,2026-07-15T09:34:30.285Z
sensor.lixee_zlinky_tic_puissance_apparente,0,2026-07-15T09:34:40.320Z
sensor.lixee_zlinky_tic_puissance_apparente,1780,2026-07-15T09:34:50.353Z
sensor.lixee_zlinky_tic_puissance_apparente,0,2026-07-15T09:34:59.383Z
sensor.lixee_zlinky_tic_puissance_apparente,1650,2026-07-15T09:35:29.492Z
sensor.lixee_zlinky_tic_puissance_apparente,1460,2026-07-15T09:35:38.518Z
sensor.lixee_zlinky_tic_puissance_apparente,1650,2026-07-15T09:35:48.566Z
sensor.lixee_zlinky_tic_puissance_apparente,1510,2026-07-15T09:35:58.610Z
sensor.lixee_zlinky_tic_puissance_apparente,1960,2026-07-15T09:36:08.629Z
sensor.lixee_zlinky_tic_puissance_apparente,0,2026-07-15T09:36:18.670Z
sensor.lixee_zlinky_tic_puissance_apparente,1650,2026-07-15T09:36:27.696Z
sensor.lixee_zlinky_tic_puissance_apparente,0,2026-07-15T09:36:37.722Z
sensor.lixee_zlinky_tic_puissance_apparente,1960,2026-07-15T09:36:57.801Z
sensor.lixee_zlinky_tic_puissance_apparente,0,2026-07-15T09:37:06.842Z
sensor.lixee_zlinky_tic_puissance_apparente,1670,2026-07-15T09:39:34.309Z
sensor.lixee_zlinky_tic_puissance_apparente,1720,2026-07-15T09:39:44.345Z
sensor.lixee_zlinky_tic_puissance_apparente,1670,2026-07-15T09:39:54.380Z
sensor.lixee_zlinky_tic_puissance_apparente,0,2026-07-15T09:40:04.425Z
sensor.lixee_zlinky_tic_puissance_apparente,1950,2026-07-15T09:40:52.585Z
sensor.lixee_zlinky_tic_puissance_apparente,1960,2026-07-15T09:41:02.601Z
sensor.lixee_zlinky_tic_puissance_apparente,2680,2026-07-15T09:41:12.629Z
sensor.lixee_zlinky_tic_puissance_apparente,0,2026-07-15T09:41:22.661Z
sensor.lixee_zlinky_tic_puissance_apparente,1800,2026-07-15T09:42:20.854Z
sensor.lixee_zlinky_tic_puissance_apparente,0,2026-07-15T09:42:30.877Z
sensor.lixee_zlinky_tic_puissance_apparente,1950,2026-07-15T09:42:40.918Z
sensor.lixee_zlinky_tic_puissance_apparente,0,2026-07-15T09:42:50.950Z
sensor.lixee_zlinky_tic_puissance_apparente,1010,2026-07-15T09:45:27.440Z
sensor.lixee_zlinky_tic_puissance_apparente,1590,2026-07-15T09:45:37.464Z
sensor.lixee_zlinky_tic_puissance_apparente,1600,2026-07-15T09:45:47.506Z
sensor.lixee_zlinky_tic_puissance_apparente,0,2026-07-15T09:45:57.536Z
sensor.lixee_zlinky_tic_puissance_apparente,1750,2026-07-15T09:46:06.570Z
sensor.lixee_zlinky_tic_puissance_apparente,0,2026-07-15T09:46:16.595Z
sensor.lixee_zlinky_tic_puissance_apparente,1900,2026-07-15T09:47:05.758Z
sensor.lixee_zlinky_tic_puissance_apparente,2020,2026-07-15T09:47:15.800Z
sensor.lixee_zlinky_tic_puissance_apparente,5150,2026-07-15T09:47:25.832Z
sensor.lixee_zlinky_tic_puissance_apparente,1960,2026-07-15T09:47:44.871Z
sensor.lixee_zlinky_tic_puissance_apparente,1940,2026-07-15T09:47:54.900Z
sensor.lixee_zlinky_tic_puissance_apparente,1830,2026-07-15T09:48:04.931Z
sensor.lixee_zlinky_tic_puissance_apparente,0,2026-07-15T09:48:14.952Z
sensor.lixee_zlinky_tic_puissance_apparente,5160,2026-07-15T09:48:23.983Z
sensor.lixee_zlinky_tic_puissance_apparente,1950,2026-07-15T09:48:34.002Z
sensor.lixee_zlinky_tic_puissance_apparente,5160,2026-07-15T09:48:44.040Z
sensor.lixee_zlinky_tic_puissance_apparente,1900,2026-07-15T09:48:54.074Z
sensor.lixee_zlinky_tic_puissance_apparente,5170,2026-07-15T09:49:04.103Z
sensor.lixee_zlinky_tic_puissance_apparente,1870,2026-07-15T09:49:13.143Z
sensor.lixee_zlinky_tic_puissance_apparente,1850,2026-07-15T09:49:23.163Z
sensor.lixee_zlinky_tic_puissance_apparente,0,2026-07-15T09:49:33.190Z
sensor.lixee_zlinky_tic_puissance_apparente,1840,2026-07-15T09:50:02.276Z
sensor.lixee_zlinky_tic_puissance_apparente,5120,2026-07-15T09:50:12.308Z
sensor.lixee_zlinky_tic_puissance_apparente,5170,2026-07-15T09:50:22.341Z
sensor.lixee_zlinky_tic_puissance_apparente,5180,2026-07-15T09:50:32.380Z
sensor.lixee_zlinky_tic_puissance_apparente,5150,2026-07-15T09:50:41.405Z
sensor.lixee_zlinky_tic_puissance_apparente,5130,2026-07-15T09:50:51.446Z
sensor.lixee_zlinky_tic_puissance_apparente,5390,2026-07-15T09:51:11.519Z
sensor.lixee_zlinky_tic_puissance_apparente,5100,2026-07-15T09:51:20.541Z
sensor.lixee_zlinky_tic_puissance_apparente,5120,2026-07-15T09:51:40.616Z
sensor.lixee_zlinky_tic_puissance_apparente,5110,2026-07-15T09:52:00.678Z
sensor.lixee_zlinky_tic_puissance_apparente,5090,2026-07-15T09:52:09.701Z
sensor.lixee_zlinky_tic_puissance_apparente,3590,2026-07-15T09:52:29.771Z
sensor.lixee_zlinky_tic_puissance_apparente,3580,2026-07-15T09:52:48.834Z
sensor.lixee_zlinky_tic_puissance_apparente,3570,2026-07-15T09:52:58.859Z
sensor.lixee_zlinky_tic_puissance_apparente,3580,2026-07-15T09:53:08.888Z
sensor.lixee_zlinky_tic_puissance_apparente,3600,2026-07-15T09:53:18.914Z
sensor.lixee_zlinky_tic_puissance_apparente,3530,2026-07-15T09:53:28.939Z
sensor.lixee_zlinky_tic_puissance_apparente,3540,2026-07-15T09:53:37.968Z
sensor.lixee_zlinky_tic_puissance_apparente,3550,2026-07-15T09:53:48.003Z
sensor.lixee_zlinky_tic_puissance_apparente,3540,2026-07-15T09:53:58.046Z
sensor.lixee_zlinky_tic_puissance_apparente,3510,2026-07-15T09:54:08.065Z
sensor.lixee_zlinky_tic_puissance_apparente,1340,2026-07-15T09:54:18.085Z
sensor.lixee_zlinky_tic_puissance_apparente,3510,2026-07-15T09:54:27.120Z
sensor.lixee_zlinky_tic_puissance_apparente,3600,2026-07-15T09:54:37.137Z
sensor.lixee_zlinky_tic_puissance_apparente,3530,2026-07-15T09:54:47.170Z
sensor.lixee_zlinky_tic_puissance_apparente,3490,2026-07-15T09:54:57.209Z
sensor.lixee_zlinky_tic_puissance_apparente,1380,2026-07-15T09:55:06.238Z
sensor.lixee_zlinky_tic_puissance_apparente,3470,2026-07-15T09:55:16.265Z
sensor.lixee_zlinky_tic_puissance_apparente,3430,2026-07-15T09:55:26.300Z
sensor.lixee_zlinky_tic_puissance_apparente,3440,2026-07-15T09:55:36.333Z
sensor.lixee_zlinky_tic_puissance_apparente,3460,2026-07-15T09:55:55.390Z
sensor.lixee_zlinky_tic_puissance_apparente,3480,2026-07-15T09:56:05.428Z
sensor.lixee_zlinky_tic_puissance_apparente,3490,2026-07-15T09:56:15.468Z
sensor.lixee_zlinky_tic_puissance_apparente,3500,2026-07-15T09:56:25.498Z
sensor.lixee_zlinky_tic_puissance_apparente,3520,2026-07-15T09:56:34.519Z
sensor.lixee_zlinky_tic_puissance_apparente,3510,2026-07-15T09:56:44.556Z
sensor.lixee_zlinky_tic_puissance_apparente,3520,2026-07-15T09:56:54.591Z
sensor.lixee_zlinky_tic_puissance_apparente,3540,2026-07-15T09:57:04.626Z
sensor.lixee_zlinky_tic_puissance_apparente,3550,2026-07-15T09:57:43.746Z
sensor.lixee_zlinky_tic_puissance_apparente,3560,2026-07-15T09:57:53.784Z
sensor.lixee_zlinky_tic_puissance_apparente,3550,2026-07-15T09:58:03.817Z
sensor.lixee_zlinky_tic_puissance_apparente,3540,2026-07-15T09:58:12.850Z
sensor.lixee_zlinky_tic_puissance_apparente,3530,2026-07-15T09:58:22.873Z
sensor.lixee_zlinky_tic_puissance_apparente,3520,2026-07-15T09:58:42.933Z
sensor.lixee_zlinky_tic_puissance_apparente,3500,2026-07-15T09:58:51.958Z
sensor.lixee_zlinky_tic_puissance_apparente,3470,2026-07-15T09:59:01.997Z
sensor.lixee_zlinky_tic_puissance_apparente,3430,2026-07-15T09:59:12.033Z
sensor.lixee_zlinky_tic_puissance_apparente,4840,2026-07-15T09:59:32.083Z
sensor.lixee_zlinky_tic_puissance_apparente,4820,2026-07-15T09:59:41.116Z
sensor.lixee_zlinky_tic_puissance_apparente,4780,2026-07-15T09:59:51.142Z
sensor.lixee_zlinky_tic_puissance_apparente,3410,2026-07-15T10:00:01.180Z
sensor.lixee_zlinky_tic_puissance_apparente,1460,2026-07-15T10:00:11.223Z
sensor.lixee_zlinky_tic_puissance_apparente,1400,2026-07-15T10:00:20.234Z
sensor.lixee_zlinky_tic_puissance_apparente,1370,2026-07-15T10:00:30.263Z
sensor.lixee_zlinky_tic_puissance_apparente,1360,2026-07-15T10:00:40.306Z
sensor.lixee_zlinky_tic_puissance_apparente,1280,2026-07-15T10:00:50.338Z
sensor.lixee_zlinky_tic_puissance_apparente,0,2026-07-15T10:01:00.368Z
sensor.lixee_zlinky_tic_puissance_apparente,1520,2026-07-15T10:10:39.244Z
sensor.lixee_zlinky_tic_puissance_apparente,1540,2026-07-15T10:10:48.274Z
sensor.lixee_zlinky_tic_puissance_apparente,1310,2026-07-15T10:10:58.309Z
sensor.lixee_zlinky_tic_puissance_apparente,1550,2026-07-15T10:11:08.342Z
sensor.lixee_zlinky_tic_puissance_apparente,1450,2026-07-15T10:11:18.367Z
sensor.lixee_zlinky_tic_puissance_apparente,1380,2026-07-15T10:11:28.405Z
sensor.lixee_zlinky_tic_puissance_apparente,0,2026-07-15T10:11:37.445Z
sensor.lixee_zlinky_tic_puissance_apparente,3500,2026-07-15T10:12:36.625Z
sensor.lixee_zlinky_tic_puissance_apparente,3520,2026-07-15T10:12:46.663Z
sensor.lixee_zlinky_tic_puissance_apparente,3500,2026-07-15T10:12:56.693Z
sensor.lixee_zlinky_tic_puissance_apparente,3490,2026-07-15T10:13:15.751Z
sensor.lixee_zlinky_tic_puissance_apparente,3470,2026-07-15T10:13:25.792Z
sensor.lixee_zlinky_tic_puissance_apparente,3490,2026-07-15T10:13:35.828Z
sensor.lixee_zlinky_tic_puissance_apparente,3480,2026-07-15T10:13:44.851Z
sensor.lixee_zlinky_tic_puissance_apparente,3460,2026-07-15T10:13:54.883Z
sensor.lixee_zlinky_tic_puissance_apparente,5210,2026-07-15T10:14:04.926Z
sensor.lixee_zlinky_tic_puissance_apparente,0,2026-07-15T10:14:14.958Z
sensor.lixee_zlinky_tic_puissance_apparente,1630,2026-07-15T10:15:33.216Z
sensor.lixee_zlinky_tic_puissance_apparente,1610,2026-07-15T10:15:53.275Z
sensor.lixee_zlinky_tic_puissance_apparente,1620,2026-07-15T10:16:02.311Z
sensor.lixee_zlinky_tic_puissance_apparente,1570,2026-07-15T10:16:12.338Z
sensor.lixee_zlinky_tic_puissance_apparente,1550,2026-07-15T10:16:22.375Z
sensor.lixee_zlinky_tic_puissance_apparente,1500,2026-07-15T10:16:32.408Z
sensor.lixee_zlinky_tic_puissance_apparente,0,2026-07-15T10:16:42.445Z
sensor.lixee_zlinky_tic_puissance_apparente,1550,2026-07-15T10:17:01.503Z
sensor.lixee_zlinky_tic_puissance_apparente,3480,2026-07-15T10:17:11.534Z
sensor.lixee_zlinky_tic_puissance_apparente,3490,2026-07-15T10:17:21.563Z
sensor.lixee_zlinky_tic_puissance_apparente,3510,2026-07-15T10:17:30.592Z
sensor.lixee_zlinky_tic_puissance_apparente,3540,2026-07-15T10:17:40.626Z
sensor.lixee_zlinky_tic_puissance_apparente,3550,2026-07-15T10:17:50.660Z
sensor.lixee_zlinky_tic_puissance_apparente,3570,2026-07-15T10:18:10.726Z
sensor.lixee_zlinky_tic_puissance_apparente,3580,2026-07-15T10:18:19.756Z
sensor.lixee_zlinky_tic_puissance_apparente,3570,2026-07-15T10:18:29.782Z
sensor.lixee_zlinky_tic_puissance_apparente,3560,2026-07-15T10:18:39.821Z
sensor.lixee_zlinky_tic_puissance_apparente,3550,2026-07-15T10:18:49.846Z
sensor.lixee_zlinky_tic_puissance_apparente,3530,2026-07-15T10:19:08.901Z
sensor.lixee_zlinky_tic_puissance_apparente,3520,2026-07-15T10:19:18.946Z
sensor.lixee_zlinky_tic_puissance_apparente,3540,2026-07-15T10:19:28.970Z
sensor.lixee_zlinky_tic_puissance_apparente,3520,2026-07-15T10:19:38.991Z
sensor.lixee_zlinky_tic_puissance_apparente,3510,2026-07-15T10:19:58.050Z
sensor.lixee_zlinky_tic_puissance_apparente,3490,2026-07-15T10:20:18.116Z
sensor.lixee_zlinky_tic_puissance_apparente,3480,2026-07-15T10:20:27.140Z
sensor.lixee_zlinky_tic_puissance_apparente,3470,2026-07-15T10:20:37.172Z
sensor.lixee_zlinky_tic_puissance_apparente,3460,2026-07-15T10:20:47.201Z
sensor.lixee_zlinky_tic_puissance_apparente,3450,2026-07-15T10:21:07.272Z
sensor.lixee_zlinky_tic_puissance_apparente,3460,2026-07-15T10:21:26.329Z
sensor.lixee_zlinky_tic_puissance_apparente,3440,2026-07-15T10:21:36.372Z
sensor.lixee_zlinky_tic_puissance_apparente,3450,2026-07-15T10:21:56.429Z
sensor.lixee_zlinky_tic_puissance_apparente,3440,2026-07-15T10:22:05.460Z
sensor.lixee_zlinky_tic_puissance_apparente,3450,2026-07-15T10:22:15.500Z
sensor.lixee_zlinky_tic_puissance_apparente,3460,2026-07-15T10:22:25.530Z
sensor.lixee_zlinky_tic_puissance_apparente,3400,2026-07-15T10:22:35.564Z
sensor.lixee_zlinky_tic_puissance_apparente,3410,2026-07-15T10:22:44.591Z
sensor.lixee_zlinky_tic_puissance_apparente,4100,2026-07-15T10:22:54.616Z
sensor.lixee_zlinky_tic_puissance_apparente,5150,2026-07-15T10:23:04.663Z
sensor.lixee_zlinky_tic_puissance_apparente,5110,2026-07-15T10:23:14.696Z
sensor.lixee_zlinky_tic_puissance_apparente,3410,2026-07-15T10:23:24.730Z
sensor.lixee_zlinky_tic_puissance_apparente,3400,2026-07-15T10:23:43.779Z
sensor.lixee_zlinky_tic_puissance_apparente,3350,2026-07-15T10:23:53.819Z
sensor.lixee_zlinky_tic_puissance_apparente,3340,2026-07-15T10:24:03.859Z
sensor.lixee_zlinky_tic_puissance_apparente,2760,2026-07-15T10:24:12.881Z
sensor.lixee_zlinky_tic_puissance_apparente,2770,2026-07-15T10:24:22.908Z
sensor.lixee_zlinky_tic_puissance_apparente,2780,2026-07-15T10:24:42.983Z
sensor.lixee_zlinky_tic_puissance_apparente,2810,2026-07-15T10:24:53.007Z
sensor.lixee_zlinky_tic_puissance_apparente,950,2026-07-15T10:25:12.066Z
sensor.lixee_zlinky_tic_puissance_apparente,1020,2026-07-15T10:25:32.140Z
sensor.lixee_zlinky_tic_puissance_apparente,970,2026-07-15T10:25:41.162Z
sensor.lixee_zlinky_tic_puissance_apparente,1010,2026-07-15T10:25:51.193Z
sensor.lixee_zlinky_tic_puissance_apparente,1000,2026-07-15T10:26:40.343Z
sensor.lixee_zlinky_tic_puissance_apparente,990,2026-07-15T10:27:10.435Z
sensor.lixee_zlinky_tic_puissance_apparente,1000,2026-07-15T10:27:19.467Z
sensor.lixee_zlinky_tic_puissance_apparente,0,2026-07-15T10:27:29.501Z
sensor.lixee_zlinky_tic_puissance_apparente,960,2026-07-15T10:28:38.718Z
sensor.lixee_zlinky_tic_puissance_apparente,950,2026-07-15T10:28:47.729Z
sensor.lixee_zlinky_tic_puissance_apparente,960,2026-07-15T10:28:57.769Z
sensor.lixee_zlinky_tic_puissance_apparente,950,2026-07-15T10:29:17.836Z
sensor.lixee_zlinky_tic_puissance_apparente,960,2026-07-15T10:29:36.891Z
sensor.lixee_zlinky_tic_puissance_apparente,1510,2026-07-15T10:30:06.993Z
sensor.lixee_zlinky_tic_puissance_apparente,1520,2026-07-15T10:30:16.016Z
sensor.lixee_zlinky_tic_puissance_apparente,1500,2026-07-15T10:30:26.052Z
sensor.lixee_zlinky_tic_puissance_apparente,1490,2026-07-15T10:30:46.123Z
sensor.lixee_zlinky_tic_puissance_apparente,1450,2026-07-15T10:30:55.139Z
sensor.lixee_zlinky_tic_puissance_apparente,1440,2026-07-15T10:31:05.170Z
sensor.lixee_zlinky_tic_puissance_apparente,1410,2026-07-15T10:31:15.214Z
sensor.lixee_zlinky_tic_puissance_apparente,1380,2026-07-15T10:31:25.244Z
sensor.lixee_zlinky_tic_puissance_apparente,1340,2026-07-15T10:31:35.264Z
sensor.lixee_zlinky_tic_puissance_apparente,940,2026-07-15T10:31:44.289Z
sensor.lixee_zlinky_tic_puissance_apparente,0,2026-07-15T10:31:54.313Z
sensor.lixee_zlinky_tic_puissance_apparente,950,2026-07-15T10:33:12.607Z
sensor.lixee_zlinky_tic_puissance_apparente,930,2026-07-15T10:33:32.658Z
sensor.lixee_zlinky_tic_puissance_apparente,1140,2026-07-15T10:33:42.244Z
sensor.lixee_zlinky_tic_puissance_apparente,0,2026-07-15T10:33:52.727Z
sensor.lixee_zlinky_tic_puissance_apparente,1060,2026-07-15T10:34:40.893Z
sensor.lixee_zlinky_tic_puissance_apparente,1030,2026-07-15T10:34:50.923Z
sensor.lixee_zlinky_tic_puissance_apparente,1160,2026-07-15T10:35:00.607Z
sensor.lixee_zlinky_tic_puissance_apparente,1180,2026-07-15T10:35:10.993Z
sensor.lixee_zlinky_tic_puissance_apparente,1090,2026-07-15T10:35:21.025Z
sensor.lixee_zlinky_tic_puissance_apparente,0,2026-07-15T10:35:30.050Z
sensor.lixee_zlinky_tic_puissance_apparente,1340,2026-07-15T10:42:28.255Z
sensor.lixee_zlinky_tic_puissance_apparente,1200,2026-07-15T10:42:32.396Z
sensor.lixee_zlinky_tic_puissance_apparente,1290,2026-07-15T10:42:42.419Z
sensor.lixee_zlinky_tic_puissance_apparente,0,2026-07-15T10:43:01.516Z
sensor.lixee_zlinky_tic_puissance_apparente,920,2026-07-15T10:48:54.630Z
sensor.lixee_zlinky_tic_puissance_apparente,980,2026-07-15T10:49:04.659Z
sensor.lixee_zlinky_tic_puissance_apparente,890,2026-07-15T10:49:14.701Z
sensor.lixee_zlinky_tic_puissance_apparente,880,2026-07-15T10:49:24.731Z
sensor.lixee_zlinky_tic_puissance_apparente,0,2026-07-15T10:49:34.754Z
sensor.lixee_zlinky_tic_puissance_apparente,860,2026-07-15T10:50:03.856Z
sensor.lixee_zlinky_tic_puissance_apparente,0,2026-07-15T10:50:13.884Z
sensor.lixee_zlinky_tic_puissance_apparente,1220,2026-07-15T10:51:03.044Z
sensor.lixee_zlinky_tic_puissance_apparente,1120,2026-07-15T10:51:12.068Z
sensor.lixee_zlinky_tic_puissance_apparente,1240,2026-07-15T10:51:22.104Z
sensor.lixee_zlinky_tic_puissance_apparente,1310,2026-07-15T10:51:32.146Z
sensor.lixee_zlinky_tic_puissance_apparente,1330,2026-07-15T10:51:42.177Z
sensor.lixee_zlinky_tic_puissance_apparente,1300,2026-07-15T10:51:51.211Z
sensor.lixee_zlinky_tic_puissance_apparente,1230,2026-07-15T10:52:01.236Z
sensor.lixee_zlinky_tic_puissance_apparente,0,2026-07-15T10:52:11.282Z
sensor.lixee_zlinky_tic_puissance_apparente,1110,2026-07-15T10:58:24.487Z
sensor.lixee_zlinky_tic_puissance_apparente,0,2026-07-15T10:58:33.517Z
sensor.lixee_zlinky_tic_puissance_apparente,870,2026-07-15T11:04:27.641Z
sensor.lixee_zlinky_tic_puissance_apparente,0,2026-07-15T11:04:36.669Z
sensor.lixee_zlinky_tic_puissance_apparente,1420,2026-07-15T11:04:56.737Z
sensor.lixee_zlinky_tic_puissance_apparente,900,2026-07-15T11:05:06.774Z
sensor.lixee_zlinky_tic_puissance_apparente,0,2026-07-15T11:05:16.801Z
sensor.lixee_zlinky_tic_puissance_apparente,1500,2026-07-15T11:08:22.382Z
sensor.lixee_zlinky_tic_puissance_apparente,1360,2026-07-15T11:08:32.403Z
sensor.lixee_zlinky_tic_puissance_apparente,1480,2026-07-15T11:08:42.436Z
sensor.lixee_zlinky_tic_puissance_apparente,1360,2026-07-15T11:08:52.470Z
sensor.lixee_zlinky_tic_puissance_apparente,0,2026-07-15T11:09:02.508Z
sensor.lixee_zlinky_tic_puissance_apparente,1130,2026-07-15T11:13:36.400Z
sensor.lixee_zlinky_tic_puissance_apparente,0,2026-07-15T11:13:46.419Z
sensor.lixee_zlinky_tic_puissance_apparente,1260,2026-07-15T11:13:56.462Z
sensor.lixee_zlinky_tic_puissance_apparente,1420,2026-07-15T11:14:06.492Z
sensor.lixee_zlinky_tic_puissance_apparente,1150,2026-07-15T11:14:15.536Z
sensor.lixee_zlinky_tic_puissance_apparente,0,2026-07-15T11:14:25.559Z