entity_id,state,last_changed
sensor.plug_4_puissance,2.0,2026-08-08T10:00:00.000Z
sensor.plug_4_puissance,3.0,2026-08-08T10:00:22.040Z
sensor.plug_4_puissance,2.0,2026-08-08T10:00:27.039Z
sensor.plug_4_puissance,3.0,2026-08-08T10:00:40.039Z
sensor.plug_4_puissance,2.0,2026-08-08T10:00:45.040Z
sensor.plug_4_puissance,0.0,2026-08-08T10:00:55.039Z
sensor.plug_4_puissance,2.0,2026-08-08T10:01:00.036Z
sensor.plug_4_puissance,3.0,2026-08-08T10:02:02.043Z
sensor.plug_4_puissance,2.0,2026-08-08T10:02:07.042Z
sensor.plug_4_puissance,3.0,2026-08-08T10:02:54.043Z
sensor.plug_4_puissance,2.0,2026-08-08T10:02:59.047Z
sensor.plug_4_puissance,3.0,2026-08-08T10:03:23.048Z
sensor.plug_4_puissance,2.0,2026-08-08T10:03:28.048Z
sensor.plug_4_puissance,3.0,2026-08-08T10:03:34.048Z
sensor.plug_4_puissance,2.0,2026-08-08T10:03:39.049Z
sensor.plug_4_puissance,3.0,2026-08-08T10:04:43.056Z
sensor.plug_4_puissance,2.0,2026-08-08T10:04:50.014Z
sensor.plug_4_puissance,3.0,2026-08-08T10:05:15.067Z
sensor.plug_4_puissance,2.0,2026-08-08T10:05:20.067Z
sensor.plug_4_puissance,0.0,2026-08-08T10:05:30.059Z
sensor.plug_4_puissance,2.0,2026-08-08T10:05:38.068Z
sensor.plug_4_puissance,3.0,2026-08-08T10:06:36.062Z
sensor.plug_4_puissance,0.0,2026-08-08T10:06:41.062Z
sensor.plug_4_puissance,2.0,2026-08-08T10:06:46.062Z
sensor.plug_4_puissance,0.0,2026-08-08T10:06:51.070Z
sensor.plug_4_puissance,2.0,2026-08-08T10:06:56.072Z
sensor.plug_4_puissance,3.0,2026-08-08T10:07:01.064Z
sensor.plug_4_puissance,2.0,2026-08-08T10:07:06.064Z
sensor.plug_4_puissance,4.0,2026-08-08T10:07:11.065Z
sensor.plug_4_puissance,2.0,2026-08-08T10:07:16.064Z
sensor.plug_4_puissance,0.0,2026-08-08T10:07:51.076Z
sensor.plug_4_puissance,2.0,2026-08-08T10:07:56.076Z
sensor.plug_4_puissance,3.0,2026-08-08T10:08:55.068Z
sensor.plug_4_puissance,2.0,2026-08-08T10:09:00.068Z
sensor.plug_4_puissance,3.0,2026-08-08T10:10:09.074Z
sensor.plug_4_puissance,2.0,2026-08-08T10:10:14.074Z
sensor.plug_4_puissance,3.0,2026-08-08T10:10:19.074Z
sensor.plug_4_puissance,2.0,2026-08-08T10:10:24.076Z
sensor.plug_4_puissance,3.0,2026-08-08T10:10:52.077Z
sensor.plug_4_puissance,2.0,2026-08-08T10:10:57.085Z
sensor.plug_4_puissance,0.0,2026-08-08T10:11:44.091Z
sensor.plug_4_puissance,2.0,2026-08-08T10:11:49.092Z
sensor.plug_4_puissance,3.0,2026-08-08T10:12:02.091Z
sensor.plug_4_puissance,0.0,2026-08-08T10:12:07.091Z
sensor.plug_4_puissance,2.0,2026-08-08T10:12:14.092Z
sensor.plug_4_puissance,3.0,2026-08-08T10:12:20.090Z
sensor.plug_4_puissance,0.0,2026-08-08T10:12:25.083Z
sensor.plug_4_puissance,2.0,2026-08-08T10:12:30.084Z
sensor.plug_4_puissance,3.0,2026-08-08T10:12:57.087Z
sensor.plug_4_puissance,4.0,2026-08-08T10:13:02.088Z
sensor.plug_4_puissance,2.0,2026-08-08T10:13:07.088Z
sensor.plug_4_puissance,5.0,2026-08-08T10:13:25.090Z
sensor.plug_4_puissance,2.0,2026-08-08T10:13:30.089Z
sensor.plug_4_puissance,3.0,2026-08-08T10:13:40.089Z
sensor.plug_4_puissance,2.0,2026-08-08T10:13:47.089Z
sensor.plug_4_puissance,0.0,2026-08-08T10:14:03.099Z
sensor.plug_4_puissance,2.0,2026-08-08T10:14:08.099Z
sensor.plug_4_puissance,0.0,2026-08-08T10:14:36.105Z
sensor.plug_4_puissance,2.0,2026-08-08T10:14:39.735Z
sensor.plug_4_puissance,0.0,2026-08-08T10:14:59.095Z
sensor.plug_4_puissance,2.0,2026-08-08T10:15:04.095Z
sensor.plug_4_puissance,3.0,2026-08-08T10:15:09.096Z
sensor.plug_4_puissance,2.0,2026-08-08T10:15:14.093Z
sensor.plug_4_puissance,4.0,2026-08-08T10:15:24.096Z
sensor.plug_4_puissance,2.0,2026-08-08T10:15:29.096Z
sensor.plug_4_puissance,0.0,2026-08-08T10:15:42.098Z
sensor.plug_4_puissance,2.0,2026-08-08T10:15:47.098Z
sensor.plug_4_puissance,0.0,2026-08-08T10:16:58.108Z
sensor.plug_4_puissance,3.0,2026-08-08T10:17:03.108Z
sensor.plug_4_puissance,2.0,2026-08-08T10:17:08.099Z
sensor.plug_4_puissance,0.0,2026-08-08T10:17:21.100Z
sensor.plug_4_puissance,2.0,2026-08-08T10:17:28.101Z
sensor.plug_4_puissance,3.0,2026-08-08T10:18:17.105Z
sensor.plug_4_puissance,2.0,2026-08-08T10:18:22.104Z
sensor.plug_4_puissance,3.0,2026-08-08T10:18:53.106Z
sensor.plug_4_puissance,2.0,2026-08-08T10:18:58.108Z
sensor.plug_4_puissance,3.0,2026-08-08T10:19:03.108Z
sensor.plug_4_puissance,2.0,2026-08-08T10:19:08.108Z
sensor.plug_4_puissance,4.0,2026-08-08T10:19:13.108Z
sensor.plug_4_puissance,2.0,2026-08-08T10:19:18.105Z
sensor.plug_4_puissance,0.0,2026-08-08T10:19:23.108Z
sensor.plug_4_puissance,2.0,2026-08-08T10:19:28.108Z
sensor.plug_4_puissance,0.0,2026-08-08T10:21:02.119Z
sensor.plug_4_puissance,4.0,2026-08-08T10:21:07.121Z
sensor.plug_4_puissance,3.0,2026-08-08T10:21:12.122Z
sensor.plug_4_puissance,2.0,2026-08-08T10:21:17.113Z
sensor.plug_4_puissance,5.0,2026-08-08T10:21:22.114Z
sensor.plug_4_puissance,2.0,2026-08-08T10:21:27.111Z
sensor.plug_4_puissance,3.0,2026-08-08T10:21:43.122Z
sensor.plug_4_puissance,4.0,2026-08-08T10:21:48.123Z
sensor.plug_4_puissance,3.0,2026-08-08T10:21:53.124Z
sensor.plug_4_puissance,2.0,2026-08-08T10:22:04.117Z
sensor.plug_4_puissance,3.0,2026-08-08T10:22:09.116Z
sensor.plug_4_puissance,2.0,2026-08-08T10:22:14.119Z
sensor.plug_4_puissance,4.0,2026-08-08T10:22:32.130Z
sensor.plug_4_puissance,3.0,2026-08-08T10:22:37.130Z
sensor.plug_4_puissance,2.0,2026-08-08T10:22:42.129Z
sensor.plug_4_puissance,3.0,2026-08-08T10:22:47.123Z
sensor.plug_4_puissance,2.0,2026-08-08T10:22:52.130Z
sensor.plug_4_puissance,3.0,2026-08-08T10:22:57.129Z
sensor.plug_4_puissance,2.0,2026-08-08T10:23:02.130Z
sensor.plug_4_puissance,3.0,2026-08-08T10:23:13.121Z
sensor.plug_4_puissance,5.0,2026-08-08T10:23:18.123Z
sensor.plug_4_puissance,2.0,2026-08-08T10:23:23.122Z
sensor.plug_4_puissance,5.0,2026-08-08T10:23:28.125Z
sensor.plug_4_puissance,2.0,2026-08-08T10:23:33.124Z
sensor.plug_4_puissance,0.0,2026-08-08T10:23:38.125Z
sensor.plug_4_puissance,4.0,2026-08-08T10:23:43.134Z
sensor.plug_4_puissance,2.0,2026-08-08T10:23:47.282Z
sensor.plug_4_puissance,0.0,2026-08-08T10:23:48.125Z
sensor.plug_4_puissance,2.0,2026-08-08T10:23:53.127Z
sensor.plug_4_puissance,0.0,2026-08-08T10:24:00.140Z
sensor.plug_4_puissance,2.0,2026-08-08T10:24:05.142Z
sensor.plug_4_puissance,0.0,2026-08-08T10:24:29.129Z
sensor.plug_4_puissance,2.0,2026-08-08T10:24:34.131Z
sensor.plug_4_puissance,4.0,2026-08-08T10:24:40.132Z
sensor.plug_4_puissance,2.0,2026-08-08T10:24:45.133Z
sensor.plug_4_puissance,3.0,2026-08-08T10:24:52.137Z
sensor.plug_4_puissance,2.0,2026-08-08T10:24:57.132Z
sensor.plug_4_puissance,3.0,2026-08-08T10:25:17.133Z
sensor.plug_4_puissance,2.0,2026-08-08T10:25:22.144Z
sensor.plug_4_puissance,0.0,2026-08-08T10:25:51.149Z
sensor.plug_4_puissance,2.0,2026-08-08T10:25:56.149Z
sensor.plug_4_puissance,0.0,2026-08-08T10:26:47.148Z
sensor.plug_4_puissance,4.0,2026-08-08T10:26:52.148Z
sensor.plug_4_puissance,2.0,2026-08-08T10:26:57.148Z
sensor.plug_4_puissance,5.0,2026-08-08T10:27:08.150Z
sensor.plug_4_puissance,2.0,2026-08-08T10:27:13.149Z
sensor.plug_4_puissance,6.0,2026-08-08T10:27:17.885Z
sensor.plug_4_puissance,4.0,2026-08-08T10:27:23.152Z
sensor.plug_4_puissance,2.0,2026-08-08T10:27:28.152Z
sensor.plug_4_puissance,0.0,2026-08-08T10:27:53.165Z
sensor.plug_4_puissance,2.0,2026-08-08T10:27:58.164Z
sensor.plug_4_puissance,0.0,2026-08-08T10:28:13.166Z
sensor.plug_4_puissance,2.0,2026-08-08T10:28:18.169Z
sensor.plug_4_puissance,3.0,2026-08-08T10:28:39.171Z
sensor.plug_4_puissance,2.0,2026-08-08T10:28:44.177Z
sensor.plug_4_puissance,3.0,2026-08-08T10:28:49.171Z
sensor.plug_4_puissance,2.0,2026-08-08T10:28:54.173Z
sensor.plug_4_puissance,4.0,2026-08-08T10:28:59.173Z
sensor.plug_4_puissance,2.0,2026-08-08T10:29:04.173Z
sensor.plug_4_puissance,0.0,2026-08-08T10:29:11.167Z
sensor.plug_4_puissance,2.0,2026-08-08T10:29:16.167Z
sensor.plug_4_puissance,0.0,2026-08-08T10:29:25.176Z
sensor.plug_4_puissance,2.0,2026-08-08T10:29:30.179Z
sensor.plug_4_puissance,3.0,2026-08-08T10:29:35.179Z
sensor.plug_4_puissance,2.0,2026-08-08T10:29:40.179Z
sensor.plug_4_puissance,0.0,2026-08-08T10:29:45.179Z
sensor.plug_4_puissance,2.0,2026-08-08T10:29:50.177Z
sensor.plug_4_puissance,0.0,2026-08-08T10:30:14.186Z
sensor.plug_4_puissance,2.0,2026-08-08T10:30:19.184Z
sensor.plug_4_puissance,5.0,2026-08-08T10:30:28.184Z
sensor.plug_4_puissance,2.0,2026-08-08T10:30:33.183Z
sensor.plug_4_puissance,4.0,2026-08-08T10:30:38.176Z
sensor.plug_4_puissance,2.0,2026-08-08T10:30:43.175Z
sensor.plug_4_puissance,0.0,2026-08-08T10:30:52.189Z
sensor.plug_4_puissance,2.0,2026-08-08T10:30:57.186Z
sensor.plug_4_puissance,0.0,2026-08-08T10:31:02.188Z
sensor.plug_4_puissance,2.0,2026-08-08T10:31:07.190Z
sensor.plug_4_puissance,0.0,2026-08-08T10:31:27.191Z
sensor.plug_4_puissance,2.0,2026-08-08T10:31:30.581Z
sensor.plug_4_puissance,0.0,2026-08-08T10:32:00.193Z
sensor.plug_4_puissance,2.0,2026-08-08T10:32:07.196Z
sensor.plug_4_puissance,3.0,2026-08-08T10:32:17.187Z
sensor.plug_4_puissance,2.0,2026-08-08T10:32:22.188Z
sensor.plug_4_puissance,3.0,2026-08-08T10:32:32.187Z
sensor.plug_4_puissance,2.0,2026-08-08T10:32:37.196Z
sensor.plug_4_puissance,3.0,2026-08-08T10:32:42.989Z
sensor.plug_4_puissance,2.0,2026-08-08T10:32:47.990Z
sensor.plug_4_puissance,5.0,2026-08-08T10:33:13.993Z
sensor.plug_4_puissance,2.0,2026-08-08T10:33:18.992Z
sensor.plug_4_puissance,0.0,2026-08-08T10:33:26.005Z
sensor.plug_4_puissance,2.0,2026-08-08T10:33:31.001Z
sensor.plug_4_puissance,0.0,2026-08-08T10:33:36.938Z
sensor.plug_4_puissance,4.0,2026-08-08T10:33:42.002Z
sensor.plug_4_puissance,2.0,2026-08-08T10:33:47.003Z
sensor.plug_4_puissance,3.0,2026-08-08T10:33:51.996Z
sensor.plug_4_puissance,2.0,2026-08-08T10:33:56.995Z
sensor.plug_4_puissance,4.0,2026-08-08T10:34:01.996Z
sensor.plug_4_puissance,2.0,2026-08-08T10:34:06.996Z
sensor.plug_4_puissance,5.0,2026-08-08T10:34:30.000Z
sensor.plug_4_puissance,3.0,2026-08-08T10:34:34.999Z
sensor.plug_4_puissance,4.0,2026-08-08T10:34:39.999Z
sensor.plug_4_puissance,3.0,2026-08-08T10:34:44.999Z
sensor.plug_4_puissance,4.0,2026-08-08T10:34:50.010Z
sensor.plug_4_puissance,2.0,2026-08-08T10:34:55.009Z
sensor.plug_4_puissance,4.0,2026-08-08T10:35:00.011Z
sensor.plug_4_puissance,3.0,2026-08-08T10:35:05.012Z
sensor.plug_4_puissance,2.0,2026-08-08T10:35:10.003Z
sensor.plug_4_puissance,3.0,2026-08-08T10:35:22.003Z
sensor.plug_4_puissance,5.0,2026-08-08T10:35:28.012Z
sensor.plug_4_puissance,2.0,2026-08-08T10:35:33.006Z
sensor.plug_4_puissance,3.0,2026-08-08T10:35:38.006Z
sensor.plug_4_puissance,2.0,2026-08-08T10:35:43.007Z
sensor.plug_4_puissance,3.0,2026-08-08T10:35:50.014Z
sensor.plug_4_puissance,2.0,2026-08-08T10:35:55.009Z
sensor.plug_4_puissance,3.0,2026-08-08T10:36:20.011Z
sensor.plug_4_puissance,4.0,2026-08-08T10:36:25.011Z
sensor.plug_4_puissance,2.0,2026-08-08T10:36:30.011Z
sensor.plug_4_puissance,4.0,2026-08-08T10:36:38.011Z
sensor.plug_4_puissance,2.0,2026-08-08T10:36:43.012Z
sensor.plug_4_puissance,0.0,2026-08-08T10:36:49.026Z
sensor.plug_4_puissance,3.0,2026-08-08T10:36:54.021Z
sensor.plug_4_puissance,4.0,2026-08-08T10:36:59.013Z
sensor.plug_4_puissance,0.0,2026-08-08T10:37:04.022Z
sensor.plug_4_puissance,2.0,2026-08-08T10:37:07.533Z
sensor.plug_4_puissance,4.0,2026-08-08T10:37:14.014Z
sensor.plug_4_puissance,2.0,2026-08-08T10:37:23.017Z
sensor.plug_4_puissance,5.0,2026-08-08T10:37:34.027Z
sensor.plug_4_puissance,2.0,2026-08-08T10:37:39.029Z
sensor.plug_4_puissance,3.0,2026-08-08T10:38:11.029Z
sensor.plug_4_puissance,2.0,2026-08-08T10:38:16.031Z
sensor.plug_4_puissance,4.0,2026-08-08T10:38:21.031Z
sensor.plug_4_puissance,2.0,2026-08-08T10:38:26.037Z
sensor.plug_4_puissance,0.0,2026-08-08T10:38:58.026Z
sensor.plug_4_puissance,2.0,2026-08-08T10:39:03.025Z
sensor.plug_4_puissance,3.0,2026-08-08T10:39:08.027Z
sensor.plug_4_puissance,4.0,2026-08-08T10:39:13.026Z
sensor.plug_4_puissance,2.0,2026-08-08T10:39:18.028Z
sensor.plug_4_puissance,0.0,2026-08-08T10:39:52.038Z
sensor.plug_4_puissance,3.0,2026-08-08T10:39:56.011Z
sensor.plug_4_puissance,4.0,2026-08-08T10:40:02.041Z
sensor.plug_4_puissance,2.0,2026-08-08T10:40:07.042Z
sensor.plug_4_puissance,0.0,2026-08-08T10:40:12.042Z
sensor.plug_4_puissance,4.0,2026-08-08T10:40:17.043Z
sensor.plug_4_puissance,2.0,2026-08-08T10:40:22.043Z
sensor.plug_4_puissance,4.0,2026-08-08T10:40:27.046Z
sensor.plug_4_puissance,2.0,2026-08-08T10:40:32.041Z
sensor.plug_4_puissance,0.0,2026-08-08T10:40:37.047Z
sensor.plug_4_puissance,2.0,2026-08-08T10:40:42.047Z
sensor.plug_4_puissance,4.0,2026-08-08T10:41:07.050Z
sensor.plug_4_puissance,2.0,2026-08-08T10:41:12.048Z
sensor.plug_4_puissance,3.0,2026-08-08T10:41:17.040Z
sensor.plug_4_puissance,2.0,2026-08-08T10:41:22.041Z
sensor.plug_4_puissance,4.0,2026-08-08T10:41:27.041Z
sensor.plug_4_puissance,5.0,2026-08-08T10:41:32.041Z
sensor.plug_4_puissance,2.0,2026-08-08T10:41:37.050Z
sensor.plug_4_puissance,4.0,2026-08-08T10:41:42.051Z
sensor.plug_4_puissance,2.0,2026-08-08T10:41:47.044Z
sensor.plug_4_puissance,3.0,2026-08-08T10:41:52.045Z
sensor.plug_4_puissance,2.0,2026-08-08T10:41:59.054Z
sensor.plug_4_puissance,5.0,2026-08-08T10:42:02.365Z
sensor.plug_4_puissance,2.0,2026-08-08T10:42:09.049Z
sensor.plug_4_puissance,4.0,2026-08-08T10:42:27.060Z
sensor.plug_4_puissance,0.0,2026-08-08T10:42:32.059Z
sensor.plug_4_puissance,2.0,2026-08-08T10:42:37.058Z
sensor.plug_4_puissance,5.0,2026-08-08T10:42:42.049Z
sensor.plug_4_puissance,0.0,2026-08-08T10:42:44.486Z
sensor.plug_4_puissance,2.0,2026-08-08T10:42:47.049Z
sensor.plug_4_puissance,5.0,2026-08-08T10:42:56.053Z
sensor.plug_4_puissance,2.0,2026-08-08T10:43:01.052Z
sensor.plug_4_puissance,6.0,2026-08-08T10:43:06.050Z
sensor.plug_4_puissance,2.0,2026-08-08T10:43:11.050Z
sensor.plug_4_puissance,6.0,2026-08-08T10:43:16.050Z
sensor.plug_4_puissance,3.0,2026-08-08T10:43:21.051Z
sensor.plug_4_puissance,2.0,2026-08-08T10:43:26.051Z
sensor.plug_4_puissance,3.0,2026-08-08T10:43:31.060Z
sensor.plug_4_puissance,4.0,2026-08-08T10:43:36.060Z
sensor.plug_4_puissance,3.0,2026-08-08T10:43:41.061Z
sensor.plug_4_puissance,4.0,2026-08-08T10:43:46.062Z
sensor.plug_4_puissance,2.0,2026-08-08T10:43:51.063Z
sensor.plug_4_puissance,4.0,2026-08-08T10:43:56.055Z
sensor.plug_4_puissance,2.0,2026-08-08T10:44:01.055Z
sensor.plug_4_puissance,5.0,2026-08-08T10:44:06.055Z
sensor.plug_4_puissance,2.0,2026-08-08T10:44:08.730Z
sensor.plug_4_puissance,4.0,2026-08-08T10:44:16.055Z
sensor.plug_4_puissance,0.0,2026-08-08T10:44:21.056Z
sensor.plug_4_puissance,2.0,2026-08-08T10:44:26.054Z
sensor.plug_4_puissance,0.0,2026-08-08T10:44:31.058Z
sensor.plug_4_puissance,3.0,2026-08-08T10:44:36.058Z
sensor.plug_4_puissance,4.0,2026-08-08T10:44:41.067Z
sensor.plug_4_puissance,5.0,2026-08-08T10:44:46.058Z
sensor.plug_4_puissance,2.0,2026-08-08T10:44:50.848Z
sensor.plug_4_puissance,0.0,2026-08-08T10:45:05.073Z
sensor.plug_4_puissance,2.0,2026-08-08T10:45:10.068Z
sensor.plug_4_puissance,0.0,2026-08-08T10:45:16.061Z
sensor.plug_4_puissance,3.0,2026-08-08T10:45:21.061Z
sensor.plug_4_puissance,0.0,2026-08-08T10:45:26.073Z
sensor.plug_4_puissance,2.0,2026-08-08T10:45:31.071Z
sensor.plug_4_puissance,3.0,2026-08-08T10:45:37.062Z
sensor.plug_4_puissance,0.0,2026-08-08T10:45:42.073Z
sensor.plug_4_puissance,4.0,2026-08-08T10:45:50.072Z
sensor.plug_4_puissance,2.0,2026-08-08T10:45:55.071Z
sensor.plug_4_puissance,4.0,2026-08-08T10:46:10.072Z
sensor.plug_4_puissance,3.0,2026-08-08T10:46:15.079Z
sensor.plug_4_puissance,4.0,2026-08-08T10:46:20.073Z
sensor.plug_4_puissance,3.0,2026-08-08T10:46:25.064Z
sensor.plug_4_puissance,0.0,2026-08-08T10:46:30.064Z
sensor.plug_4_puissance,2.0,2026-08-08T10:46:35.074Z
sensor.plug_4_puissance,3.0,2026-08-08T10:46:42.065Z
sensor.plug_4_puissance,2.0,2026-08-08T10:46:47.064Z
sensor.plug_4_puissance,3.0,2026-08-08T10:46:52.066Z
sensor.plug_4_puissance,2.0,2026-08-08T10:46:57.065Z
sensor.plug_4_puissance,4.0,2026-08-08T10:47:02.067Z
sensor.plug_4_puissance,3.0,2026-08-08T10:47:07.078Z
sensor.plug_4_puissance,0.0,2026-08-08T10:47:12.078Z
sensor.plug_4_puissance,2.0,2026-08-08T10:47:17.085Z
sensor.plug_4_puissance,0.0,2026-08-08T10:47:32.083Z
sensor.plug_4_puissance,2.0,2026-08-08T10:47:37.084Z
sensor.plug_4_puissance,0.0,2026-08-08T10:47:39.327Z
sensor.plug_4_puissance,2.0,2026-08-08T10:47:50.084Z
sensor.plug_4_puissance,3.0,2026-08-08T10:47:55.085Z
sensor.plug_4_puissance,5.0,2026-08-08T10:48:00.086Z
sensor.plug_4_puissance,2.0,2026-08-08T10:48:05.084Z
sensor.plug_4_puissance,4.0,2026-08-08T10:48:59.090Z
sensor.plug_4_puissance,2.0,2026-08-08T10:49:03.585Z
sensor.plug_4_puissance,4.0,2026-08-08T10:49:09.081Z
sensor.plug_4_puissance,0.0,2026-08-08T10:49:14.082Z
sensor.plug_4_puissance,2.0,2026-08-08T10:49:19.083Z
sensor.plug_4_puissance,4.0,2026-08-08T10:49:24.083Z
sensor.plug_4_puissance,2.0,2026-08-08T10:49:32.096Z
sensor.plug_4_puissance,0.0,2026-08-08T10:49:37.095Z
sensor.plug_4_puissance,2.0,2026-08-08T10:49:42.092Z
sensor.plug_4_puissance,3.0,2026-08-08T10:49:47.098Z
sensor.plug_4_puissance,2.0,2026-08-08T10:49:52.095Z
sensor.plug_4_puissance,4.0,2026-08-08T10:49:57.097Z
sensor.plug_4_puissance,2.0,2026-08-08T10:50:02.095Z
sensor.plug_4_puissance,4.0,2026-08-08T10:50:10.086Z
sensor.plug_4_puissance,2.0,2026-08-08T10:50:15.086Z
sensor.plug_4_puissance,5.0,2026-08-08T10:50:22.104Z
sensor.plug_4_puissance,2.0,2026-08-08T10:50:27.106Z
sensor.plug_4_puissance,4.0,2026-08-08T10:50:36.090Z
sensor.plug_4_puissance,2.0,2026-08-08T10:50:41.090Z
sensor.plug_4_puissance,3.0,2026-08-08T10:50:47.099Z
sensor.plug_4_puissance,0.0,2026-08-08T10:50:52.099Z
sensor.plug_4_puissance,6.0,2026-08-08T10:50:57.091Z
sensor.plug_4_puissance,2.0,2026-08-08T10:51:02.091Z
sensor.plug_4_puissance,5.0,2026-08-08T10:51:25.094Z
sensor.plug_4_puissance,2.0,2026-08-08T10:51:30.095Z
sensor.plug_4_puissance,0.0,2026-08-08T10:51:35.096Z
sensor.plug_4_puissance,2.0,2026-08-08T10:51:40.096Z
sensor.plug_4_puissance,0.0,2026-08-08T10:51:48.113Z
sensor.plug_4_puissance,2.0,2026-08-08T10:51:52.069Z
sensor.plug_4_puissance,4.0,2026-08-08T10:51:59.096Z
sensor.plug_4_puissance,2.0,2026-08-08T10:52:06.097Z
sensor.plug_4_puissance,4.0,2026-08-08T10:52:11.097Z
sensor.plug_4_puissance,0.0,2026-08-08T10:52:16.097Z
sensor.plug_4_puissance,2.0,2026-08-08T10:52:21.097Z
sensor.plug_4_puissance,0.0,2026-08-08T10:52:27.107Z
sensor.plug_4_puissance,2.0,2026-08-08T10:52:32.105Z
sensor.plug_4_puissance,0.0,2026-08-08T10:52:37.107Z
sensor.plug_4_puissance,5.0,2026-08-08T10:52:42.108Z
sensor.plug_4_puissance,2.0,2026-08-08T10:52:47.106Z
sensor.plug_4_puissance,3.0,2026-08-08T10:52:52.106Z
sensor.plug_4_puissance,2.0,2026-08-08T10:52:57.101Z
sensor.plug_4_puissance,5.0,2026-08-08T10:53:04.109Z
sensor.plug_4_puissance,2.0,2026-08-08T10:53:09.101Z
sensor.plug_4_puissance,4.0,2026-08-08T10:53:22.107Z
sensor.plug_4_puissance,3.0,2026-08-08T10:53:27.105Z
sensor.plug_4_puissance,5.0,2026-08-08T10:53:32.104Z
sensor.plug_4_puissance,2.0,2026-08-08T10:53:37.106Z
sensor.plug_4_puissance,0.0,2026-08-08T10:53:42.106Z
sensor.plug_4_puissance,2.0,2026-08-08T10:53:47.107Z
sensor.plug_4_puissance,5.0,2026-08-08T10:53:54.109Z
sensor.plug_4_puissance,2.0,2026-08-08T10:53:58.427Z
sensor.plug_4_puissance,3.0,2026-08-08T10:54:13.123Z
sensor.plug_4_puissance,4.0,2026-08-08T10:54:18.117Z
sensor.plug_4_puissance,3.0,2026-08-08T10:54:23.111Z
sensor.plug_4_puissance,4.0,2026-08-08T10:54:36.111Z
sensor.plug_4_puissance,2.0,2026-08-08T10:54:40.547Z
sensor.plug_4_puissance,4.0,2026-08-08T10:55:07.128Z
sensor.plug_4_puissance,2.0,2026-08-08T10:55:12.118Z
sensor.plug_4_puissance,4.0,2026-08-08T10:55:17.118Z
sensor.plug_4_puissance,2.0,2026-08-08T10:55:26.129Z
sensor.plug_4_puissance,0.0,2026-08-08T10:55:31.119Z
sensor.plug_4_puissance,2.0,2026-08-08T10:55:36.119Z
sensor.plug_4_puissance,3.0,2026-08-08T10:55:41.121Z
sensor.plug_4_puissance,2.0,2026-08-08T10:55:46.123Z
sensor.plug_4_puissance,3.0,2026-08-08T10:56:12.130Z
sensor.plug_4_puissance,2.0,2026-08-08T10:56:17.122Z
sensor.plug_4_puissance,3.0,2026-08-08T10:56:25.136Z
sensor.plug_4_puissance,0.0,2026-08-08T10:56:30.137Z
sensor.plug_4_puissance,2.0,2026-08-08T10:56:35.132Z
sensor.plug_4_puissance,4.0,2026-08-08T10:56:40.136Z
sensor.plug_4_puissance,2.0,2026-08-08T10:56:45.138Z
sensor.plug_4_puissance,4.0,2026-08-08T10:56:50.124Z
sensor.plug_4_puissance,3.0,2026-08-08T10:56:55.126Z
sensor.plug_4_puissance,2.0,2026-08-08T10:57:00.126Z
sensor.plug_4_puissance,0.0,2026-08-08T10:57:05.126Z
sensor.plug_4_puissance,2.0,2026-08-08T10:57:10.127Z
sensor.plug_4_puissance,3.0,2026-08-08T10:57:15.131Z
sensor.plug_4_puissance,0.0,2026-08-08T10:57:20.130Z
sensor.plug_4_puissance,2.0,2026-08-08T10:57:25.130Z
sensor.plug_4_puissance,5.0,2026-08-08T10:57:45.135Z
sensor.plug_4_puissance,2.0,2026-08-08T10:57:50.134Z
sensor.plug_4_puissance,0.0,2026-08-08T10:58:11.141Z
sensor.plug_4_puissance,2.0,2026-08-08T10:58:16.143Z
sensor.plug_4_puissance,3.0,2026-08-08T10:58:29.134Z
sensor.plug_4_puissance,2.0,2026-08-08T10:58:34.136Z
sensor.plug_4_puissance,0.0,2026-08-08T10:58:39.136Z
sensor.plug_4_puissance,3.0,2026-08-08T10:58:44.136Z
sensor.plug_4_puissance,2.0,2026-08-08T10:58:49.136Z
sensor.plug_4_puissance,3.0,2026-08-08T10:58:56.139Z
sensor.plug_4_puissance,5.0,2026-08-08T10:59:01.141Z
sensor.plug_4_puissance,2.0,2026-08-08T10:59:06.141Z
sensor.plug_4_puissance,5.0,2026-08-08T10:59:12.143Z
sensor.plug_4_puissance,2.0,2026-08-08T10:59:17.144Z
sensor.plug_4_puissance,5.0,2026-08-08T10:59:29.152Z
sensor.plug_4_puissance,3.0,2026-08-08T10:59:34.153Z
sensor.plug_4_puissance,2.0,2026-08-08T10:59:35.400Z
sensor.plug_4_puissance,0.0,2026-08-08T10:59:42.148Z
sensor.plug_4_puissance,2.0,2026-08-08T10:59:47.148Z
sensor.plug_4_puissance,3.0,2026-08-08T11:00:06.157Z
sensor.plug_4_puissance,2.0,2026-08-08T11:00:11.149Z
sensor.plug_4_puissance,0.0,2026-08-08T11:00:17.159Z
sensor.plug_4_puissance,3.0,2026-08-08T11:00:25.158Z
sensor.plug_4_puissance,2.0,2026-08-08T11:00:31.150Z
sensor.plug_4_puissance,0.0,2026-08-08T11:00:36.152Z
sensor.plug_4_puissance,3.0,2026-08-08T11:00:41.151Z
sensor.plug_4_puissance,2.0,2026-08-08T11:00:46.154Z
sensor.plug_4_puissance,3.0,2026-08-08T11:01:09.163Z
sensor.plug_4_puissance,2.0,2026-08-08T11:01:14.166Z
sensor.plug_4_puissance,5.0,2026-08-08T11:01:19.167Z
sensor.plug_4_puissance,4.0,2026-08-08T11:01:24.166Z
sensor.plug_4_puissance,0.0,2026-08-08T11:01:29.166Z
sensor.plug_4_puissance,2.0,2026-08-08T11:01:36.169Z
sensor.plug_4_puissance,0.0,2026-08-08T11:01:41.167Z
sensor.plug_4_puissance,2.0,2026-08-08T11:01:46.167Z
sensor.plug_4_puissance,4.0,2026-08-08T11:01:51.159Z
sensor.plug_4_puissance,2.0,2026-08-08T11:01:56.167Z
sensor.plug_4_puissance,3.0,2026-08-08T11:02:09.160Z
sensor.plug_4_puissance,2.0,2026-08-08T11:02:14.160Z
sensor.plug_4_puissance,0.0,2026-08-08T11:02:38.162Z
sensor.plug_4_puissance,4.0,2026-08-08T11:02:43.163Z
sensor.plug_4_puissance,0.0,2026-08-08T11:02:48.164Z
sensor.plug_4_puissance,2.0,2026-08-08T11:02:53.164Z
sensor.plug_4_puissance,6.0,2026-08-08T11:03:05.176Z
sensor.plug_4_puissance,2.0,2026-08-08T11:03:10.166Z
sensor.plug_4_puissance,3.0,2026-08-08T11:03:22.166Z
sensor.plug_4_puissance,2.0,2026-08-08T11:03:30.167Z
sensor.plug_4_puissance,4.0,2026-08-08T11:03:35.168Z
sensor.plug_4_puissance,2.0,2026-08-08T11:03:45.169Z
sensor.plug_4_puissance,0.0,2026-08-08T11:03:50.170Z
sensor.plug_4_puissance,2.0,2026-08-08T11:03:55.170Z
sensor.plug_4_puissance,3.0,2026-08-08T11:04:07.171Z
sensor.plug_4_puissance,2.0,2026-08-08T11:04:12.171Z
sensor.plug_4_puissance,4.0,2026-08-08T11:04:22.183Z
sensor.plug_4_puissance,3.0,2026-08-08T11:04:27.182Z
sensor.plug_4_puissance,2.0,2026-08-08T11:04:30.227Z
sensor.plug_4_puissance,5.0,2026-08-08T11:04:32.178Z
sensor.plug_4_puissance,0.0,2026-08-08T11:04:37.178Z
sensor.plug_4_puissance,2.0,2026-08-08T11:04:43.185Z
sensor.plug_4_puissance,3.0,2026-08-08T11:04:48.185Z
sensor.plug_4_puissance,6.0,2026-08-08T11:04:53.180Z
sensor.plug_4_puissance,0.0,2026-08-08T11:04:58.188Z
sensor.plug_4_puissance,2.0,2026-08-08T11:05:03.178Z
sensor.plug_4_puissance,4.0,2026-08-08T11:05:08.180Z
sensor.plug_4_puissance,2.0,2026-08-08T11:05:12.364Z
sensor.plug_4_puissance,0.0,2026-08-08T11:05:18.183Z
sensor.plug_4_puissance,3.0,2026-08-08T11:05:23.183Z
sensor.plug_4_puissance,2.0,2026-08-08T11:05:30.178Z
sensor.plug_4_puissance,0.0,2026-08-08T11:05:35.183Z
sensor.plug_4_puissance,2.0,2026-08-08T11:05:40.184Z
sensor.plug_4_puissance,0.0,2026-08-08T11:05:49.193Z
sensor.plug_4_puissance,2.0,2026-08-08T11:05:54.193Z
sensor.plug_4_puissance,3.0,2026-08-08T11:06:04.187Z
sensor.plug_4_puissance,2.0,2026-08-08T11:06:09.186Z
sensor.plug_4_puissance,4.0,2026-08-08T11:06:25.186Z
sensor.plug_4_puissance,2.0,2026-08-08T11:06:30.187Z
sensor.plug_4_puissance,3.0,2026-08-08T11:06:35.187Z
sensor.plug_4_puissance,2.0,2026-08-08T11:06:36.601Z
sensor.plug_4_puissance,4.0,2026-08-08T11:06:57.192Z
sensor.plug_4_puissance,2.0,2026-08-08T11:07:02.194Z
sensor.plug_4_puissance,3.0,2026-08-08T11:07:14.205Z
sensor.plug_4_puissance,2.0,2026-08-08T11:07:18.719Z
sensor.plug_4_puissance,3.0,2026-08-08T11:07:24.205Z
sensor.plug_4_puissance,5.0,2026-08-08T11:07:29.197Z
sensor.plug_4_puissance,2.0,2026-08-08T11:07:34.200Z
sensor.plug_4_puissance,5.0,2026-08-08T11:07:52.201Z
sensor.plug_4_puissance,2.0,2026-08-08T11:07:57.209Z
sensor.plug_4_puissance,6.0,2026-08-08T11:08:08.206Z
sensor.plug_4_puissance,2.0,2026-08-08T11:08:13.207Z
sensor.plug_4_puissance,4.0,2026-08-08T11:08:38.210Z
sensor.plug_4_puissance,2.0,2026-08-08T11:08:42.961Z
sensor.plug_4_puissance,5.0,2026-08-08T11:09:01.214Z
sensor.plug_4_puissance,0.0,2026-08-08T11:09:06.214Z
sensor.plug_4_puissance,2.0,2026-08-08T11:09:11.214Z
sensor.plug_4_puissance,3.0,2026-08-08T11:09:18.219Z
sensor.plug_4_puissance,2.0,2026-08-08T11:09:23.215Z
sensor.plug_4_puissance,3.0,2026-08-08T11:09:33.215Z
sensor.plug_4_puissance,2.0,2026-08-08T11:09:38.216Z
sensor.plug_4_puissance,4.0,2026-08-08T11:09:47.231Z
sensor.plug_4_puissance,5.0,2026-08-08T11:09:52.232Z
sensor.plug_4_puissance,2.0,2026-08-08T11:09:57.226Z
sensor.plug_4_puissance,3.0,2026-08-08T11:10:26.219Z
sensor.plug_4_puissance,2.0,2026-08-08T11:10:31.219Z
sensor.plug_4_puissance,3.0,2026-08-08T11:10:36.225Z
sensor.plug_4_puissance,2.0,2026-08-08T11:10:41.219Z
sensor.plug_4_puissance,5.0,2026-08-08T11:10:47.219Z
sensor.plug_4_puissance,3.0,2026-08-08T11:10:52.221Z
sensor.plug_4_puissance,2.0,2026-08-08T11:10:57.221Z
sensor.plug_4_puissance,0.0,2026-08-08T11:11:02.221Z
sensor.plug_4_puissance,2.0,2026-08-08T11:11:07.222Z
sensor.plug_4_puissance,3.0,2026-08-08T11:11:33.222Z
sensor.plug_4_puissance,2.0,2026-08-08T11:11:38.224Z
sensor.plug_4_puissance,0.0,2026-08-08T11:11:49.232Z
sensor.plug_4_puissance,3.0,2026-08-08T11:11:54.232Z
sensor.plug_4_puissance,2.0,2026-08-08T11:11:59.224Z
sensor.plug_4_puissance,4.0,2026-08-08T11:12:04.224Z
sensor.plug_4_puissance,2.0,2026-08-08T11:12:09.224Z
sensor.plug_4_puissance,3.0,2026-08-08T11:12:25.225Z
sensor.plug_4_puissance,2.0,2026-08-08T11:12:30.225Z
sensor.plug_4_puissance,0.0,2026-08-08T11:12:43.227Z
sensor.plug_4_puissance,2.0,2026-08-08T11:12:48.225Z
sensor.plug_4_puissance,5.0,2026-08-08T11:12:56.226Z
sensor.plug_4_puissance,3.0,2026-08-08T11:13:01.233Z
sensor.plug_4_puissance,2.0,2026-08-08T11:13:06.225Z
sensor.plug_4_puissance,0.0,2026-08-08T11:13:14.241Z
sensor.plug_4_puissance,4.0,2026-08-08T11:13:19.239Z
sensor.plug_4_puissance,5.0,2026-08-08T11:13:24.237Z
sensor.plug_4_puissance,2.0,2026-08-08T11:13:29.227Z
sensor.plug_4_puissance,0.0,2026-08-08T11:13:48.229Z
sensor.plug_4_puissance,2.0,2026-08-08T11:13:53.238Z
sensor.plug_4_puissance,4.0,2026-08-08T11:13:58.239Z
sensor.plug_4_puissance,2.0,2026-08-08T11:14:03.246Z
sensor.plug_4_puissance,4.0,2026-08-08T11:14:08.241Z
sensor.plug_4_puissance,3.0,2026-08-08T11:14:13.040Z
sensor.plug_4_puissance,2.0,2026-08-08T11:14:18.040Z
sensor.plug_4_puissance,3.0,2026-08-08T11:14:25.034Z
sensor.plug_4_puissance,2.0,2026-08-08T11:14:31.042Z
sensor.plug_4_puissance,0.0,2026-08-08T11:14:37.034Z
sensor.plug_4_puissance,2.0,2026-08-08T11:14:42.034Z
sensor.plug_4_puissance,0.0,2026-08-08T11:15:05.044Z
sensor.plug_4_puissance,2.0,2026-08-08T11:15:10.046Z
sensor.plug_4_puissance,0.0,2026-08-08T11:15:15.046Z
sensor.plug_4_puissance,2.0,2026-08-08T11:15:20.047Z
sensor.plug_4_puissance,4.0,2026-08-08T11:15:27.047Z
sensor.plug_4_puissance,2.0,2026-08-08T11:15:32.046Z
sensor.plug_4_puissance,0.0,2026-08-08T11:15:37.046Z
sensor.plug_4_puissance,2.0,2026-08-08T11:15:43.048Z
sensor.plug_4_puissance,4.0,2026-08-08T11:15:48.039Z
sensor.plug_4_puissance,0.0,2026-08-08T11:15:53.040Z
sensor.plug_4_puissance,2.0,2026-08-08T11:15:58.039Z
sensor.plug_4_puissance,0.0,2026-08-08T11:16:03.040Z
sensor.plug_4_puissance,2.0,2026-08-08T11:16:08.037Z
sensor.plug_4_puissance,5.0,2026-08-08T11:16:15.042Z
sensor.plug_4_puissance,4.0,2026-08-08T11:16:20.041Z
sensor.plug_4_puissance,2.0,2026-08-08T11:16:25.042Z
sensor.plug_4_puissance,4.0,2026-08-08T11:16:37.041Z
sensor.plug_4_puissance,2.0,2026-08-08T11:16:42.041Z
sensor.plug_4_puissance,5.0,2026-08-08T11:16:47.041Z
sensor.plug_4_puissance,0.0,2026-08-08T11:16:52.040Z
sensor.plug_4_puissance,2.0,2026-08-08T11:16:57.041Z
sensor.plug_4_puissance,3.0,2026-08-08T11:17:17.042Z
sensor.plug_4_puissance,2.0,2026-08-08T11:17:24.041Z
sensor.plug_4_puissance,4.0,2026-08-08T11:17:34.043Z
sensor.plug_4_puissance,0.0,2026-08-08T11:17:39.043Z
sensor.plug_4_puissance,2.0,2026-08-08T11:17:44.044Z
sensor.plug_4_puissance,4.0,2026-08-08T11:17:59.054Z
sensor.plug_4_puissance,2.0,2026-08-08T11:18:04.055Z
sensor.plug_4_puissance,4.0,2026-08-08T11:18:34.048Z
sensor.plug_4_puissance,5.0,2026-08-08T11:18:39.048Z
sensor.plug_4_puissance,4.0,2026-08-08T11:18:44.049Z
sensor.plug_4_puissance,2.0,2026-08-08T11:18:49.050Z
sensor.plug_4_puissance,5.0,2026-08-08T11:19:24.051Z
sensor.plug_4_puissance,2.0,2026-08-08T11:19:29.052Z
sensor.plug_4_puissance,0.0,2026-08-08T11:19:47.054Z
sensor.plug_4_puissance,4.0,2026-08-08T11:19:52.055Z
sensor.plug_4_puissance,2.0,2026-08-08T11:19:56.862Z
sensor.plug_4_puissance,4.0,2026-08-08T11:20:04.058Z
sensor.plug_4_puissance,2.0,2026-08-08T11:20:09.058Z
sensor.plug_4_puissance,3.0,2026-08-08T11:20:20.059Z
sensor.plug_4_puissance,2.0,2026-08-08T11:20:29.061Z
sensor.plug_4_puissance,3.0,2026-08-08T11:20:36.061Z
sensor.plug_4_puissance,2.0,2026-08-08T11:20:41.061Z
sensor.plug_4_puissance,5.0,2026-08-08T11:20:51.063Z
sensor.plug_4_puissance,3.0,2026-08-08T11:20:59.062Z
sensor.plug_4_puissance,2.0,2026-08-08T11:21:04.063Z
sensor.plug_4_puissance,3.0,2026-08-08T11:21:11.063Z
sensor.plug_4_puissance,2.0,2026-08-08T11:21:16.061Z
sensor.plug_4_puissance,5.0,2026-08-08T11:21:21.063Z
sensor.plug_4_puissance,2.0,2026-08-08T11:21:26.064Z
sensor.plug_4_puissance,3.0,2026-08-08T11:21:31.063Z
sensor.plug_4_puissance,2.0,2026-08-08T11:21:36.065Z
sensor.plug_4_puissance,0.0,2026-08-08T11:21:41.064Z
sensor.plug_4_puissance,2.0,2026-08-08T11:21:46.065Z
sensor.plug_4_puissance,3.0,2026-08-08T11:21:51.067Z
sensor.plug_4_puissance,2.0,2026-08-08T11:21:56.066Z
sensor.plug_4_puissance,3.0,2026-08-08T11:22:01.068Z
sensor.plug_4_puissance,4.0,2026-08-08T11:22:06.068Z
sensor.plug_4_puissance,2.0,2026-08-08T11:22:12.080Z
sensor.plug_4_puissance,4.0,2026-08-08T11:22:28.070Z
sensor.plug_4_puissance,0.0,2026-08-08T11:22:36.071Z
sensor.plug_4_puissance,2.0,2026-08-08T11:22:41.071Z
sensor.plug_4_puissance,0.0,2026-08-08T11:22:46.071Z
sensor.plug_4_puissance,2.0,2026-08-08T11:22:51.071Z
sensor.plug_4_puissance,3.0,2026-08-08T11:22:56.071Z
sensor.plug_4_puissance,2.0,2026-08-08T11:23:01.071Z
sensor.plug_4_puissance,4.0,2026-08-08T11:23:08.076Z
sensor.plug_4_puissance,2.0,2026-08-08T11:23:13.072Z
sensor.plug_4_puissance,5.0,2026-08-08T11:23:23.076Z
sensor.plug_4_puissance,2.0,2026-08-08T11:23:27.457Z
sensor.plug_4_puissance,0.0,2026-08-08T11:23:34.076Z
sensor.plug_4_puissance,3.0,2026-08-08T11:23:41.086Z
sensor.plug_4_puissance,2.0,2026-08-08T11:23:46.078Z
sensor.plug_4_puissance,0.0,2026-08-08T11:23:52.089Z
sensor.plug_4_puissance,2.0,2026-08-08T11:23:57.094Z
sensor.plug_4_puissance,5.0,2026-08-08T11:24:12.093Z
sensor.plug_4_puissance,3.0,2026-08-08T11:24:17.091Z
sensor.plug_4_puissance,4.0,2026-08-08T11:24:22.091Z
sensor.plug_4_puissance,2.0,2026-08-08T11:24:27.083Z
sensor.plug_4_puissance,4.0,2026-08-08T11:24:36.097Z
sensor.plug_4_puissance,2.0,2026-08-08T11:24:41.096Z
sensor.plug_4_puissance,4.0,2026-08-08T11:24:46.093Z
sensor.plug_4_puissance,2.0,2026-08-08T11:24:51.093Z
sensor.plug_4_puissance,3.0,2026-08-08T11:24:59.085Z
sensor.plug_4_puissance,2.0,2026-08-08T11:25:04.085Z
sensor.plug_4_puissance,3.0,2026-08-08T11:25:11.088Z
sensor.plug_4_puissance,2.0,2026-08-08T11:25:20.088Z
sensor.plug_4_puissance,5.0,2026-08-08T11:25:25.089Z
sensor.plug_4_puissance,0.0,2026-08-08T11:25:30.091Z
sensor.plug_4_puissance,3.0,2026-08-08T11:25:33.819Z
sensor.plug_4_puissance,2.0,2026-08-08T11:25:44.101Z
sensor.plug_4_puissance,0.0,2026-08-08T11:25:58.102Z
sensor.plug_4_puissance,5.0,2026-08-08T11:26:03.101Z
sensor.plug_4_puissance,2.0,2026-08-08T11:26:08.102Z
sensor.plug_4_puissance,5.0,2026-08-08T11:26:17.095Z
sensor.plug_4_puissance,2.0,2026-08-08T11:26:22.095Z
sensor.plug_4_puissance,0.0,2026-08-08T11:26:27.098Z
sensor.plug_4_puissance,2.0,2026-08-08T11:26:32.096Z
sensor.plug_4_puissance,0.0,2026-08-08T11:26:37.096Z
sensor.plug_4_puissance,2.0,2026-08-08T11:26:42.096Z
sensor.plug_4_puissance,5.0,2026-08-08T11:26:47.095Z
sensor.plug_4_puissance,0.0,2026-08-08T11:26:56.107Z
sensor.plug_4_puissance,3.0,2026-08-08T11:27:01.105Z
sensor.plug_4_puissance,2.0,2026-08-08T11:27:06.105Z
sensor.plug_4_puissance,0.0,2026-08-08T11:27:11.103Z
sensor.plug_4_puissance,3.0,2026-08-08T11:27:16.104Z
sensor.plug_4_puissance,2.0,2026-08-08T11:27:24.096Z
sensor.plug_4_puissance,0.0,2026-08-08T11:27:32.103Z
sensor.plug_4_puissance,3.0,2026-08-08T11:27:37.105Z
sensor.plug_4_puissance,4.0,2026-08-08T11:27:42.106Z
sensor.plug_4_puissance,3.0,2026-08-08T11:27:47.105Z
sensor.plug_4_puissance,5.0,2026-08-08T11:27:52.110Z
sensor.plug_4_puissance,3.0,2026-08-08T11:27:57.098Z
sensor.plug_4_puissance,2.0,2026-08-08T11:28:02.106Z
sensor.plug_4_puissance,0.0,2026-08-08T11:28:43.107Z
sensor.plug_4_puissance,2.0,2026-08-08T11:28:51.099Z
sensor.plug_4_puissance,4.0,2026-08-08T11:29:01.098Z
sensor.plug_4_puissance,2.0,2026-08-08T11:29:04.402Z
sensor.plug_4_puissance,0.0,2026-08-08T11:29:19.113Z
sensor.plug_4_puissance,2.0,2026-08-08T11:29:26.112Z
sensor.plug_4_puissance,0.0,2026-08-08T11:29:31.112Z
sensor.plug_4_puissance,2.0,2026-08-08T11:29:36.112Z
sensor.plug_4_puissance,5.0,2026-08-08T11:29:56.116Z
sensor.plug_4_puissance,0.0,2026-08-08T11:30:01.115Z
sensor.plug_4_puissance,5.0,2026-08-08T11:30:06.123Z
sensor.plug_4_puissance,0.0,2026-08-08T11:30:11.115Z
sensor.plug_4_puissance,2.0,2026-08-08T11:30:16.115Z
sensor.plug_4_puissance,0.0,2026-08-08T11:30:28.113Z
sensor.plug_4_puissance,3.0,2026-08-08T11:30:33.119Z
sensor.plug_4_puissance,2.0,2026-08-08T11:30:38.118Z
sensor.plug_4_puissance,0.0,2026-08-08T11:30:43.115Z
sensor.plug_4_puissance,2.0,2026-08-08T11:30:48.115Z
sensor.plug_4_puissance,0.0,2026-08-08T11:30:53.115Z
sensor.plug_4_puissance,2.0,2026-08-08T11:30:58.114Z
sensor.plug_4_puissance,3.0,2026-08-08T11:31:03.109Z
sensor.plug_4_puissance,2.0,2026-08-08T11:31:11.108Z
sensor.plug_4_puissance,0.0,2026-08-08T11:31:16.108Z
sensor.plug_4_puissance,2.0,2026-08-08T11:31:21.110Z
sensor.plug_4_puissance,3.0,2026-08-08T11:31:28.111Z
sensor.plug_4_puissance,4.0,2026-08-08T11:31:33.124Z
sensor.plug_4_puissance,3.0,2026-08-08T11:31:38.121Z
sensor.plug_4_puissance,4.0,2026-08-08T11:31:43.114Z
sensor.plug_4_puissance,0.0,2026-08-08T11:31:48.114Z
sensor.plug_4_puissance,5.0,2026-08-08T11:31:54.123Z
sensor.plug_4_puissance,2.0,2026-08-08T11:31:59.123Z
sensor.plug_4_puissance,0.0,2026-08-08T11:32:08.116Z
sensor.plug_4_puissance,2.0,2026-08-08T11:32:13.116Z
sensor.plug_4_puissance,0.0,2026-08-08T11:32:27.121Z
sensor.plug_4_puissance,2.0,2026-08-08T11:32:32.125Z
sensor.plug_4_puissance,0.0,2026-08-08T11:32:42.126Z
sensor.plug_4_puissance,3.0,2026-08-08T11:32:47.127Z
sensor.plug_4_puissance,2.0,2026-08-08T11:32:52.127Z
sensor.plug_4_puissance,0.0,2026-08-08T11:33:01.129Z
sensor.plug_4_puissance,2.0,2026-08-08T11:33:06.128Z
sensor.plug_4_puissance,4.0,2026-08-08T11:33:59.120Z
sensor.plug_4_puissance,2.0,2026-08-08T11:34:04.120Z
sensor.plug_4_puissance,3.0,2026-08-08T11:34:17.120Z
sensor.plug_4_puissance,2.0,2026-08-08T11:34:22.121Z
sensor.plug_4_puissance,0.0,2026-08-08T11:34:27.120Z
sensor.plug_4_puissance,3.0,2026-08-08T11:34:32.122Z
sensor.plug_4_puissance,5.0,2026-08-08T11:34:37.121Z
sensor.plug_4_puissance,3.0,2026-08-08T11:34:41.352Z
sensor.plug_4_puissance,2.0,2026-08-08T11:34:47.122Z
sensor.plug_4_puissance,3.0,2026-08-08T11:35:15.124Z
sensor.plug_4_puissance,0.0,2026-08-08T11:35:20.123Z
sensor.plug_4_puissance,2.0,2026-08-08T11:35:23.473Z
sensor.plug_4_puissance,3.0,2026-08-08T11:35:30.124Z
sensor.plug_4_puissance,2.0,2026-08-08T11:35:36.132Z
sensor.plug_4_puissance,3.0,2026-08-08T11:35:47.123Z
sensor.plug_4_puissance,2.0,2026-08-08T11:35:52.124Z
sensor.plug_4_puissance,0.0,2026-08-08T11:36:32.136Z
sensor.plug_4_puissance,2.0,2026-08-08T11:36:37.137Z
sensor.plug_4_puissance,3.0,2026-08-08T11:36:51.128Z
sensor.plug_4_puissance,2.0,2026-08-08T11:36:56.128Z
sensor.plug_4_puissance,3.0,2026-08-08T11:37:13.130Z
sensor.plug_4_puissance,2.0,2026-08-08T11:37:18.131Z
sensor.plug_4_puissance,0.0,2026-08-08T11:37:35.142Z
sensor.plug_4_puissance,2.0,2026-08-08T11:37:40.143Z
sensor.plug_4_puissance,0.0,2026-08-08T11:37:45.144Z
sensor.plug_4_puissance,2.0,2026-08-08T11:37:53.140Z
sensor.plug_4_puissance,4.0,2026-08-08T11:38:31.146Z
sensor.plug_4_puissance,3.0,2026-08-08T11:38:36.146Z
sensor.plug_4_puissance,0.0,2026-08-08T11:38:41.146Z
sensor.plug_4_puissance,2.0,2026-08-08T11:38:46.146Z
sensor.plug_4_puissance,3.0,2026-08-08T11:39:00.138Z
sensor.plug_4_puissance,2.0,2026-08-08T11:39:05.149Z
sensor.plug_4_puissance,0.0,2026-08-08T11:39:10.157Z
sensor.plug_4_puissance,2.0,2026-08-08T11:39:15.143Z
sensor.plug_4_puissance,0.0,2026-08-08T11:39:24.141Z
sensor.plug_4_puissance,2.0,2026-08-08T11:39:29.141Z
sensor.plug_4_puissance,3.0,2026-08-08T11:39:34.144Z
sensor.plug_4_puissance,2.0,2026-08-08T11:39:36.204Z
sensor.plug_4_puissance,0.0,2026-08-08T11:39:57.155Z
sensor.plug_4_puissance,2.0,2026-08-08T11:40:02.155Z
sensor.plug_4_puissance,3.0,2026-08-08T11:40:16.163Z
sensor.plug_4_puissance,2.0,2026-08-08T11:40:21.158Z
sensor.plug_4_puissance,3.0,2026-08-08T11:40:26.159Z
sensor.plug_4_puissance,2.0,2026-08-08T11:40:31.157Z
sensor.plug_4_puissance,0.0,2026-08-08T11:40:46.156Z
sensor.plug_4_puissance,2.0,2026-08-08T11:40:51.152Z
sensor.plug_4_puissance,3.0,2026-08-08T11:41:20.156Z
sensor.plug_4_puissance,2.0,2026-08-08T11:41:25.166Z
sensor.plug_4_puissance,3.0,2026-08-08T11:41:30.167Z
sensor.plug_4_puissance,2.0,2026-08-08T11:41:35.159Z
sensor.plug_4_puissance,5.0,2026-08-08T11:41:41.160Z
sensor.plug_4_puissance,0.0,2026-08-08T11:41:46.161Z
sensor.plug_4_puissance,3.0,2026-08-08T11:41:51.161Z
sensor.plug_4_puissance,2.0,2026-08-08T11:41:56.161Z
sensor.plug_4_puissance,0.0,2026-08-08T11:42:22.164Z
sensor.plug_4_puissance,2.0,2026-08-08T11:42:27.165Z
sensor.plug_4_puissance,4.0,2026-08-08T11:43:06.170Z
sensor.plug_4_puissance,0.0,2026-08-08T11:43:11.169Z
sensor.plug_4_puissance,2.0,2026-08-08T11:43:16.169Z
sensor.plug_4_puissance,0.0,2026-08-08T11:43:21.177Z
sensor.plug_4_puissance,2.0,2026-08-08T11:43:26.178Z
sensor.plug_4_puissance,3.0,2026-08-08T11:43:35.171Z
sensor.plug_4_puissance,2.0,2026-08-08T11:43:40.172Z
sensor.plug_4_puissance,0.0,2026-08-08T11:44:00.183Z
sensor.plug_4_puissance,2.0,2026-08-08T11:44:05.183Z
sensor.plug_4_puissance,5.0,2026-08-08T11:44:11.189Z
sensor.plug_4_puissance,0.0,2026-08-08T11:44:16.176Z
sensor.plug_4_puissance,3.0,2026-08-08T11:44:21.184Z
sensor.plug_4_puissance,2.0,2026-08-08T11:44:26.186Z
sensor.plug_4_puissance,3.0,2026-08-08T11:44:34.189Z
sensor.plug_4_puissance,2.0,2026-08-08T11:44:41.180Z
sensor.plug_4_puissance,4.0,2026-08-08T11:44:47.177Z
sensor.plug_4_puissance,3.0,2026-08-08T11:44:52.177Z
sensor.plug_4_puissance,2.0,2026-08-08T11:44:57.179Z
sensor.plug_4_puissance,4.0,2026-08-08T11:45:02.179Z
sensor.plug_4_puissance,2.0,2026-08-08T11:45:07.179Z
sensor.plug_4_puissance,5.0,2026-08-08T11:45:12.188Z
sensor.plug_4_puissance,3.0,2026-08-08T11:45:17.187Z
sensor.plug_4_puissance,2.0,2026-08-08T11:45:22.179Z
sensor.plug_4_puissance,3.0,2026-08-08T11:45:30.188Z
sensor.plug_4_puissance,5.0,2026-08-08T11:45:36.182Z
sensor.plug_4_puissance,2.0,2026-08-08T11:45:41.180Z
sensor.plug_4_puissance,5.0,2026-08-08T11:45:49.180Z
sensor.plug_4_puissance,2.0,2026-08-08T11:45:54.180Z
sensor.plug_4_puissance,3.0,2026-08-08T11:45:59.187Z
sensor.plug_4_puissance,2.0,2026-08-08T11:46:04.181Z
sensor.plug_4_puissance,3.0,2026-08-08T11:46:15.181Z
sensor.plug_4_puissance,2.0,2026-08-08T11:46:20.179Z
sensor.plug_4_puissance,0.0,2026-08-08T11:46:25.182Z
sensor.plug_4_puissance,2.0,2026-08-08T11:46:30.180Z
sensor.plug_4_puissance,3.0,2026-08-08T11:46:53.194Z
sensor.plug_4_puissance,2.0,2026-08-08T11:46:58.185Z
sensor.plug_4_puissance,0.0,2026-08-08T11:47:03.184Z
sensor.plug_4_puissance,3.0,2026-08-08T11:47:08.183Z
sensor.plug_4_puissance,2.0,2026-08-08T11:47:13.186Z
sensor.plug_4_puissance,4.0,2026-08-08T11:47:21.186Z
sensor.plug_4_puissance,2.0,2026-08-08T11:47:26.186Z
sensor.plug_4_puissance,0.0,2026-08-08T11:47:39.198Z
sensor.plug_4_puissance,2.0,2026-08-08T11:47:44.198Z
sensor.plug_4_puissance,0.0,2026-08-08T11:48:16.201Z
sensor.plug_4_puissance,2.0,2026-08-08T11:48:21.201Z
sensor.plug_4_puissance,0.0,2026-08-08T11:48:26.201Z
sensor.plug_4_puissance,2.0,2026-08-08T11:48:31.202Z
sensor.plug_4_puissance,4.0,2026-08-08T11:48:37.194Z
sensor.plug_4_puissance,2.0,2026-08-08T11:48:42.196Z
sensor.plug_4_puissance,3.0,2026-08-08T11:48:47.196Z
sensor.plug_4_puissance,2.0,2026-08-08T11:48:52.197Z
sensor.plug_4_puissance,3.0,2026-08-08T11:48:57.199Z
sensor.plug_4_puissance,2.0,2026-08-08T11:49:02.199Z
sensor.plug_4_puissance,3.0,2026-08-08T11:49:14.200Z
sensor.plug_4_puissance,0.0,2026-08-08T11:49:19.199Z
sensor.plug_4_puissance,3.0,2026-08-08T11:49:24.200Z
sensor.plug_4_puissance,2.0,2026-08-08T11:49:25.850Z
sensor.plug_4_puissance,3.0,2026-08-08T11:49:37.201Z
sensor.plug_4_puissance,2.0,2026-08-08T11:49:42.197Z
sensor.plug_4_puissance,0.0,2026-08-08T11:49:50.216Z
sensor.plug_4_puissance,3.0,2026-08-08T11:49:56.210Z
sensor.plug_4_puissance,2.0,2026-08-08T11:50:01.202Z
sensor.plug_4_puissance,3.0,2026-08-08T11:50:22.205Z
sensor.plug_4_puissance,2.0,2026-08-08T11:50:27.205Z
sensor.plug_4_puissance,0.0,2026-08-08T11:50:55.214Z
sensor.plug_4_puissance,2.0,2026-08-08T11:51:00.213Z
sensor.plug_4_puissance,3.0,2026-08-08T11:51:06.206Z
sensor.plug_4_puissance,2.0,2026-08-08T11:51:11.206Z
sensor.plug_4_puissance,0.0,2026-08-08T11:51:25.217Z
sensor.plug_4_puissance,2.0,2026-08-08T11:51:30.217Z
sensor.plug_4_puissance,0.0,2026-08-08T11:51:40.217Z
sensor.plug_4_puissance,2.0,2026-08-08T11:51:45.218Z
sensor.plug_4_puissance,0.0,2026-08-08T11:52:01.222Z
sensor.plug_4_puissance,2.0,2026-08-08T11:52:06.220Z
sensor.plug_4_puissance,0.0,2026-08-08T11:52:11.225Z
sensor.plug_4_puissance,2.0,2026-08-08T11:52:14.332Z
sensor.plug_4_puissance,5.0,2026-08-08T11:52:16.225Z
sensor.plug_4_puissance,0.0,2026-08-08T11:52:21.222Z
sensor.plug_4_puissance,2.0,2026-08-08T11:52:26.226Z
sensor.plug_4_puissance,3.0,2026-08-08T11:52:43.215Z
sensor.plug_4_puissance,2.0,2026-08-08T11:52:48.214Z
sensor.plug_4_puissance,3.0,2026-08-08T11:52:57.216Z
sensor.plug_4_puissance,2.0,2026-08-08T11:53:02.219Z
sensor.plug_4_puissance,0.0,2026-08-08T11:53:08.226Z
sensor.plug_4_puissance,2.0,2026-08-08T11:53:13.227Z
sensor.plug_4_puissance,3.0,2026-08-08T11:53:18.218Z
sensor.plug_4_puissance,4.0,2026-08-08T11:53:23.220Z
sensor.plug_4_puissance,0.0,2026-08-08T11:53:28.219Z
sensor.plug_4_puissance,2.0,2026-08-08T11:53:33.219Z
sensor.plug_4_puissance,3.0,2026-08-08T11:53:59.229Z
sensor.plug_4_puissance,0.0,2026-08-08T11:54:07.231Z
sensor.plug_4_puissance,4.0,2026-08-08T11:54:12.230Z
sensor.plug_4_puissance,0.0,2026-08-08T11:54:17.233Z
sensor.plug_4_puissance,2.0,2026-08-08T11:54:20.688Z
sensor.plug_4_puissance,3.0,2026-08-08T11:54:31.225Z
sensor.plug_4_puissance,2.0,2026-08-08T11:54:36.225Z
sensor.plug_4_puissance,3.0,2026-08-08T11:54:48.224Z
sensor.plug_4_puissance,2.0,2026-08-08T11:54:53.227Z
sensor.plug_4_puissance,3.0,2026-08-08T11:55:13.227Z
sensor.plug_4_puissance,2.0,2026-08-08T11:55:18.227Z
sensor.plug_4_puissance,0.0,2026-08-08T11:55:39.237Z
sensor.plug_4_puissance,2.0,2026-08-08T11:55:44.239Z
sensor.plug_4_puissance,3.0,2026-08-08T11:55:49.228Z
sensor.plug_4_puissance,2.0,2026-08-08T11:55:54.238Z
sensor.plug_4_puissance,0.0,2026-08-08T11:55:59.239Z
sensor.plug_4_puissance,2.0,2026-08-08T11:56:04.241Z
sensor.plug_4_puissance,3.0,2026-08-08T11:56:10.229Z
sensor.plug_4_puissance,2.0,2026-08-08T11:56:18.231Z
sensor.plug_4_puissance,3.0,2026-08-08T11:56:36.242Z
sensor.plug_4_puissance,2.0,2026-08-08T11:56:41.230Z
sensor.plug_4_puissance,3.0,2026-08-08T11:57:01.231Z
sensor.plug_4_puissance,2.0,2026-08-08T11:57:06.231Z
sensor.plug_4_puissance,3.0,2026-08-08T11:57:09.159Z
sensor.plug_4_puissance,4.0,2026-08-08T11:57:16.233Z
sensor.plug_4_puissance,3.0,2026-08-08T11:57:21.240Z
sensor.plug_4_puissance,2.0,2026-08-08T11:57:26.240Z
sensor.plug_4_puissance,0.0,2026-08-08T11:57:36.248Z
sensor.plug_4_puissance,3.0,2026-08-08T11:57:44.246Z
sensor.plug_4_puissance,2.0,2026-08-08T11:57:49.234Z
sensor.plug_4_puissance,3.0,2026-08-08T11:58:14.236Z
sensor.plug_4_puissance,2.0,2026-08-08T11:58:19.236Z
sensor.plug_4_puissance,5.0,2026-08-08T11:58:28.246Z
sensor.plug_4_puissance,0.0,2026-08-08T11:58:33.246Z
sensor.plug_4_puissance,2.0,2026-08-08T11:58:38.250Z
sensor.plug_4_puissance,3.0,2026-08-08T11:58:43.250Z
sensor.plug_4_puissance,2.0,2026-08-08T11:58:48.251Z
sensor.plug_4_puissance,3.0,2026-08-08T11:58:54.242Z
sensor.plug_4_puissance,2.0,2026-08-08T11:58:59.243Z
sensor.plug_4_puissance,3.0,2026-08-08T11:59:05.243Z
sensor.plug_4_puissance,2.0,2026-08-08T11:59:10.244Z
sensor.plug_4_puissance,0.0,2026-08-08T11:59:15.245Z
sensor.plug_4_puissance,2.0,2026-08-08T11:59:15.514Z
sensor.plug_4_puissance,3.0,2026-08-08T12:00:34.264Z
sensor.plug_4_puissance,2.0,2026-08-08T12:00:39.258Z
sensor.plug_4_puissance,0.0,2026-08-08T12:01:29.268Z
sensor.plug_4_puissance,2.0,2026-08-08T12:01:34.269Z
sensor.plug_4_puissance,3.0,2026-08-08T12:01:55.271Z
sensor.plug_4_puissance,2.0,2026-08-08T12:02:00.273Z
sensor.plug_4_puissance,3.0,2026-08-08T12:03:23.272Z
sensor.plug_4_puissance,2.0,2026-08-08T12:03:28.217Z
sensor.plug_4_puissance,3.0,2026-08-08T12:03:34.273Z
sensor.plug_4_puissance,0.0,2026-08-08T12:03:39.275Z
sensor.plug_4_puissance,2.0,2026-08-08T12:03:44.276Z
sensor.plug_4_puissance,3.0,2026-08-08T12:04:04.284Z
sensor.plug_4_puissance,2.0,2026-08-08T12:04:09.278Z
sensor.plug_4_puissance,3.0,2026-08-08T12:04:14.279Z
sensor.plug_4_puissance,2.0,2026-08-08T12:04:19.278Z
sensor.plug_4_puissance,3.0,2026-08-08T12:05:10.093Z
sensor.plug_4_puissance,2.0,2026-08-08T12:05:15.094Z
sensor.plug_4_puissance,3.0,2026-08-08T12:05:22.083Z
sensor.plug_4_puissance,2.0,2026-08-08T12:05:27.087Z
sensor.plug_4_puissance,0.0,2026-08-08T12:05:40.103Z
sensor.plug_4_puissance,2.0,2026-08-08T12:05:45.099Z
sensor.plug_4_puissance,4.0,2026-08-08T12:06:02.092Z
sensor.plug_4_puissance,0.0,2026-08-08T12:06:07.088Z
sensor.plug_4_puissance,2.0,2026-08-08T12:06:12.092Z
sensor.plug_4_puissance,0.0,2026-08-08T12:06:25.101Z
sensor.plug_4_puissance,2.0,2026-08-08T12:06:30.100Z
sensor.plug_4_puissance,3.0,2026-08-08T12:06:35.101Z
sensor.plug_4_puissance,2.0,2026-08-08T12:06:40.100Z
sensor.plug_4_puissance,3.0,2026-08-08T12:07:46.099Z
sensor.plug_4_puissance,2.0,2026-08-08T12:07:51.099Z
sensor.plug_4_puissance,0.0,2026-08-08T12:07:57.096Z
sensor.plug_4_puissance,2.0,2026-08-08T12:08:02.092Z
sensor.plug_4_puissance,4.0,2026-08-08T12:08:23.032Z
sensor.plug_4_puissance,2.0,2026-08-08T12:08:28.109Z
sensor.plug_4_puissance,0.0,2026-08-08T12:08:41.105Z
sensor.plug_4_puissance,2.0,2026-08-08T12:08:46.107Z
sensor.plug_4_puissance,0.0,2026-08-08T12:09:12.105Z
sensor.plug_4_puissance,2.0,2026-08-08T12:09:17.105Z
sensor.plug_4_puissance,0.0,2026-08-08T12:09:23.105Z
sensor.plug_4_puissance,2.0,2026-08-08T12:09:28.106Z
sensor.plug_4_puissance,4.0,2026-08-08T12:09:41.097Z
sensor.plug_4_puissance,3.0,2026-08-08T12:09:46.098Z
sensor.plug_4_puissance,2.0,2026-08-08T12:09:51.097Z
sensor.plug_4_puissance,0.0,2026-08-08T12:10:38.100Z
sensor.plug_4_puissance,2.0,2026-08-08T12:10:43.100Z
sensor.plug_4_puissance,3.0,2026-08-08T12:10:57.112Z
sensor.plug_4_puissance,2.0,2026-08-08T12:11:02.115Z
sensor.plug_4_puissance,0.0,2026-08-08T12:11:08.103Z
sensor.plug_4_puissance,2.0,2026-08-08T12:11:11.509Z
sensor.plug_4_puissance,0.0,2026-08-08T12:12:00.118Z
sensor.plug_4_puissance,3.0,2026-08-08T12:12:05.116Z
sensor.plug_4_puissance,2.0,2026-08-08T12:12:10.122Z
sensor.plug_4_puissance,3.0,2026-08-08T12:12:22.112Z
sensor.plug_4_puissance,2.0,2026-08-08T12:12:27.112Z
sensor.plug_4_puissance,3.0,2026-08-08T12:12:32.111Z
sensor.plug_4_puissance,2.0,2026-08-08T12:12:35.745Z
sensor.plug_4_puissance,0.0,2026-08-08T12:12:51.129Z
sensor.plug_4_puissance,2.0,2026-08-08T12:12:59.124Z
sensor.plug_4_puissance,4.0,2026-08-08T12:13:17.131Z
sensor.plug_4_puissance,2.0,2026-08-08T12:13:22.121Z
sensor.plug_4_puissance,0.0,2026-08-08T12:13:42.120Z
sensor.plug_4_puissance,2.0,2026-08-08T12:13:47.125Z
sensor.plug_4_puissance,3.0,2026-08-08T12:13:58.117Z
sensor.plug_4_puissance,2.0,2026-08-08T12:14:03.117Z
sensor.plug_4_puissance,3.0,2026-08-08T12:14:13.117Z
sensor.plug_4_puissance,2.0,2026-08-08T12:14:18.117Z
sensor.plug_4_puissance,3.0,2026-08-08T12:14:23.117Z
sensor.plug_4_puissance,0.0,2026-08-08T12:14:35.124Z
sensor.plug_4_puissance,2.0,2026-08-08T12:14:40.128Z
sensor.plug_4_puissance,3.0,2026-08-08T12:14:45.123Z
sensor.plug_4_puissance,2.0,2026-08-08T12:14:50.121Z
sensor.plug_4_puissance,0.0,2026-08-08T12:14:57.129Z
sensor.plug_4_puissance,2.0,2026-08-08T12:15:02.132Z
sensor.plug_4_puissance,3.0,2026-08-08T12:15:07.120Z
sensor.plug_4_puissance,2.0,2026-08-08T12:15:12.118Z
sensor.plug_4_puissance,0.0,2026-08-08T12:15:49.133Z
sensor.plug_4_puissance,2.0,2026-08-08T12:15:54.133Z
sensor.plug_4_puissance,0.0,2026-08-08T12:15:59.133Z
sensor.plug_4_puissance,2.0,2026-08-08T12:16:04.135Z
sensor.plug_4_puissance,3.0,2026-08-08T12:16:27.125Z
sensor.plug_4_puissance,2.0,2026-08-08T12:16:32.126Z
sensor.plug_4_puissance,4.0,2026-08-08T12:16:37.125Z
sensor.plug_4_puissance,2.0,2026-08-08T12:16:42.123Z
sensor.plug_4_puissance,0.0,2026-08-08T12:16:59.144Z
sensor.plug_4_puissance,2.0,2026-08-08T12:17:04.139Z
sensor.plug_4_puissance,0.0,2026-08-08T12:17:25.140Z
sensor.plug_4_puissance,2.0,2026-08-08T12:17:30.142Z
sensor.plug_4_puissance,3.0,2026-08-08T12:18:03.148Z
sensor.plug_4_puissance,0.0,2026-08-08T12:18:08.145Z
sensor.plug_4_puissance,2.0,2026-08-08T12:18:12.700Z
sensor.plug_4_puissance,0.0,2026-08-08T12:18:41.148Z
sensor.plug_4_puissance,2.0,2026-08-08T12:18:46.149Z
sensor.plug_4_puissance,5.0,2026-08-08T12:18:58.151Z
sensor.plug_4_puissance,2.0,2026-08-08T12:19:03.151Z
sensor.plug_4_puissance,3.0,2026-08-08T12:19:10.143Z
sensor.plug_4_puissance,2.0,2026-08-08T12:19:15.140Z
sensor.plug_4_puissance,3.0,2026-08-08T12:19:27.151Z
sensor.plug_4_puissance,2.0,2026-08-08T12:19:32.153Z
sensor.plug_4_puissance,3.0,2026-08-08T12:20:04.145Z
sensor.plug_4_puissance,2.0,2026-08-08T12:20:09.146Z
sensor.plug_4_puissance,5.0,2026-08-08T12:20:14.147Z
sensor.plug_4_puissance,2.0,2026-08-08T12:20:19.053Z
sensor.plug_4_puissance,4.0,2026-08-08T12:20:42.163Z
sensor.plug_4_puissance,3.0,2026-08-08T12:20:47.153Z
sensor.plug_4_puissance,2.0,2026-08-08T12:20:52.171Z
sensor.plug_4_puissance,3.0,2026-08-08T12:20:57.158Z
sensor.plug_4_puissance,2.0,2026-08-08T12:21:01.175Z
sensor.plug_4_puissance,0.0,2026-08-08T12:21:17.158Z
sensor.plug_4_puissance,2.0,2026-08-08T12:21:24.163Z
sensor.plug_4_puissance,0.0,2026-08-08T12:21:31.161Z
sensor.plug_4_puissance,2.0,2026-08-08T12:21:36.164Z
sensor.plug_4_puissance,0.0,2026-08-08T12:21:41.164Z
sensor.plug_4_puissance,2.0,2026-08-08T12:21:46.167Z
sensor.plug_4_puissance,4.0,2026-08-08T12:21:52.157Z
sensor.plug_4_puissance,2.0,2026-08-08T12:21:57.159Z
sensor.plug_4_puissance,4.0,2026-08-08T12:22:02.165Z
sensor.plug_4_puissance,2.0,2026-08-08T12:22:07.165Z
sensor.plug_4_puissance,3.0,2026-08-08T12:22:12.163Z
sensor.plug_4_puissance,2.0,2026-08-08T12:22:17.165Z
sensor.plug_4_puissance,4.0,2026-08-08T12:22:28.173Z
sensor.plug_4_puissance,3.0,2026-08-08T12:22:33.176Z
sensor.plug_4_puissance,2.0,2026-08-08T12:22:38.177Z
sensor.plug_4_puissance,0.0,2026-08-08T12:22:54.176Z
sensor.plug_4_puissance,3.0,2026-08-08T12:22:59.176Z
sensor.plug_4_puissance,2.0,2026-08-08T12:23:08.167Z
sensor.plug_4_puissance,3.0,2026-08-08T12:23:13.167Z
sensor.plug_4_puissance,2.0,2026-08-08T12:23:18.174Z
sensor.plug_4_puissance,4.0,2026-08-08T12:23:29.167Z
sensor.plug_4_puissance,3.0,2026-08-08T12:23:34.168Z
sensor.plug_4_puissance,0.0,2026-08-08T12:23:42.181Z
sensor.plug_4_puissance,2.0,2026-08-08T12:23:47.177Z
sensor.plug_4_puissance,5.0,2026-08-08T12:23:53.170Z
sensor.plug_4_puissance,2.0,2026-08-08T12:23:58.169Z
sensor.plug_4_puissance,3.0,2026-08-08T12:24:08.170Z
sensor.plug_4_puissance,2.0,2026-08-08T12:24:13.170Z
sensor.plug_4_puissance,0.0,2026-08-08T12:24:19.181Z
sensor.plug_4_puissance,4.0,2026-08-08T12:24:24.179Z
sensor.plug_4_puissance,2.0,2026-08-08T12:24:29.171Z
sensor.plug_4_puissance,3.0,2026-08-08T12:24:34.172Z
sensor.plug_4_puissance,5.0,2026-08-08T12:24:39.172Z
sensor.plug_4_puissance,2.0,2026-08-08T12:24:44.172Z
sensor.plug_4_puissance,0.0,2026-08-08T12:25:08.176Z
sensor.plug_4_puissance,2.0,2026-08-08T12:25:13.178Z
sensor.plug_4_puissance,0.0,2026-08-08T12:25:40.184Z
sensor.plug_4_puissance,2.0,2026-08-08T12:25:45.184Z
sensor.plug_4_puissance,3.0,2026-08-08T12:27:06.180Z
sensor.plug_4_puissance,2.0,2026-08-08T12:27:11.181Z
sensor.plug_4_puissance,0.0,2026-08-08T12:27:28.197Z
sensor.plug_4_puissance,2.0,2026-08-08T12:27:33.191Z
sensor.plug_4_puissance,3.0,2026-08-08T12:27:38.192Z
sensor.plug_4_puissance,2.0,2026-08-08T12:27:43.182Z
sensor.plug_4_puissance,3.0,2026-08-08T12:29:27.189Z
sensor.plug_4_puissance,2.0,2026-08-08T12:29:32.184Z
sensor.plug_4_puissance,0.0,2026-08-08T12:29:37.198Z
sensor.plug_4_puissance,2.0,2026-08-08T12:29:42.193Z
sensor.plug_4_puissance,0.0,2026-08-08T12:29:47.197Z
sensor.plug_4_puissance,2.0,2026-08-08T12:29:52.193Z
sensor.plug_4_puissance,3.0,2026-08-08T12:30:36.192Z
sensor.plug_4_puissance,2.0,2026-08-08T12:30:41.192Z
sensor.plug_4_puissance,3.0,2026-08-08T12:31:36.196Z
sensor.plug_4_puissance,2.0,2026-08-08T12:31:41.196Z
sensor.plug_4_puissance,3.0,2026-08-08T12:31:49.196Z
sensor.plug_4_puissance,2.0,2026-08-08T12:31:54.196Z
sensor.plug_4_puissance,3.0,2026-08-08T12:32:36.199Z
sensor.plug_4_puissance,4.0,2026-08-08T12:32:41.200Z
sensor.plug_4_puissance,2.0,2026-08-08T12:32:46.201Z
sensor.plug_4_puissance,3.0,2026-08-08T12:32:51.201Z
sensor.plug_4_puissance,2.0,2026-08-08T12:32:56.201Z
sensor.plug_4_puissance,3.0,2026-08-08T12:33:01.201Z
sensor.plug_4_puissance,0.0,2026-08-08T12:33:06.201Z
sensor.plug_4_puissance,2.0,2026-08-08T12:33:11.201Z
sensor.plug_4_puissance,3.0,2026-08-08T12:33:39.211Z
sensor.plug_4_puissance,2.0,2026-08-08T12:33:44.204Z
sensor.plug_4_puissance,0.0,2026-08-08T12:34:16.213Z
sensor.plug_4_puissance,2.0,2026-08-08T12:34:21.214Z
sensor.plug_4_puissance,3.0,2026-08-08T12:34:26.205Z
sensor.plug_4_puissance,2.0,2026-08-08T12:34:31.204Z
sensor.plug_4_puissance,0.0,2026-08-08T12:36:43.218Z
sensor.plug_4_puissance,2.0,2026-08-08T12:36:48.218Z
sensor.plug_4_puissance,0.0,2026-08-08T12:37:17.223Z
sensor.plug_4_puissance,2.0,2026-08-08T12:37:22.235Z
sensor.plug_4_puissance,3.0,2026-08-08T12:37:50.224Z
sensor.plug_4_puissance,2.0,2026-08-08T12:37:55.223Z
sensor.plug_4_puissance,3.0,2026-08-08T12:40:22.259Z
sensor.plug_4_puissance,2.0,2026-08-08T12:40:27.242Z
sensor.plug_4_puissance,3.0,2026-08-08T12:41:10.246Z
sensor.plug_4_puissance,2.0,2026-08-08T12:41:16.247Z
sensor.plug_4_puissance,3.0,2026-08-08T12:43:14.263Z
sensor.plug_4_puissance,2.0,2026-08-08T12:43:19.276Z
sensor.plug_4_puissance,3.0,2026-08-08T12:43:24.264Z
sensor.plug_4_puissance,2.0,2026-08-08T12:43:29.044Z
sensor.plug_4_puissance,0.0,2026-08-08T12:43:55.275Z
sensor.plug_4_puissance,2.0,2026-08-08T12:44:00.279Z
sensor.plug_4_puissance,3.0,2026-08-08T12:46:26.289Z
sensor.plug_4_puissance,2.0,2026-08-08T12:46:31.288Z
sensor.plug_4_puissance,3.0,2026-08-08T12:47:43.309Z
sensor.plug_4_puissance,2.0,2026-08-08T12:47:48.320Z
sensor.plug_4_puissance,0.0,2026-08-08T12:48:09.322Z
sensor.plug_4_puissance,2.0,2026-08-08T12:48:14.313Z
sensor.plug_4_puissance,3.0,2026-08-08T12:51:14.129Z
sensor.plug_4_puissance,2.0,2026-08-08T12:51:19.129Z
sensor.plug_4_puissance,0.0,2026-08-08T12:55:13.163Z
sensor.plug_4_puissance,2.0,2026-08-08T12:55:18.164Z
sensor.plug_4_puissance,3.0,2026-08-08T12:55:35.160Z
sensor.plug_4_puissance,2.0,2026-08-08T12:55:40.160Z
sensor.plug_4_puissance,0.0,2026-08-08T12:56:49.344Z
sensor.plug_4_puissance,2.0,2026-08-08T12:56:55.165Z
sensor.plug_4_puissance,0.0,2026-08-08T13:00:58.199Z
sensor.plug_4_puissance,2.0,2026-08-08T13:01:02.068Z
sensor.plug_4_puissance,3.0,2026-08-08T13:02:55.195Z
sensor.plug_4_puissance,2.0,2026-08-08T13:03:00.195Z
sensor.plug_4_puissance,3.0,2026-08-08T13:04:30.201Z
sensor.plug_4_puissance,2.0,2026-08-08T13:04:35.201Z
sensor.plug_4_puissance,3.0,2026-08-08T13:04:40.198Z
sensor.plug_4_puissance,2.0,2026-08-08T13:04:45.201Z
sensor.plug_4_puissance,0.0,2026-08-08T13:06:15.219Z
sensor.plug_4_puissance,2.0,2026-08-08T13:06:20.215Z
sensor.plug_4_puissance,3.0,2026-08-08T13:16:34.284Z
sensor.plug_4_puissance,2.0,2026-08-08T13:16:39.284Z
sensor.plug_4_puissance,3.0,2026-08-08T13:17:51.300Z
sensor.plug_4_puissance,2.0,2026-08-08T13:17:56.292Z
sensor.plug_4_puissance,3.0,2026-08-08T13:21:05.319Z
sensor.plug_4_puissance,2.0,2026-08-08T13:21:10.309Z
sensor.plug_4_puissance,3.0,2026-08-08T13:21:15.309Z
sensor.plug_4_puissance,2.0,2026-08-08T13:21:20.309Z
sensor.plug_4_puissance,3.0,2026-08-08T13:23:33.322Z
sensor.plug_4_puissance,2.0,2026-08-08T13:23:38.318Z
sensor.plug_4_puissance,5.0,2026-08-08T13:24:47.325Z
sensor.plug_4_puissance,2.0,2026-08-08T13:24:52.322Z
sensor.plug_4_puissance,3.0,2026-08-08T13:27:38.337Z
sensor.plug_4_puissance,2.0,2026-08-08T13:27:42.702Z
sensor.plug_4_puissance,0.0,2026-08-08T13:28:33.352Z
sensor.plug_4_puissance,2.0,2026-08-08T13:28:38.354Z
sensor.plug_4_puissance,3.0,2026-08-08T13:29:40.362Z
sensor.plug_4_puissance,2.0,2026-08-08T13:29:45.363Z
sensor.plug_4_puissance,0.0,2026-08-08T13:37:59.208Z
sensor.plug_4_puissance,2.0,2026-08-08T13:38:04.207Z
sensor.plug_4_puissance,3.0,2026-08-08T13:41:07.212Z
sensor.plug_4_puissance,2.0,2026-08-08T13:41:12.213Z
sensor.plug_4_puissance,3.0,2026-08-08T13:47:24.268Z
sensor.plug_4_puissance,2.0,2026-08-08T13:47:29.267Z
sensor.plug_4_puissance,3.0,2026-08-08T13:52:45.329Z
sensor.plug_4_puissance,2.0,2026-08-08T13:52:50.338Z
sensor.plug_4_puissance,0.0,2026-08-08T13:58:19.390Z
sensor.plug_4_puissance,2.0,2026-08-08T13:58:24.397Z
sensor.plug_4_puissance,3.0,2026-08-08T13:59:52.205Z
sensor.plug_4_puissance,2.0,2026-08-08T13:59:57.206Z
sensor.plug_4_puissance,3.0,2026-08-08T14:02:30.224Z
sensor.plug_4_puissance,2.0,2026-08-08T14:02:35.224Z
sensor.plug_4_puissance,3.0,2026-08-08T14:03:07.235Z
sensor.plug_4_puissance,2.0,2026-08-08T14:03:12.236Z
sensor.plug_4_puissance,0.0,2026-08-08T14:04:02.255Z
sensor.plug_4_puissance,2.0,2026-08-08T14:04:07.255Z
sensor.plug_4_puissance,3.0,2026-08-08T14:06:28.273Z
sensor.plug_4_puissance,2.0,2026-08-08T14:06:33.269Z
sensor.plug_4_puissance,3.0,2026-08-08T14:06:38.282Z
sensor.plug_4_puissance,2.0,2026-08-08T14:06:43.278Z
sensor.plug_4_puissance,0.0,2026-08-08T14:06:48.279Z
sensor.plug_4_puissance,2.0,2026-08-08T14:06:53.286Z
sensor.plug_4_puissance,3.0,2026-08-08T14:07:57.288Z
sensor.plug_4_puissance,2.0,2026-08-08T14:08:02.288Z
sensor.plug_4_puissance,0.0,2026-08-08T14:14:15.354Z
sensor.plug_4_puissance,2.0,2026-08-08T14:14:20.354Z
sensor.plug_4_puissance,0.0,2026-08-08T14:15:42.364Z
sensor.plug_4_puissance,2.0,2026-08-08T14:15:47.365Z
sensor.plug_4_puissance,3.0,2026-08-08T14:16:37.355Z
sensor.plug_4_puissance,2.0,2026-08-08T14:16:42.361Z
sensor.plug_4_puissance,0.0,2026-08-08T14:16:48.355Z
sensor.plug_4_puissance,3.0,2026-08-08T14:16:53.355Z
sensor.plug_4_puissance,2.0,2026-08-08T14:16:58.354Z
sensor.plug_4_puissance,0.0,2026-08-08T14:19:54.372Z
sensor.plug_4_puissance,2.0,2026-08-08T14:19:59.373Z
sensor.plug_4_puissance,4.0,2026-08-08T14:20:31.368Z
sensor.plug_4_puissance,2.0,2026-08-08T14:20:36.368Z
sensor.plug_4_puissance,3.0,2026-08-08T14:21:11.369Z
sensor.plug_4_puissance,2.0,2026-08-08T14:21:16.371Z
sensor.plug_4_puissance,3.0,2026-08-08T14:21:21.371Z
sensor.plug_4_puissance,2.0,2026-08-08T14:21:26.370Z
sensor.plug_4_puissance,3.0,2026-08-08T14:21:48.373Z
sensor.plug_4_puissance,2.0,2026-08-08T14:21:53.374Z
sensor.plug_4_puissance,0.0,2026-08-08T14:22:09.384Z
sensor.plug_4_puissance,2.0,2026-08-08T14:22:14.384Z
sensor.plug_4_puissance,4.0,2026-08-08T14:22:24.376Z
sensor.plug_4_puissance,3.0,2026-08-08T14:22:28.033Z
sensor.plug_4_puissance,2.0,2026-08-08T14:22:34.377Z
sensor.plug_4_puissance,3.0,2026-08-08T14:22:39.377Z
sensor.plug_4_puissance,2.0,2026-08-08T14:22:44.378Z
sensor.plug_4_puissance,3.0,2026-08-08T14:23:02.378Z
sensor.plug_4_puissance,2.0,2026-08-08T14:23:07.387Z
sensor.plug_4_puissance,3.0,2026-08-08T14:23:31.381Z
sensor.plug_4_puissance,2.0,2026-08-08T14:23:36.384Z
sensor.plug_4_puissance,3.0,2026-08-08T14:25:19.396Z
sensor.plug_4_puissance,2.0,2026-08-08T14:25:24.396Z
sensor.plug_4_puissance,3.0,2026-08-08T14:26:15.401Z
sensor.plug_4_puissance,2.0,2026-08-08T14:26:20.401Z
sensor.plug_4_puissance,3.0,2026-08-08T14:29:01.416Z
sensor.plug_4_puissance,2.0,2026-08-08T14:29:06.416Z
sensor.plug_4_puissance,0.0,2026-08-08T14:29:28.427Z
sensor.plug_4_puissance,2.0,2026-08-08T14:29:33.425Z
sensor.plug_4_puissance,0.0,2026-08-08T14:29:38.426Z
sensor.plug_4_puissance,3.0,2026-08-08T14:29:51.426Z
sensor.plug_4_puissance,2.0,2026-08-08T14:29:56.424Z
sensor.plug_4_puissance,3.0,2026-08-08T14:30:01.426Z
sensor.plug_4_puissance,2.0,2026-08-08T14:30:06.417Z
sensor.plug_4_puissance,4.0,2026-08-08T14:30:15.428Z
sensor.plug_4_puissance,0.0,2026-08-08T14:30:20.429Z
sensor.plug_4_puissance,2.0,2026-08-08T14:30:25.428Z
sensor.plug_4_puissance,0.0,2026-08-08T14:30:31.428Z
sensor.plug_4_puissance,2.0,2026-08-08T14:30:36.429Z
sensor.plug_4_puissance,3.0,2026-08-08T14:30:50.423Z
sensor.plug_4_puissance,2.0,2026-08-08T14:30:55.422Z
sensor.plug_4_puissance,0.0,2026-08-08T14:31:16.434Z
sensor.plug_4_puissance,2.0,2026-08-08T14:31:21.434Z
sensor.plug_4_puissance,3.0,2026-08-08T14:31:31.424Z
sensor.plug_4_puissance,2.0,2026-08-08T14:31:35.587Z
sensor.plug_4_puissance,3.0,2026-08-08T14:32:30.436Z
sensor.plug_4_puissance,2.0,2026-08-08T14:32:35.436Z
sensor.plug_4_puissance,3.0,2026-08-08T14:33:10.245Z
sensor.plug_4_puissance,4.0,2026-08-08T14:33:15.242Z
sensor.plug_4_puissance,0.0,2026-08-08T14:33:20.245Z
sensor.plug_4_puissance,2.0,2026-08-08T14:33:25.246Z
sensor.plug_4_puissance,3.0,2026-08-08T14:34:22.237Z
sensor.plug_4_puissance,0.0,2026-08-08T14:34:29.247Z
sensor.plug_4_puissance,2.0,2026-08-08T14:34:34.248Z
sensor.plug_4_puissance,4.0,2026-08-08T14:36:17.245Z
sensor.plug_4_puissance,2.0,2026-08-08T14:36:22.245Z
sensor.plug_4_puissance,0.0,2026-08-08T14:36:27.245Z
sensor.plug_4_puissance,2.0,2026-08-08T14:36:30.437Z
sensor.plug_4_puissance,0.0,2026-08-08T14:37:10.258Z
sensor.plug_4_puissance,2.0,2026-08-08T14:37:15.259Z
sensor.plug_4_puissance,0.0,2026-08-08T14:38:36.788Z
sensor.plug_4_puissance,2.0,2026-08-08T14:38:44.254Z
sensor.plug_4_puissance,0.0,2026-08-08T14:38:59.266Z
sensor.plug_4_puissance,2.0,2026-08-08T14:39:07.271Z
sensor.plug_4_puissance,0.0,2026-08-08T14:39:15.256Z
sensor.plug_4_puissance,2.0,2026-08-08T14:39:18.915Z
sensor.plug_4_puissance,3.0,2026-08-08T14:39:26.257Z
sensor.plug_4_puissance,2.0,2026-08-08T14:39:31.257Z
sensor.plug_4_puissance,3.0,2026-08-08T14:39:37.257Z
sensor.plug_4_puissance,2.0,2026-08-08T14:39:42.258Z
sensor.plug_4_puissance,0.0,2026-08-08T14:40:22.273Z
sensor.plug_4_puissance,2.0,2026-08-08T14:40:27.271Z
sensor.plug_4_puissance,3.0,2026-08-08T14:42:05.274Z
sensor.plug_4_puissance,2.0,2026-08-08T14:42:13.267Z
sensor.plug_4_puissance,0.0,2026-08-08T14:43:53.279Z
sensor.plug_4_puissance,2.0,2026-08-08T14:43:58.281Z
sensor.plug_4_puissance,0.0,2026-08-08T14:44:53.280Z
sensor.plug_4_puissance,2.0,2026-08-08T14:44:58.283Z
sensor.plug_4_puissance,0.0,2026-08-08T14:46:26.280Z
sensor.plug_4_puissance,2.0,2026-08-08T14:46:31.284Z
sensor.plug_4_puissance,0.0,2026-08-08T14:46:41.292Z
sensor.plug_4_puissance,2.0,2026-08-08T14:46:46.292Z
sensor.plug_4_puissance,0.0,2026-08-08T14:47:12.297Z
sensor.plug_4_puissance,2.0,2026-08-08T14:47:17.297Z
sensor.plug_4_puissance,0.0,2026-08-08T14:50:11.310Z
sensor.plug_4_puissance,2.0,2026-08-08T14:50:16.311Z
sensor.plug_4_puissance,0.0,2026-08-08T14:50:41.310Z
sensor.plug_4_puissance,2.0,2026-08-08T14:50:46.311Z
sensor.plug_4_puissance,3.0,2026-08-08T14:50:51.312Z
sensor.plug_4_puissance,2.0,2026-08-08T14:50:56.302Z
sensor.plug_4_puissance,0.0,2026-08-08T14:51:10.311Z
sensor.plug_4_puissance,2.0,2026-08-08T14:51:14.950Z
sensor.plug_4_puissance,3.0,2026-08-08T14:51:52.306Z
sensor.plug_4_puissance,2.0,2026-08-08T14:51:57.069Z
sensor.plug_4_puissance,0.0,2026-08-08T14:52:06.304Z
sensor.plug_4_puissance,2.0,2026-08-08T14:52:11.308Z
sensor.plug_4_puissance,0.0,2026-08-08T14:52:22.316Z
sensor.plug_4_puissance,2.0,2026-08-08T14:52:27.317Z
sensor.plug_4_puissance,3.0,2026-08-08T14:52:40.308Z
sensor.plug_4_puissance,2.0,2026-08-08T14:52:45.318Z
sensor.plug_4_puissance,3.0,2026-08-08T14:53:06.307Z
sensor.plug_4_puissance,2.0,2026-08-08T14:53:11.311Z
sensor.plug_4_puissance,3.0,2026-08-08T14:54:05.314Z
sensor.plug_4_puissance,2.0,2026-08-08T14:54:10.313Z
sensor.plug_4_puissance,3.0,2026-08-08T14:54:46.317Z
sensor.plug_4_puissance,2.0,2026-08-08T14:54:51.317Z
sensor.plug_4_puissance,3.0,2026-08-08T14:55:46.324Z
sensor.plug_4_puissance,0.0,2026-08-08T14:55:51.324Z
sensor.plug_4_puissance,2.0,2026-08-08T14:55:56.324Z
sensor.plug_4_puissance,0.0,2026-08-08T14:56:15.340Z
sensor.plug_4_puissance,2.0,2026-08-08T14:56:20.340Z
sensor.plug_4_puissance,3.0,2026-08-08T14:56:35.325Z
sensor.plug_4_puissance,2.0,2026-08-08T14:56:40.328Z
sensor.plug_4_puissance,0.0,2026-08-08T14:57:23.334Z
sensor.plug_4_puissance,2.0,2026-08-08T14:57:28.330Z
sensor.plug_4_puissance,0.0,2026-08-08T14:58:12.342Z
sensor.plug_4_puissance,2.0,2026-08-08T14:58:16.130Z
sensor.plug_4_puissance,3.0,2026-08-08T15:01:10.354Z
sensor.plug_4_puissance,2.0,2026-08-08T15:01:15.354Z
sensor.plug_4_puissance,3.0,2026-08-08T15:01:24.351Z
sensor.plug_4_puissance,2.0,2026-08-08T15:01:29.352Z
sensor.plug_4_puissance,5.0,2026-08-08T15:01:34.350Z
sensor.plug_4_puissance,2.0,2026-08-08T15:01:39.359Z
sensor.plug_4_puissance,3.0,2026-08-08T15:01:45.351Z
sensor.plug_4_puissance,2.0,2026-08-08T15:01:50.351Z
sensor.plug_4_puissance,3.0,2026-08-08T15:02:29.354Z
sensor.plug_4_puissance,2.0,2026-08-08T15:02:34.355Z
sensor.plug_4_puissance,0.0,2026-08-08T15:03:10.366Z
sensor.plug_4_puissance,2.0,2026-08-08T15:03:15.365Z
sensor.plug_4_puissance,3.0,2026-08-08T15:04:17.368Z
sensor.plug_4_puissance,2.0,2026-08-08T15:04:22.369Z
sensor.plug_4_puissance,3.0,2026-08-08T15:04:55.360Z
sensor.plug_4_puissance,2.0,2026-08-08T15:05:00.360Z
sensor.plug_4_puissance,3.0,2026-08-08T15:06:58.366Z
sensor.plug_4_puissance,2.0,2026-08-08T15:07:03.362Z
sensor.plug_4_puissance,0.0,2026-08-08T15:07:27.366Z
sensor.plug_4_puissance,2.0,2026-08-08T15:07:32.368Z
sensor.plug_4_puissance,0.0,2026-08-08T15:08:41.385Z
sensor.plug_4_puissance,3.0,2026-08-08T15:08:46.377Z
sensor.plug_4_puissance,2.0,2026-08-08T15:08:51.372Z
sensor.plug_4_puissance,3.0,2026-08-08T15:10:46.375Z
sensor.plug_4_puissance,2.0,2026-08-08T15:10:51.375Z
sensor.plug_4_puissance,4.0,2026-08-08T15:10:54.274Z
sensor.plug_4_puissance,2.0,2026-08-08T15:11:01.375Z
sensor.plug_4_puissance,0.0,2026-08-08T15:11:12.377Z
sensor.plug_4_puissance,2.0,2026-08-08T15:11:17.378Z
sensor.plug_4_puissance,3.0,2026-08-08T15:11:35.378Z
sensor.plug_4_puissance,2.0,2026-08-08T15:11:40.386Z
sensor.plug_4_puissance,0.0,2026-08-08T15:11:45.387Z
sensor.plug_4_puissance,2.0,2026-08-08T15:11:50.389Z
sensor.plug_4_puissance,0.0,2026-08-08T15:12:28.392Z
sensor.plug_4_puissance,2.0,2026-08-08T15:12:33.394Z
sensor.plug_4_puissance,0.0,2026-08-08T15:16:13.415Z
sensor.plug_4_puissance,2.0,2026-08-08T15:16:18.404Z
sensor.plug_4_puissance,0.0,2026-08-08T15:17:39.412Z
sensor.plug_4_puissance,2.0,2026-08-08T15:17:44.414Z
sensor.plug_4_puissance,3.0,2026-08-08T15:18:35.419Z
sensor.plug_4_puissance,2.0,2026-08-08T15:18:40.417Z
sensor.plug_4_puissance,0.0,2026-08-08T15:18:50.426Z
sensor.plug_4_puissance,2.0,2026-08-08T15:18:55.427Z
sensor.plug_4_puissance,0.0,2026-08-08T15:21:39.441Z
sensor.plug_4_puissance,4.0,2026-08-08T15:21:44.443Z
sensor.plug_4_puissance,2.0,2026-08-08T15:21:49.432Z
sensor.plug_4_puissance,0.0,2026-08-08T15:24:26.457Z
sensor.plug_4_puissance,2.0,2026-08-08T15:24:31.460Z
sensor.plug_4_puissance,0.0,2026-08-08T15:24:36.464Z
sensor.plug_4_puissance,2.0,2026-08-08T15:24:41.460Z
sensor.plug_4_puissance,0.0,2026-08-08T15:25:29.460Z
sensor.plug_4_puissance,2.0,2026-08-08T15:25:34.465Z
sensor.plug_4_puissance,3.0,2026-08-08T15:25:41.458Z
sensor.plug_4_puissance,0.0,2026-08-08T15:25:46.458Z
sensor.plug_4_puissance,2.0,2026-08-08T15:25:51.459Z
sensor.plug_4_puissance,3.0,2026-08-08T15:25:59.459Z
sensor.plug_4_puissance,2.0,2026-08-08T15:26:04.459Z
sensor.plug_4_puissance,3.0,2026-08-08T15:26:22.464Z
sensor.plug_4_puissance,2.0,2026-08-08T15:26:27.461Z
sensor.plug_4_puissance,0.0,2026-08-08T15:26:59.473Z
sensor.plug_4_puissance,2.0,2026-08-08T15:27:03.030Z
sensor.plug_4_puissance,0.0,2026-08-08T15:27:29.472Z
sensor.plug_4_puissance,3.0,2026-08-08T15:27:34.471Z
sensor.plug_4_puissance,2.0,2026-08-08T15:27:39.464Z
sensor.plug_4_puissance,3.0,2026-08-08T15:28:01.471Z
sensor.plug_4_puissance,0.0,2026-08-08T15:28:06.461Z
sensor.plug_4_puissance,2.0,2026-08-08T15:28:11.464Z
sensor.plug_4_puissance,0.0,2026-08-08T15:28:56.478Z
sensor.plug_4_puissance,2.0,2026-08-08T15:29:01.477Z
sensor.plug_4_puissance,3.0,2026-08-08T15:29:52.469Z
sensor.plug_4_puissance,2.0,2026-08-08T15:29:57.469Z
sensor.plug_4_puissance,0.0,2026-08-08T15:30:14.487Z
sensor.plug_4_puissance,2.0,2026-08-08T15:30:19.480Z
sensor.plug_4_puissance,3.0,2026-08-08T15:30:55.480Z
sensor.plug_4_puissance,2.0,2026-08-08T15:31:00.480Z
sensor.plug_4_puissance,0.0,2026-08-08T15:31:49.484Z
sensor.plug_4_puissance,2.0,2026-08-08T15:31:54.486Z
sensor.plug_4_puissance,0.0,2026-08-08T15:33:56.497Z
sensor.plug_4_puissance,2.0,2026-08-08T15:34:01.495Z
sensor.plug_4_puissance,3.0,2026-08-08T15:34:04.323Z
sensor.plug_4_puissance,2.0,2026-08-08T15:34:11.493Z
sensor.plug_4_puissance,3.0,2026-08-08T15:34:25.502Z
sensor.plug_4_puissance,2.0,2026-08-08T15:34:30.503Z
sensor.plug_4_puissance,4.0,2026-08-08T15:36:12.303Z
sensor.plug_4_puissance,2.0,2026-08-08T15:36:17.313Z
sensor.plug_4_puissance,3.0,2026-08-08T15:36:50.305Z
sensor.plug_4_puissance,2.0,2026-08-08T15:36:52.817Z
sensor.plug_4_puissance,3.0,2026-08-08T15:38:19.321Z
sensor.plug_4_puissance,2.0,2026-08-08T15:38:24.320Z
sensor.plug_4_puissance,3.0,2026-08-08T15:38:36.322Z
sensor.plug_4_puissance,2.0,2026-08-08T15:38:41.314Z
sensor.plug_4_puissance,3.0,2026-08-08T15:39:44.317Z
sensor.plug_4_puissance,2.0,2026-08-08T15:39:49.317Z
sensor.plug_4_puissance,0.0,2026-08-08T15:40:21.327Z
sensor.plug_4_puissance,2.0,2026-08-08T15:40:26.327Z
sensor.plug_4_puissance,0.0,2026-08-08T15:40:59.330Z
sensor.plug_4_puissance,2.0,2026-08-08T15:41:04.331Z
sensor.plug_4_puissance,0.0,2026-08-08T15:41:54.341Z
sensor.plug_4_puissance,2.0,2026-08-08T15:42:01.344Z
sensor.plug_4_puissance,5.0,2026-08-08T15:42:08.334Z
sensor.plug_4_puissance,2.0,2026-08-08T15:42:13.334Z
sensor.plug_4_puissance,0.0,2026-08-08T15:42:19.343Z
sensor.plug_4_puissance,2.0,2026-08-08T15:42:24.344Z
sensor.plug_4_puissance,4.0,2026-08-08T15:43:00.351Z
sensor.plug_4_puissance,2.0,2026-08-08T15:43:05.352Z
sensor.plug_4_puissance,4.0,2026-08-08T15:43:51.356Z
sensor.plug_4_puissance,3.0,2026-08-08T15:43:56.348Z
sensor.plug_4_puissance,2.0,2026-08-08T15:44:01.348Z
sensor.plug_4_puissance,5.0,2026-08-08T15:44:06.349Z
sensor.plug_4_puissance,3.0,2026-08-08T15:44:11.349Z
sensor.plug_4_puissance,2.0,2026-08-08T15:44:16.349Z
sensor.plug_4_puissance,0.0,2026-08-08T15:44:28.364Z
sensor.plug_4_puissance,2.0,2026-08-08T15:44:33.359Z
sensor.plug_4_puissance,3.0,2026-08-08T15:44:36.155Z
sensor.plug_4_puissance,2.0,2026-08-08T15:44:43.350Z
sensor.plug_4_puissance,3.0,2026-08-08T15:44:48.351Z
sensor.plug_4_puissance,2.0,2026-08-08T15:44:53.351Z
sensor.plug_4_puissance,3.0,2026-08-08T15:45:27.354Z
sensor.plug_4_puissance,2.0,2026-08-08T15:45:32.359Z
sensor.plug_4_puissance,0.0,2026-08-08T15:46:30.368Z
sensor.plug_4_puissance,2.0,2026-08-08T15:46:35.368Z
sensor.plug_4_puissance,3.0,2026-08-08T15:46:53.371Z
sensor.plug_4_puissance,2.0,2026-08-08T15:46:58.360Z
sensor.plug_4_puissance,0.0,2026-08-08T15:48:03.372Z
sensor.plug_4_puissance,2.0,2026-08-08T15:48:08.373Z
sensor.plug_4_puissance,0.0,2026-08-08T15:48:19.372Z
sensor.plug_4_puissance,3.0,2026-08-08T15:48:24.372Z
sensor.plug_4_puissance,2.0,2026-08-08T15:48:29.364Z
sensor.plug_4_puissance,3.0,2026-08-08T15:51:08.371Z
sensor.plug_4_puissance,2.0,2026-08-08T15:51:13.372Z
sensor.plug_4_puissance,0.0,2026-08-08T15:51:26.385Z
sensor.plug_4_puissance,2.0,2026-08-08T15:51:41.381Z
sensor.plug_4_puissance,0.0,2026-08-08T15:52:49.388Z
sensor.plug_4_puissance,2.0,2026-08-08T15:52:54.388Z
sensor.plug_4_puissance,3.0,2026-08-08T15:53:45.379Z
sensor.plug_4_puissance,2.0,2026-08-08T15:53:50.380Z
sensor.plug_4_puissance,3.0,2026-08-08T15:53:55.381Z
sensor.plug_4_puissance,2.0,2026-08-08T15:54:00.379Z
sensor.plug_4_puissance,0.0,2026-08-08T15:54:12.387Z
sensor.plug_4_puissance,2.0,2026-08-08T15:54:17.386Z
sensor.plug_4_puissance,0.0,2026-08-08T15:54:46.395Z
sensor.plug_4_puissance,2.0,2026-08-08T15:54:51.391Z
sensor.plug_4_puissance,0.0,2026-08-08T15:55:01.392Z
sensor.plug_4_puissance,2.0,2026-08-08T15:55:06.393Z
sensor.plug_4_puissance,4.0,2026-08-08T15:55:49.382Z
sensor.plug_4_puissance,2.0,2026-08-08T15:55:58.384Z
sensor.plug_4_puissance,3.0,2026-08-08T15:56:19.387Z
sensor.plug_4_puissance,2.0,2026-08-08T15:56:24.388Z
sensor.plug_4_puissance,3.0,2026-08-08T15:56:45.387Z
sensor.plug_4_puissance,2.0,2026-08-08T15:56:52.398Z
sensor.plug_4_puissance,0.0,2026-08-08T15:57:00.395Z
sensor.plug_4_puissance,2.0,2026-08-08T15:57:05.396Z
sensor.plug_4_puissance,0.0,2026-08-08T15:57:34.398Z
sensor.plug_4_puissance,2.0,2026-08-08T15:57:39.398Z
sensor.plug_4_puissance,3.0,2026-08-08T15:58:07.403Z
sensor.plug_4_puissance,2.0,2026-08-08T15:58:12.402Z
sensor.plug_4_puissance,3.0,2026-08-08T15:58:45.391Z
sensor.plug_4_puissance,2.0,2026-08-08T15:58:50.393Z
sensor.plug_4_puissance,0.0,2026-08-08T15:58:55.400Z
sensor.plug_4_puissance,2.0,2026-08-08T15:59:00.400Z
sensor.plug_4_puissance,0.0,2026-08-08T15:59:05.400Z
sensor.plug_4_puissance,2.0,2026-08-08T15:59:10.400Z
sensor.plug_4_puissance,3.0,2026-08-08T16:00:00.397Z
sensor.plug_4_puissance,2.0,2026-08-08T16:00:05.406Z
sensor.plug_4_puissance,0.0,2026-08-08T16:00:10.405Z
sensor.plug_4_puissance,2.0,2026-08-08T16:00:15.410Z
sensor.plug_4_puissance,3.0,2026-08-08T16:00:26.414Z
sensor.plug_4_puissance,2.0,2026-08-08T16:00:31.413Z
sensor.plug_4_puissance,0.0,2026-08-08T16:01:07.432Z
sensor.plug_4_puissance,2.0,2026-08-08T16:01:12.433Z
sensor.plug_4_puissance,3.0,2026-08-08T16:01:18.419Z
sensor.plug_4_puissance,2.0,2026-08-08T16:01:23.420Z
sensor.plug_4_puissance,3.0,2026-08-08T16:01:29.422Z
sensor.plug_4_puissance,2.0,2026-08-08T16:01:34.423Z
sensor.plug_4_puissance,3.0,2026-08-08T16:01:39.423Z
sensor.plug_4_puissance,2.0,2026-08-08T16:01:44.423Z
sensor.plug_4_puissance,4.0,2026-08-08T16:01:54.425Z
sensor.plug_4_puissance,3.0,2026-08-08T16:01:59.420Z
sensor.plug_4_puissance,0.0,2026-08-08T16:02:04.433Z
sensor.plug_4_puissance,2.0,2026-08-08T16:02:09.158Z
sensor.plug_4_puissance,0.0,2026-08-08T16:02:31.439Z
sensor.plug_4_puissance,2.0,2026-08-08T16:02:36.438Z
sensor.plug_4_puissance,3.0,2026-08-08T16:02:41.429Z
sensor.plug_4_puissance,2.0,2026-08-08T16:02:46.430Z
sensor.plug_4_puissance,0.0,2026-08-08T16:02:54.429Z
sensor.plug_4_puissance,2.0,2026-08-08T16:02:59.432Z
sensor.plug_4_puissance,4.0,2026-08-08T16:03:55.439Z
sensor.plug_4_puissance,2.0,2026-08-08T16:04:00.439Z
sensor.plug_4_puissance,3.0,2026-08-08T16:04:31.437Z
sensor.plug_4_puissance,2.0,2026-08-08T16:04:36.438Z
sensor.plug_4_puissance,0.0,2026-08-08T16:04:45.448Z
sensor.plug_4_puissance,2.0,2026-08-08T16:04:50.449Z
sensor.plug_4_puissance,3.0,2026-08-08T16:04:56.440Z
sensor.plug_4_puissance,2.0,2026-08-08T16:05:01.440Z
sensor.plug_4_puissance,0.0,2026-08-08T16:05:42.453Z
sensor.plug_4_puissance,2.0,2026-08-08T16:05:47.452Z
sensor.plug_4_puissance,0.0,2026-08-08T16:07:23.461Z
sensor.plug_4_puissance,2.0,2026-08-08T16:07:28.459Z
sensor.plug_4_puissance,3.0,2026-08-08T16:07:41.454Z
sensor.plug_4_puissance,2.0,2026-08-08T16:07:46.161Z
sensor.plug_4_puissance,0.0,2026-08-08T16:08:01.455Z
sensor.plug_4_puissance,4.0,2026-08-08T16:08:06.457Z
sensor.plug_4_puissance,2.0,2026-08-08T16:08:11.458Z
sensor.plug_4_puissance,3.0,2026-08-08T16:08:22.457Z
sensor.plug_4_puissance,2.0,2026-08-08T16:08:27.458Z
sensor.plug_4_puissance,0.0,2026-08-08T16:08:33.471Z
sensor.plug_4_puissance,2.0,2026-08-08T16:08:38.467Z
sensor.plug_4_puissance,0.0,2026-08-08T16:09:15.473Z
sensor.plug_4_puissance,2.0,2026-08-08T16:09:20.476Z
sensor.plug_4_puissance,0.0,2026-08-08T16:09:49.472Z
sensor.plug_4_puissance,2.0,2026-08-08T16:09:54.473Z
sensor.plug_4_puissance,0.0,2026-08-08T16:10:04.474Z
sensor.plug_4_puissance,3.0,2026-08-08T16:10:09.475Z
sensor.plug_4_puissance,2.0,2026-08-08T16:10:14.468Z
sensor.plug_4_puissance,3.0,2026-08-08T16:10:26.468Z
sensor.plug_4_puissance,2.0,2026-08-08T16:10:31.470Z
sensor.plug_4_puissance,3.0,2026-08-08T16:11:08.476Z
sensor.plug_4_puissance,2.0,2026-08-08T16:11:13.477Z
sensor.plug_4_puissance,3.0,2026-08-08T16:11:22.489Z
sensor.plug_4_puissance,2.0,2026-08-08T16:11:27.489Z
sensor.plug_4_puissance,3.0,2026-08-08T16:11:52.487Z
sensor.plug_4_puissance,2.0,2026-08-08T16:11:57.491Z
sensor.plug_4_puissance,3.0,2026-08-08T16:12:33.501Z
sensor.plug_4_puissance,2.0,2026-08-08T16:12:40.504Z
sensor.plug_4_puissance,0.0,2026-08-08T16:12:45.504Z
sensor.plug_4_puissance,2.0,2026-08-08T16:12:50.506Z
sensor.plug_4_puissance,0.0,2026-08-08T16:12:55.507Z
sensor.plug_4_puissance,2.0,2026-08-08T16:13:00.508Z
sensor.plug_4_puissance,0.0,2026-08-08T16:13:19.522Z
sensor.plug_4_puissance,2.0,2026-08-08T16:13:23.103Z
sensor.plug_4_puissance,3.0,2026-08-08T16:13:45.521Z
sensor.plug_4_puissance,2.0,2026-08-08T16:13:50.522Z
sensor.plug_4_puissance,4.0,2026-08-08T16:14:09.539Z
sensor.plug_4_puissance,3.0,2026-08-08T16:14:14.535Z
sensor.plug_4_puissance,2.0,2026-08-08T16:14:19.536Z
sensor.plug_4_puissance,0.0,2026-08-08T16:14:32.542Z
sensor.plug_4_puissance,2.0,2026-08-08T16:14:37.542Z
sensor.plug_4_puissance,3.0,2026-08-08T16:14:47.346Z
sensor.plug_4_puissance,2.0,2026-08-08T16:14:53.337Z
sensor.plug_4_puissance,3.0,2026-08-08T16:14:58.340Z
sensor.plug_4_puissance,2.0,2026-08-08T16:15:03.341Z
sensor.plug_4_puissance,4.0,2026-08-08T16:15:25.351Z
sensor.plug_4_puissance,0.0,2026-08-08T16:15:29.466Z
sensor.plug_4_puissance,2.0,2026-08-08T16:15:35.353Z
sensor.plug_4_puissance,5.0,2026-08-08T16:15:52.355Z
sensor.plug_4_puissance,2.0,2026-08-08T16:15:57.357Z
sensor.plug_4_puissance,0.0,2026-08-08T16:16:09.361Z
sensor.plug_4_puissance,2.0,2026-08-08T16:16:14.362Z
sensor.plug_4_puissance,4.0,2026-08-08T16:16:43.364Z
sensor.plug_4_puissance,2.0,2026-08-08T16:16:48.363Z
sensor.plug_4_puissance,0.0,2026-08-08T16:16:54.365Z
sensor.plug_4_puissance,2.0,2026-08-08T16:16:59.370Z
sensor.plug_4_puissance,0.0,2026-08-08T16:17:08.366Z
sensor.plug_4_puissance,2.0,2026-08-08T16:17:13.367Z
sensor.plug_4_puissance,0.0,2026-08-08T16:17:27.359Z
sensor.plug_4_puissance,2.0,2026-08-08T16:17:32.358Z
sensor.plug_4_puissance,3.0,2026-08-08T16:17:42.358Z
sensor.plug_4_puissance,2.0,2026-08-08T16:17:47.355Z
sensor.plug_4_puissance,3.0,2026-08-08T16:18:00.368Z
sensor.plug_4_puissance,2.0,2026-08-08T16:18:05.360Z
sensor.plug_4_puissance,0.0,2026-08-08T16:18:23.369Z
sensor.plug_4_puissance,2.0,2026-08-08T16:18:30.370Z
sensor.plug_4_puissance,3.0,2026-08-08T16:18:35.366Z
sensor.plug_4_puissance,2.0,2026-08-08T16:18:40.375Z
sensor.plug_4_puissance,4.0,2026-08-08T16:18:58.365Z
sensor.plug_4_puissance,2.0,2026-08-08T16:19:03.373Z
sensor.plug_4_puissance,0.0,2026-08-08T16:19:08.375Z
sensor.plug_4_puissance,2.0,2026-08-08T16:19:13.376Z
sensor.plug_4_puissance,0.0,2026-08-08T16:19:18.376Z
sensor.plug_4_puissance,2.0,2026-08-08T16:19:23.376Z
sensor.plug_4_puissance,6.0,2026-08-08T16:19:31.377Z
sensor.plug_4_puissance,2.0,2026-08-08T16:19:36.377Z
sensor.plug_4_puissance,5.0,2026-08-08T16:19:52.368Z
sensor.plug_4_puissance,2.0,2026-08-08T16:19:57.371Z
sensor.plug_4_puissance,4.0,2026-08-08T16:20:02.370Z
sensor.plug_4_puissance,2.0,2026-08-08T16:20:07.372Z
sensor.plug_4_puissance,3.0,2026-08-08T16:20:22.374Z
sensor.plug_4_puissance,2.0,2026-08-08T16:20:27.375Z
sensor.plug_4_puissance,5.0,2026-08-08T16:20:47.375Z
sensor.plug_4_puissance,2.0,2026-08-08T16:20:52.378Z
sensor.plug_4_puissance,0.0,2026-08-08T16:20:57.386Z
sensor.plug_4_puissance,2.0,2026-08-08T16:21:02.386Z
sensor.plug_4_puissance,0.0,2026-08-08T16:21:08.386Z
sensor.plug_4_puissance,2.0,2026-08-08T16:21:13.391Z
sensor.plug_4_puissance,3.0,2026-08-08T16:21:18.386Z
sensor.plug_4_puissance,2.0,2026-08-08T16:21:30.381Z
sensor.plug_4_puissance,0.0,2026-08-08T16:21:37.382Z
sensor.plug_4_puissance,2.0,2026-08-08T16:21:42.382Z
sensor.plug_4_puissance,3.0,2026-08-08T16:22:32.394Z
sensor.plug_4_puissance,2.0,2026-08-08T16:22:37.387Z
sensor.plug_4_puissance,0.0,2026-08-08T16:22:42.388Z
sensor.plug_4_puissance,2.0,2026-08-08T16:22:47.388Z
sensor.plug_4_puissance,3.0,2026-08-08T16:22:55.396Z
sensor.plug_4_puissance,0.0,2026-08-08T16:23:00.398Z
sensor.plug_4_puissance,2.0,2026-08-08T16:23:05.399Z
sensor.plug_4_puissance,3.0,2026-08-08T16:23:14.389Z
sensor.plug_4_puissance,2.0,2026-08-08T16:23:19.389Z
sensor.plug_4_puissance,3.0,2026-08-08T16:23:38.399Z
sensor.plug_4_puissance,2.0,2026-08-08T16:23:43.399Z
sensor.plug_4_puissance,3.0,2026-08-08T16:23:48.399Z
sensor.plug_4_puissance,2.0,2026-08-08T16:23:53.400Z
sensor.plug_4_puissance,0.0,2026-08-08T16:24:16.400Z
sensor.plug_4_puissance,4.0,2026-08-08T16:24:21.404Z
sensor.plug_4_puissance,2.0,2026-08-08T16:24:26.402Z
sensor.plug_4_puissance,3.0,2026-08-08T16:24:38.401Z
sensor.plug_4_puissance,4.0,2026-08-08T16:24:43.402Z
sensor.plug_4_puissance,2.0,2026-08-08T16:24:48.393Z
sensor.plug_4_puissance,0.0,2026-08-08T16:24:59.403Z
sensor.plug_4_puissance,2.0,2026-08-08T16:25:04.403Z
sensor.plug_4_puissance,3.0,2026-08-08T16:26:04.399Z
sensor.plug_4_puissance,2.0,2026-08-08T16:26:09.398Z
sensor.plug_4_puissance,0.0,2026-08-08T16:26:15.407Z
sensor.plug_4_puissance,4.0,2026-08-08T16:26:20.409Z
sensor.plug_4_puissance,2.0,2026-08-08T16:26:25.409Z
sensor.plug_4_puissance,3.0,2026-08-08T16:26:44.403Z
sensor.plug_4_puissance,2.0,2026-08-08T16:26:49.402Z
sensor.plug_4_puissance,0.0,2026-08-08T16:26:59.409Z
sensor.plug_4_puissance,2.0,2026-08-08T16:27:04.411Z
sensor.plug_4_puissance,3.0,2026-08-08T16:27:10.416Z
sensor.plug_4_puissance,2.0,2026-08-08T16:27:15.408Z
sensor.plug_4_puissance,0.0,2026-08-08T16:27:20.416Z
sensor.plug_4_puissance,2.0,2026-08-08T16:27:25.416Z
sensor.plug_4_puissance,0.0,2026-08-08T16:27:41.413Z
sensor.plug_4_puissance,2.0,2026-08-08T16:27:46.412Z
sensor.plug_4_puissance,0.0,2026-08-08T16:27:56.404Z
sensor.plug_4_puissance,2.0,2026-08-08T16:28:01.406Z
sensor.plug_4_puissance,0.0,2026-08-08T16:28:29.419Z
sensor.plug_4_puissance,2.0,2026-08-08T16:28:34.415Z
sensor.plug_4_puissance,4.0,2026-08-08T16:29:02.419Z
sensor.plug_4_puissance,3.0,2026-08-08T16:29:07.418Z
sensor.plug_4_puissance,0.0,2026-08-08T16:29:12.419Z
sensor.plug_4_puissance,2.0,2026-08-08T16:29:19.419Z
sensor.plug_4_puissance,3.0,2026-08-08T16:29:29.419Z
sensor.plug_4_puissance,2.0,2026-08-08T16:29:34.411Z
sensor.plug_4_puissance,5.0,2026-08-08T16:29:39.411Z
sensor.plug_4_puissance,4.0,2026-08-08T16:29:44.411Z
sensor.plug_4_puissance,3.0,2026-08-08T16:29:49.411Z
sensor.plug_4_puissance,2.0,2026-08-08T16:29:54.411Z
sensor.plug_4_puissance,3.0,2026-08-08T16:30:03.413Z
sensor.plug_4_puissance,2.0,2026-08-08T16:30:08.413Z
sensor.plug_4_puissance,0.0,2026-08-08T16:30:13.414Z
sensor.plug_4_puissance,2.0,2026-08-08T16:30:13.982Z
sensor.plug_4_puissance,4.0,2026-08-08T16:31:38.216Z
sensor.plug_4_puissance,0.0,2026-08-08T16:31:43.433Z
sensor.plug_4_puissance,2.0,2026-08-08T16:31:48.431Z
sensor.plug_4_puissance,3.0,2026-08-08T16:32:11.427Z
sensor.plug_4_puissance,4.0,2026-08-08T16:32:16.428Z
sensor.plug_4_puissance,3.0,2026-08-08T16:32:20.334Z
sensor.plug_4_puissance,2.0,2026-08-08T16:32:26.441Z
sensor.plug_4_puissance,3.0,2026-08-08T16:32:34.431Z
sensor.plug_4_puissance,2.0,2026-08-08T16:32:39.431Z
sensor.plug_4_puissance,3.0,2026-08-08T16:33:14.431Z
sensor.plug_4_puissance,0.0,2026-08-08T16:33:19.432Z
sensor.plug_4_puissance,2.0,2026-08-08T16:33:24.432Z
sensor.plug_4_puissance,3.0,2026-08-08T16:33:44.573Z
sensor.plug_4_puissance,0.0,2026-08-08T16:33:50.444Z
sensor.plug_4_puissance,2.0,2026-08-08T16:33:55.446Z
sensor.plug_4_puissance,4.0,2026-08-08T16:34:00.448Z
sensor.plug_4_puissance,2.0,2026-08-08T16:34:05.446Z
sensor.plug_4_puissance,3.0,2026-08-08T16:34:25.439Z
sensor.plug_4_puissance,2.0,2026-08-08T16:34:32.441Z
sensor.plug_4_puissance,3.0,2026-08-08T16:34:50.450Z
sensor.plug_4_puissance,2.0,2026-08-08T16:34:55.450Z
sensor.plug_4_puissance,3.0,2026-08-08T16:35:05.445Z
sensor.plug_4_puissance,2.0,2026-08-08T16:35:10.443Z
sensor.plug_4_puissance,4.0,2026-08-08T16:35:31.443Z
sensor.plug_4_puissance,2.0,2026-08-08T16:35:36.443Z
sensor.plug_4_puissance,3.0,2026-08-08T16:35:53.444Z
sensor.plug_4_puissance,2.0,2026-08-08T16:35:58.444Z
sensor.plug_4_puissance,0.0,2026-08-08T16:36:33.449Z
sensor.plug_4_puissance,2.0,2026-08-08T16:36:38.458Z
sensor.plug_4_puissance,0.0,2026-08-08T16:36:59.451Z
sensor.plug_4_puissance,2.0,2026-08-08T16:37:04.451Z
sensor.plug_4_puissance,3.0,2026-08-08T16:37:21.461Z
sensor.plug_4_puissance,2.0,2026-08-08T16:37:26.463Z
sensor.plug_4_puissance,0.0,2026-08-08T16:38:03.452Z
sensor.plug_4_puissance,3.0,2026-08-08T16:38:08.457Z
sensor.plug_4_puissance,2.0,2026-08-08T16:38:13.454Z
sensor.plug_4_puissance,3.0,2026-08-08T16:38:44.454Z
sensor.plug_4_puissance,2.0,2026-08-08T16:38:49.454Z
sensor.plug_4_puissance,3.0,2026-08-08T16:39:12.456Z
sensor.plug_4_puissance,2.0,2026-08-08T16:39:17.457Z
sensor.plug_4_puissance,0.0,2026-08-08T16:39:43.468Z
sensor.plug_4_puissance,2.0,2026-08-08T16:39:48.467Z
sensor.plug_4_puissance,3.0,2026-08-08T16:40:06.469Z
sensor.plug_4_puissance,2.0,2026-08-08T16:40:11.457Z
sensor.plug_4_puissance,0.0,2026-08-08T16:40:24.475Z
sensor.plug_4_puissance,2.0,2026-08-08T16:40:29.480Z
sensor.plug_4_puissance,0.0,2026-08-08T16:42:29.476Z
sensor.plug_4_puissance,2.0,2026-08-08T16:42:34.476Z
sensor.plug_4_puissance,3.0,2026-08-08T16:42:39.476Z
sensor.plug_4_puissance,2.0,2026-08-08T16:42:44.476Z
sensor.plug_4_puissance,3.0,2026-08-08T16:42:54.486Z
sensor.plug_4_puissance,2.0,2026-08-08T16:43:02.479Z
sensor.plug_4_puissance,0.0,2026-08-08T16:43:07.479Z
sensor.plug_4_puissance,2.0,2026-08-08T16:43:12.481Z
sensor.plug_4_puissance,0.0,2026-08-08T16:44:25.483Z
sensor.plug_4_puissance,2.0,2026-08-08T16:44:30.484Z
sensor.plug_4_puissance,0.0,2026-08-08T16:44:55.490Z
sensor.plug_4_puissance,2.0,2026-08-08T16:44:58.469Z
sensor.plug_4_puissance,0.0,2026-08-08T16:45:40.489Z
sensor.plug_4_puissance,2.0,2026-08-08T16:45:45.490Z
sensor.plug_4_puissance,0.0,2026-08-08T16:45:59.488Z
sensor.plug_4_puissance,2.0,2026-08-08T16:46:04.489Z
sensor.plug_4_puissance,3.0,2026-08-08T16:46:10.489Z
sensor.plug_4_puissance,2.0,2026-08-08T16:46:15.491Z
sensor.plug_4_puissance,0.0,2026-08-08T16:46:22.492Z
sensor.plug_4_puissance,2.0,2026-08-08T16:46:27.493Z
sensor.plug_4_puissance,0.0,2026-08-08T16:47:59.494Z
sensor.plug_4_puissance,2.0,2026-08-08T16:48:04.499Z
sensor.plug_4_puissance,3.0,2026-08-08T16:50:09.504Z
sensor.plug_4_puissance,2.0,2026-08-08T16:50:14.504Z
sensor.plug_4_puissance,3.0,2026-08-08T16:50:37.505Z
sensor.plug_4_puissance,2.0,2026-08-08T16:50:42.505Z
sensor.plug_4_puissance,3.0,2026-08-08T16:52:24.516Z
sensor.plug_4_puissance,2.0,2026-08-08T16:52:29.516Z
sensor.plug_4_puissance,0.0,2026-08-08T16:53:02.529Z
sensor.plug_4_puissance,3.0,2026-08-08T16:53:07.529Z
sensor.plug_4_puissance,2.0,2026-08-08T16:53:12.521Z
sensor.plug_4_puissance,0.0,2026-08-08T16:53:39.531Z
sensor.plug_4_puissance,2.0,2026-08-08T16:53:44.533Z
sensor.plug_4_puissance,0.0,2026-08-08T16:54:01.524Z
sensor.plug_4_puissance,2.0,2026-08-08T16:54:06.037Z
sensor.plug_4_puissance,4.0,2026-08-08T16:54:11.524Z
sensor.plug_4_puissance,2.0,2026-08-08T16:54:16.525Z
sensor.plug_4_puissance,0.0,2026-08-08T16:54:22.534Z
sensor.plug_4_puissance,2.0,2026-08-08T16:54:27.534Z
sensor.plug_4_puissance,3.0,2026-08-08T16:54:42.527Z
sensor.plug_4_puissance,2.0,2026-08-08T16:54:47.527Z
sensor.plug_4_puissance,0.0,2026-08-08T16:55:12.527Z
sensor.plug_4_puissance,2.0,2026-08-08T16:55:17.527Z
sensor.plug_4_puissance,0.0,2026-08-08T16:55:23.528Z
sensor.plug_4_puissance,2.0,2026-08-08T16:55:28.528Z
sensor.plug_4_puissance,4.0,2026-08-08T16:56:48.534Z
sensor.plug_4_puissance,2.0,2026-08-08T16:56:53.534Z
sensor.plug_4_puissance,3.0,2026-08-08T16:57:06.535Z
sensor.plug_4_puissance,2.0,2026-08-08T16:57:11.534Z
sensor.plug_4_puissance,0.0,2026-08-08T16:57:22.542Z
sensor.plug_4_puissance,2.0,2026-08-08T16:57:27.544Z
sensor.plug_4_puissance,3.0,2026-08-08T16:57:40.543Z
sensor.plug_4_puissance,2.0,2026-08-08T16:57:45.543Z
sensor.plug_4_puissance,0.0,2026-08-08T16:58:32.544Z
sensor.plug_4_puissance,2.0,2026-08-08T16:58:37.544Z
sensor.plug_4_puissance,0.0,2026-08-08T16:58:44.545Z
sensor.plug_4_puissance,2.0,2026-08-08T16:58:49.543Z
sensor.plug_4_puissance,5.0,2026-08-08T16:59:08.546Z
sensor.plug_4_puissance,2.0,2026-08-08T16:59:13.543Z
sensor.plug_4_puissance,0.0,2026-08-08T16:59:27.548Z
sensor.plug_4_puissance,2.0,2026-08-08T16:59:32.547Z
sensor.plug_4_puissance,3.0,2026-08-08T17:00:45.552Z
sensor.plug_4_puissance,2.0,2026-08-08T17:00:50.552Z
sensor.plug_4_puissance,0.0,2026-08-08T17:00:55.552Z
sensor.plug_4_puissance,3.0,2026-08-08T17:01:00.544Z
sensor.plug_4_puissance,2.0,2026-08-08T17:01:05.544Z
sensor.plug_4_puissance,3.0,2026-08-08T17:01:10.544Z
sensor.plug_4_puissance,2.0,2026-08-08T17:01:15.543Z
sensor.plug_4_puissance,3.0,2026-08-08T17:01:43.547Z
sensor.plug_4_puissance,2.0,2026-08-08T17:01:48.549Z
sensor.plug_4_puissance,3.0,2026-08-08T17:02:56.548Z
sensor.plug_4_puissance,2.0,2026-08-08T17:03:01.548Z
sensor.plug_4_puissance,0.0,2026-08-08T17:03:06.549Z
sensor.plug_4_puissance,3.0,2026-08-08T17:03:11.548Z
sensor.plug_4_puissance,2.0,2026-08-08T17:03:13.601Z
sensor.plug_4_puissance,0.0,2026-08-08T17:04:04.565Z
sensor.plug_4_puissance,2.0,2026-08-08T17:04:09.559Z
sensor.plug_4_puissance,3.0,2026-08-08T17:04:49.564Z
sensor.plug_4_puissance,2.0,2026-08-08T17:04:54.551Z
sensor.plug_4_puissance,0.0,2026-08-08T17:05:07.560Z
sensor.plug_4_puissance,2.0,2026-08-08T17:05:12.559Z
sensor.plug_4_puissance,0.0,2026-08-08T17:06:15.571Z
sensor.plug_4_puissance,2.0,2026-08-08T17:06:20.567Z
sensor.plug_4_puissance,3.0,2026-08-08T17:06:33.559Z
sensor.plug_4_puissance,2.0,2026-08-08T17:06:38.558Z
sensor.plug_4_puissance,3.0,2026-08-08T17:07:00.574Z
sensor.plug_4_puissance,2.0,2026-08-08T17:07:05.571Z
sensor.plug_4_puissance,3.0,2026-08-08T17:07:41.574Z
sensor.plug_4_puissance,2.0,2026-08-08T17:07:46.575Z
sensor.plug_4_puissance,0.0,2026-08-08T17:07:51.576Z
sensor.plug_4_puissance,2.0,2026-08-08T17:07:56.578Z
sensor.plug_4_puissance,3.0,2026-08-08T17:08:12.578Z
sensor.plug_4_puissance,2.0,2026-08-08T17:08:17.578Z
sensor.plug_4_puissance,0.0,2026-08-08T17:08:34.583Z
sensor.plug_4_puissance,2.0,2026-08-08T17:08:39.581Z
sensor.plug_4_puissance,5.0,2026-08-08T17:08:44.581Z
sensor.plug_4_puissance,3.0,2026-08-08T17:08:49.572Z
sensor.plug_4_puissance,2.0,2026-08-08T17:08:54.572Z
sensor.plug_4_puissance,3.0,2026-08-08T17:09:35.573Z
sensor.plug_4_puissance,5.0,2026-08-08T17:09:40.573Z
sensor.plug_4_puissance,2.0,2026-08-08T17:09:45.574Z
sensor.plug_4_puissance,0.0,2026-08-08T17:10:00.582Z
sensor.plug_4_puissance,2.0,2026-08-08T17:10:05.583Z
sensor.plug_4_puissance,0.0,2026-08-08T17:10:12.574Z
sensor.plug_4_puissance,2.0,2026-08-08T17:10:17.576Z
sensor.plug_4_puissance,3.0,2026-08-08T17:10:26.575Z
sensor.plug_4_puissance,2.0,2026-08-08T17:10:31.578Z
sensor.plug_4_puissance,5.0,2026-08-08T17:10:39.578Z
sensor.plug_4_puissance,3.0,2026-08-08T17:10:44.578Z
sensor.plug_4_puissance,5.0,2026-08-08T17:10:49.579Z
sensor.plug_4_puissance,2.0,2026-08-08T17:10:54.581Z
sensor.plug_4_puissance,3.0,2026-08-08T17:11:06.579Z
sensor.plug_4_puissance,2.0,2026-08-08T17:11:11.588Z
sensor.plug_4_puissance,3.0,2026-08-08T17:11:21.580Z
sensor.plug_4_puissance,2.0,2026-08-08T17:11:26.583Z
sensor.plug_4_puissance,3.0,2026-08-08T17:11:47.586Z
sensor.plug_4_puissance,0.0,2026-08-08T17:11:52.595Z
sensor.plug_4_puissance,2.0,2026-08-08T17:11:57.596Z
sensor.plug_4_puissance,3.0,2026-08-08T17:12:20.588Z
sensor.plug_4_puissance,2.0,2026-08-08T17:12:27.597Z
sensor.plug_4_puissance,3.0,2026-08-08T17:12:56.590Z
sensor.plug_4_puissance,2.0,2026-08-08T17:13:01.600Z
sensor.plug_4_puissance,3.0,2026-08-08T17:13:26.591Z
sensor.plug_4_puissance,2.0,2026-08-08T17:13:31.391Z
sensor.plug_4_puissance,3.0,2026-08-08T17:13:42.402Z
sensor.plug_4_puissance,2.0,2026-08-08T17:13:45.440Z
sensor.plug_4_puissance,3.0,2026-08-08T17:13:52.402Z
sensor.plug_4_puissance,2.0,2026-08-08T17:13:57.402Z
sensor.plug_4_puissance,4.0,2026-08-08T17:14:25.394Z
sensor.plug_4_puissance,3.0,2026-08-08T17:14:30.394Z
sensor.plug_4_puissance,2.0,2026-08-08T17:14:35.408Z
sensor.plug_4_puissance,0.0,2026-08-08T17:14:40.395Z
sensor.plug_4_puissance,2.0,2026-08-08T17:14:48.405Z
sensor.plug_4_puissance,3.0,2026-08-08T17:16:09.408Z
sensor.plug_4_puissance,2.0,2026-08-08T17:16:17.398Z
sensor.plug_4_puissance,3.0,2026-08-08T17:16:31.398Z
sensor.plug_4_puissance,2.0,2026-08-08T17:16:36.401Z
sensor.plug_4_puissance,3.0,2026-08-08T17:16:50.401Z
sensor.plug_4_puissance,2.0,2026-08-08T17:16:55.402Z
sensor.plug_4_puissance,3.0,2026-08-08T17:17:57.407Z
sensor.plug_4_puissance,2.0,2026-08-08T17:18:02.407Z
sensor.plug_4_puissance,3.0,2026-08-08T17:18:12.409Z
sensor.plug_4_puissance,2.0,2026-08-08T17:18:17.408Z
sensor.plug_4_puissance,0.0,2026-08-08T17:18:55.419Z
sensor.plug_4_puissance,2.0,2026-08-08T17:19:00.422Z
sensor.plug_4_puissance,0.0,2026-08-08T17:19:40.431Z
sensor.plug_4_puissance,2.0,2026-08-08T17:19:45.429Z
sensor.plug_4_puissance,0.0,2026-08-08T17:19:59.417Z
sensor.plug_4_puissance,2.0,2026-08-08T17:20:04.413Z
sensor.plug_4_puissance,0.0,2026-08-08T17:20:10.424Z
sensor.plug_4_puissance,2.0,2026-08-08T17:20:15.427Z
sensor.plug_4_puissance,0.0,2026-08-08T17:20:40.430Z
sensor.plug_4_puissance,2.0,2026-08-08T17:20:45.429Z
sensor.plug_4_puissance,0.0,2026-08-08T17:20:51.420Z
sensor.plug_4_puissance,2.0,2026-08-08T17:20:56.421Z
sensor.plug_4_puissance,4.0,2026-08-08T17:21:17.422Z
sensor.plug_4_puissance,2.0,2026-08-08T17:21:22.422Z
sensor.plug_4_puissance,0.0,2026-08-08T17:21:51.432Z
sensor.plug_4_puissance,2.0,2026-08-08T17:21:56.432Z
sensor.plug_4_puissance,3.0,2026-08-08T17:22:39.427Z
sensor.plug_4_puissance,2.0,2026-08-08T17:22:44.427Z
sensor.plug_4_puissance,5.0,2026-08-08T17:23:03.426Z
sensor.plug_4_puissance,2.0,2026-08-08T17:23:08.427Z
sensor.plug_4_puissance,0.0,2026-08-08T17:23:13.427Z
sensor.plug_4_puissance,2.0,2026-08-08T17:23:18.428Z
sensor.plug_4_puissance,3.0,2026-08-08T17:23:23.429Z
sensor.plug_4_puissance,2.0,2026-08-08T17:23:28.428Z
sensor.plug_4_puissance,3.0,2026-08-08T17:23:59.438Z
sensor.plug_4_puissance,2.0,2026-08-08T17:24:04.441Z
sensor.plug_4_puissance,0.0,2026-08-08T17:24:40.442Z
sensor.plug_4_puissance,2.0,2026-08-08T17:24:45.439Z
sensor.plug_4_puissance,5.0,2026-08-08T17:27:08.439Z
sensor.plug_4_puissance,0.0,2026-08-08T17:27:13.436Z
sensor.plug_4_puissance,2.0,2026-08-08T17:27:18.437Z
sensor.plug_4_puissance,0.0,2026-08-08T17:28:12.449Z
sensor.plug_4_puissance,2.0,2026-08-08T17:28:17.449Z
sensor.plug_4_puissance,3.0,2026-08-08T17:28:51.453Z
sensor.plug_4_puissance,2.0,2026-08-08T17:28:56.453Z
sensor.plug_4_puissance,3.0,2026-08-08T17:29:16.446Z
sensor.plug_4_puissance,2.0,2026-08-08T17:29:21.456Z
sensor.plug_4_puissance,0.0,2026-08-08T17:29:26.458Z
sensor.plug_4_puissance,2.0,2026-08-08T17:29:35.457Z
sensor.plug_4_puissance,0.0,2026-08-08T17:29:46.462Z
sensor.plug_4_puissance,2.0,2026-08-08T17:29:51.458Z
sensor.plug_4_puissance,3.0,2026-08-08T17:29:54.175Z
sensor.plug_4_puissance,0.0,2026-08-08T17:30:03.448Z
sensor.plug_4_puissance,2.0,2026-08-08T17:30:08.449Z
sensor.plug_4_puissance,3.0,2026-08-08T17:30:18.450Z
sensor.plug_4_puissance,2.0,2026-08-08T17:30:23.449Z
sensor.plug_4_puissance,3.0,2026-08-08T17:30:31.458Z
sensor.plug_4_puissance,2.0,2026-08-08T17:30:36.295Z
sensor.plug_4_puissance,3.0,2026-08-08T17:31:08.453Z
sensor.plug_4_puissance,2.0,2026-08-08T17:31:13.453Z
sensor.plug_4_puissance,4.0,2026-08-08T17:31:18.412Z
sensor.plug_4_puissance,2.0,2026-08-08T17:31:23.457Z
sensor.plug_4_puissance,0.0,2026-08-08T17:31:33.458Z
sensor.plug_4_puissance,2.0,2026-08-08T17:31:38.457Z
sensor.plug_4_puissance,0.0,2026-08-08T17:31:43.460Z
sensor.plug_4_puissance,2.0,2026-08-08T17:31:48.460Z
sensor.plug_4_puissance,0.0,2026-08-08T17:31:53.462Z
sensor.plug_4_puissance,2.0,2026-08-08T17:31:58.461Z
sensor.plug_4_puissance,3.0,2026-08-08T17:33:07.467Z
sensor.plug_4_puissance,2.0,2026-08-08T17:33:12.466Z
sensor.plug_4_puissance,3.0,2026-08-08T17:33:46.475Z
sensor.plug_4_puissance,2.0,2026-08-08T17:33:51.476Z
sensor.plug_4_puissance,3.0,2026-08-08T17:34:08.468Z
sensor.plug_4_puissance,2.0,2026-08-08T17:34:13.469Z
sensor.plug_4_puissance,3.0,2026-08-08T17:34:19.471Z
sensor.plug_4_puissance,2.0,2026-08-08T17:34:24.471Z
sensor.plug_4_puissance,0.0,2026-08-08T17:34:29.472Z
sensor.plug_4_puissance,2.0,2026-08-08T17:34:34.469Z
sensor.plug_4_puissance,4.0,2026-08-08T17:34:55.474Z
sensor.plug_4_puissance,2.0,2026-08-08T17:35:00.476Z
sensor.plug_4_puissance,4.0,2026-08-08T17:35:12.477Z
sensor.plug_4_puissance,2.0,2026-08-08T17:35:17.475Z
sensor.plug_4_puissance,0.0,2026-08-08T17:35:22.478Z
sensor.plug_4_puissance,2.0,2026-08-08T17:35:27.478Z
sensor.plug_4_puissance,4.0,2026-08-08T17:35:34.481Z
sensor.plug_4_puissance,3.0,2026-08-08T17:35:39.479Z
sensor.plug_4_puissance,2.0,2026-08-08T17:35:44.480Z
sensor.plug_4_puissance,0.0,2026-08-08T17:36:07.491Z
sensor.plug_4_puissance,2.0,2026-08-08T17:36:12.496Z
sensor.plug_4_puissance,0.0,2026-08-08T17:36:19.494Z
sensor.plug_4_puissance,2.0,2026-08-08T17:36:24.492Z
sensor.plug_4_puissance,4.0,2026-08-08T17:36:36.492Z
sensor.plug_4_puissance,2.0,2026-08-08T17:36:41.489Z
sensor.plug_4_puissance,0.0,2026-08-08T17:37:17.489Z
sensor.plug_4_puissance,2.0,2026-08-08T17:37:22.490Z
sensor.plug_4_puissance,4.0,2026-08-08T17:37:38.490Z
sensor.plug_4_puissance,3.0,2026-08-08T17:37:43.490Z
sensor.plug_4_puissance,2.0,2026-08-08T17:37:48.490Z
sensor.plug_4_puissance,4.0,2026-08-08T17:37:59.499Z
sensor.plug_4_puissance,2.0,2026-08-08T17:38:06.488Z
sensor.plug_4_puissance,3.0,2026-08-08T17:38:15.496Z
sensor.plug_4_puissance,4.0,2026-08-08T17:38:19.614Z
sensor.plug_4_puissance,5.0,2026-08-08T17:38:25.492Z
sensor.plug_4_puissance,2.0,2026-08-08T17:38:30.494Z
sensor.plug_4_puissance,4.0,2026-08-08T17:38:42.494Z
sensor.plug_4_puissance,2.0,2026-08-08T17:38:47.494Z
sensor.plug_4_puissance,3.0,2026-08-08T17:38:57.495Z
sensor.plug_4_puissance,2.0,2026-08-08T17:39:02.498Z
sensor.plug_4_puissance,4.0,2026-08-08T17:39:14.513Z
sensor.plug_4_puissance,2.0,2026-08-08T17:39:19.513Z
sensor.plug_4_puissance,5.0,2026-08-08T17:39:28.502Z
sensor.plug_4_puissance,2.0,2026-08-08T17:39:33.511Z
sensor.plug_4_puissance,0.0,2026-08-08T17:39:42.511Z
sensor.plug_4_puissance,2.0,2026-08-08T17:39:47.512Z
sensor.plug_4_puissance,3.0,2026-08-08T17:40:16.508Z
sensor.plug_4_puissance,2.0,2026-08-08T17:40:21.515Z
sensor.plug_4_puissance,0.0,2026-08-08T17:40:39.518Z
sensor.plug_4_puissance,2.0,2026-08-08T17:40:44.515Z
sensor.plug_4_puissance,0.0,2026-08-08T17:40:57.508Z
sensor.plug_4_puissance,2.0,2026-08-08T17:41:02.510Z
sensor.plug_4_puissance,0.0,2026-08-08T17:41:11.521Z
sensor.plug_4_puissance,2.0,2026-08-08T17:41:16.519Z
sensor.plug_4_puissance,4.0,2026-08-08T17:41:47.517Z
sensor.plug_4_puissance,0.0,2026-08-08T17:41:52.517Z
sensor.plug_4_puissance,2.0,2026-08-08T17:41:57.517Z
sensor.plug_4_puissance,4.0,2026-08-08T17:42:03.531Z
sensor.plug_4_puissance,2.0,2026-08-08T17:42:08.518Z
sensor.plug_4_puissance,4.0,2026-08-08T17:42:27.529Z
sensor.plug_4_puissance,2.0,2026-08-08T17:42:32.324Z
sensor.plug_4_puissance,4.0,2026-08-08T17:42:37.532Z
sensor.plug_4_puissance,2.0,2026-08-08T17:42:43.536Z
sensor.plug_4_puissance,3.0,2026-08-08T17:42:50.526Z
sensor.plug_4_puissance,5.0,2026-08-08T17:42:55.523Z
sensor.plug_4_puissance,2.0,2026-08-08T17:43:00.528Z
sensor.plug_4_puissance,0.0,2026-08-08T17:43:07.540Z
sensor.plug_4_puissance,4.0,2026-08-08T17:43:12.538Z
sensor.plug_4_puissance,2.0,2026-08-08T17:43:17.543Z
sensor.plug_4_puissance,3.0,2026-08-08T17:43:22.530Z
sensor.plug_4_puissance,2.0,2026-08-08T17:43:27.541Z
sensor.plug_4_puissance,0.0,2026-08-08T17:43:42.547Z
sensor.plug_4_puissance,2.0,2026-08-08T17:43:47.544Z
sensor.plug_4_puissance,0.0,2026-08-08T17:43:52.548Z
sensor.plug_4_puissance,2.0,2026-08-08T17:43:59.545Z
sensor.plug_4_puissance,4.0,2026-08-08T17:44:10.545Z
sensor.plug_4_puissance,2.0,2026-08-08T17:44:15.545Z
sensor.plug_4_puissance,4.0,2026-08-08T17:44:42.543Z
sensor.plug_4_puissance,2.0,2026-08-08T17:44:47.545Z
sensor.plug_4_puissance,3.0,2026-08-08T17:45:05.547Z
sensor.plug_4_puissance,2.0,2026-08-08T17:45:10.556Z
sensor.plug_4_puissance,0.0,2026-08-08T17:45:24.549Z
sensor.plug_4_puissance,2.0,2026-08-08T17:45:29.550Z
sensor.plug_4_puissance,4.0,2026-08-08T17:45:46.550Z
sensor.plug_4_puissance,2.0,2026-08-08T17:45:51.551Z
sensor.plug_4_puissance,4.0,2026-08-08T17:45:56.552Z
sensor.plug_4_puissance,2.0,2026-08-08T17:46:01.552Z
sensor.plug_4_puissance,4.0,2026-08-08T17:46:06.553Z
sensor.plug_4_puissance,0.0,2026-08-08T17:46:11.552Z
sensor.plug_4_puissance,2.0,2026-08-08T17:46:16.553Z
sensor.plug_4_puissance,4.0,2026-08-08T17:46:23.554Z
sensor.plug_4_puissance,2.0,2026-08-08T17:46:30.556Z
sensor.plug_4_puissance,4.0,2026-08-08T17:46:35.558Z
sensor.plug_4_puissance,2.0,2026-08-08T17:46:40.559Z
sensor.plug_4_puissance,5.0,2026-08-08T17:46:45.040Z
sensor.plug_4_puissance,2.0,2026-08-08T17:46:50.562Z
sensor.plug_4_puissance,0.0,2026-08-08T17:46:55.563Z
sensor.plug_4_puissance,2.0,2026-08-08T17:47:00.563Z
sensor.plug_4_puissance,0.0,2026-08-08T17:47:08.572Z
sensor.plug_4_puissance,2.0,2026-08-08T17:47:13.575Z
sensor.plug_4_puissance,0.0,2026-08-08T17:47:22.575Z
sensor.plug_4_puissance,2.0,2026-08-08T17:47:27.160Z
sensor.plug_4_puissance,0.0,2026-08-08T17:47:32.578Z
sensor.plug_4_puissance,2.0,2026-08-08T17:47:37.574Z
sensor.plug_4_puissance,0.0,2026-08-08T17:47:42.577Z
sensor.plug_4_puissance,5.0,2026-08-08T17:47:47.578Z
sensor.plug_4_puissance,2.0,2026-08-08T17:47:52.579Z
sensor.plug_4_puissance,3.0,2026-08-08T17:47:57.579Z
sensor.plug_4_puissance,2.0,2026-08-08T17:48:02.572Z
sensor.plug_4_puissance,3.0,2026-08-08T17:48:09.286Z
sensor.plug_4_puissance,2.0,2026-08-08T17:48:17.575Z
sensor.plug_4_puissance,3.0,2026-08-08T17:48:22.575Z
sensor.plug_4_puissance,2.0,2026-08-08T17:48:27.575Z
sensor.plug_4_puissance,3.0,2026-08-08T17:48:32.575Z
sensor.plug_4_puissance,2.0,2026-08-08T17:48:37.576Z
sensor.plug_4_puissance,3.0,2026-08-08T17:48:49.576Z
sensor.plug_4_puissance,0.0,2026-08-08T17:48:54.577Z
sensor.plug_4_puissance,4.0,2026-08-08T17:48:59.587Z
sensor.plug_4_puissance,2.0,2026-08-08T17:49:04.576Z
sensor.plug_4_puissance,0.0,2026-08-08T17:49:11.587Z
sensor.plug_4_puissance,2.0,2026-08-08T17:49:16.587Z
sensor.plug_4_puissance,4.0,2026-08-08T17:49:22.579Z
sensor.plug_4_puissance,2.0,2026-08-08T17:49:27.576Z
sensor.plug_4_puissance,3.0,2026-08-08T17:49:40.592Z
sensor.plug_4_puissance,2.0,2026-08-08T17:49:45.590Z
sensor.plug_4_puissance,3.0,2026-08-08T17:50:21.587Z
sensor.plug_4_puissance,2.0,2026-08-08T17:50:26.587Z
sensor.plug_4_puissance,3.0,2026-08-08T17:50:56.599Z
sensor.plug_4_puissance,2.0,2026-08-08T17:51:01.597Z
sensor.plug_4_puissance,0.0,2026-08-08T17:51:13.600Z
sensor.plug_4_puissance,2.0,2026-08-08T17:51:18.601Z
sensor.plug_4_puissance,0.0,2026-08-08T17:51:53.603Z
sensor.plug_4_puissance,2.0,2026-08-08T17:51:58.604Z
sensor.plug_4_puissance,3.0,2026-08-08T17:52:03.594Z
sensor.plug_4_puissance,0.0,2026-08-08T17:52:08.595Z
sensor.plug_4_puissance,2.0,2026-08-08T17:52:13.593Z
sensor.plug_4_puissance,3.0,2026-08-08T17:52:18.595Z
sensor.plug_4_puissance,2.0,2026-08-08T17:52:22.010Z
sensor.plug_4_puissance,5.0,2026-08-08T17:52:28.598Z
sensor.plug_4_puissance,3.0,2026-08-08T17:52:33.598Z
sensor.plug_4_puissance,2.0,2026-08-08T17:52:38.607Z
sensor.plug_4_puissance,0.0,2026-08-08T17:53:09.616Z
sensor.plug_4_puissance,2.0,2026-08-08T17:53:14.616Z
sensor.plug_4_puissance,3.0,2026-08-08T17:53:35.604Z
sensor.plug_4_puissance,2.0,2026-08-08T17:53:40.604Z
sensor.plug_4_puissance,4.0,2026-08-08T17:53:45.605Z
sensor.plug_4_puissance,2.0,2026-08-08T17:53:46.251Z
sensor.plug_4_puissance,0.0,2026-08-08T17:54:05.612Z
sensor.plug_4_puissance,2.0,2026-08-08T17:54:10.613Z
sensor.plug_4_puissance,0.0,2026-08-08T17:54:58.617Z
sensor.plug_4_puissance,2.0,2026-08-08T17:55:03.618Z
sensor.plug_4_puissance,0.0,2026-08-08T17:55:09.623Z
sensor.plug_4_puissance,2.0,2026-08-08T17:55:17.621Z
sensor.plug_4_puissance,0.0,2026-08-08T17:55:22.621Z
sensor.plug_4_puissance,2.0,2026-08-08T17:55:29.621Z
sensor.plug_4_puissance,0.0,2026-08-08T17:55:34.623Z
sensor.plug_4_puissance,2.0,2026-08-08T17:55:39.622Z
sensor.plug_4_puissance,3.0,2026-08-08T17:56:17.619Z
sensor.plug_4_puissance,2.0,2026-08-08T17:56:22.619Z
sensor.plug_4_puissance,3.0,2026-08-08T17:57:57.623Z
sensor.plug_4_puissance,2.0,2026-08-08T17:58:02.624Z
sensor.plug_4_puissance,3.0,2026-08-08T17:58:30.635Z
sensor.plug_4_puissance,0.0,2026-08-08T17:58:35.639Z
sensor.plug_4_puissance,2.0,2026-08-08T17:58:40.639Z
sensor.plug_4_puissance,0.0,2026-08-08T17:59:44.637Z
sensor.plug_4_puissance,2.0,2026-08-08T17:59:49.639Z
sensor.plug_4_puissance,3.0,2026-08-08T18:00:07.633Z
sensor.plug_4_puissance,2.0,2026-08-08T18:00:12.633Z
sensor.plug_4_puissance,0.0,2026-08-08T18:00:32.635Z
sensor.plug_4_puissance,3.0,2026-08-08T18:00:37.634Z
sensor.plug_4_puissance,2.0,2026-08-08T18:00:42.635Z
sensor.plug_4_puissance,0.0,2026-08-08T18:00:59.645Z
sensor.plug_4_puissance,2.0,2026-08-08T18:01:11.447Z
sensor.plug_4_puissance,4.0,2026-08-08T18:01:16.441Z
sensor.plug_4_puissance,2.0,2026-08-08T18:01:21.443Z
sensor.plug_4_puissance,3.0,2026-08-08T18:01:56.451Z
sensor.plug_4_puissance,4.0,2026-08-08T18:02:01.455Z
sensor.plug_4_puissance,3.0,2026-08-08T18:02:06.452Z
sensor.plug_4_puissance,2.0,2026-08-08T18:02:11.453Z
sensor.plug_4_puissance,0.0,2026-08-08T18:02:35.453Z
sensor.plug_4_puissance,4.0,2026-08-08T18:02:40.456Z
sensor.plug_4_puissance,2.0,2026-08-08T18:02:45.449Z
sensor.plug_4_puissance,0.0,2026-08-08T18:02:57.463Z
sensor.plug_4_puissance,2.0,2026-08-08T18:03:02.460Z
sensor.plug_4_puissance,0.0,2026-08-08T18:04:05.464Z
sensor.plug_4_puissance,2.0,2026-08-08T18:04:10.465Z
sensor.plug_4_puissance,4.0,2026-08-08T18:04:35.457Z
sensor.plug_4_puissance,2.0,2026-08-08T18:04:40.458Z
sensor.plug_4_puissance,4.0,2026-08-08T18:04:45.458Z
sensor.plug_4_puissance,2.0,2026-08-08T18:04:50.459Z
sensor.plug_4_puissance,0.0,2026-08-08T18:05:24.474Z
sensor.plug_4_puissance,6.0,2026-08-08T18:05:29.475Z
sensor.plug_4_puissance,3.0,2026-08-08T18:05:34.462Z
sensor.plug_4_puissance,2.0,2026-08-08T18:05:39.463Z
sensor.plug_4_puissance,0.0,2026-08-08T18:06:23.464Z
sensor.plug_4_puissance,2.0,2026-08-08T18:06:28.467Z
sensor.plug_4_puissance,0.0,2026-08-08T18:07:01.481Z
sensor.plug_4_puissance,2.0,2026-08-08T18:07:06.472Z
sensor.plug_4_puissance,0.0,2026-08-08T18:07:17.467Z
sensor.plug_4_puissance,2.0,2026-08-08T18:07:22.479Z
sensor.plug_4_puissance,0.0,2026-08-08T18:07:44.481Z
sensor.plug_4_puissance,2.0,2026-08-08T18:07:48.697Z
sensor.plug_4_puissance,0.0,2026-08-08T18:08:06.482Z
sensor.plug_4_puissance,2.0,2026-08-08T18:08:11.484Z
sensor.plug_4_puissance,0.0,2026-08-08T18:08:51.486Z
sensor.plug_4_puissance,2.0,2026-08-08T18:08:56.488Z
sensor.plug_4_puissance,3.0,2026-08-08T18:09:06.489Z
sensor.plug_4_puissance,2.0,2026-08-08T18:09:11.487Z
sensor.plug_4_puissance,0.0,2026-08-08T18:09:20.489Z
sensor.plug_4_puissance,2.0,2026-08-08T18:09:28.496Z
sensor.plug_4_puissance,0.0,2026-08-08T18:09:43.491Z
sensor.plug_4_puissance,2.0,2026-08-08T18:09:48.491Z
sensor.plug_4_puissance,4.0,2026-08-08T18:09:53.483Z
sensor.plug_4_puissance,2.0,2026-08-08T18:09:58.483Z
sensor.plug_4_puissance,3.0,2026-08-08T18:10:07.486Z
sensor.plug_4_puissance,4.0,2026-08-08T18:10:13.488Z
sensor.plug_4_puissance,2.0,2026-08-08T18:10:18.487Z
sensor.plug_4_puissance,0.0,2026-08-08T18:10:23.487Z
sensor.plug_4_puissance,2.0,2026-08-08T18:10:28.489Z
sensor.plug_4_puissance,0.0,2026-08-08T18:10:36.491Z
sensor.plug_4_puissance,2.0,2026-08-08T18:10:41.490Z
sensor.plug_4_puissance,3.0,2026-08-08T18:10:46.491Z
sensor.plug_4_puissance,2.0,2026-08-08T18:10:51.492Z
sensor.plug_4_puissance,0.0,2026-08-08T18:11:17.501Z
sensor.plug_4_puissance,2.0,2026-08-08T18:11:22.498Z
sensor.plug_4_puissance,0.0,2026-08-08T18:12:21.500Z
sensor.plug_4_puissance,2.0,2026-08-08T18:12:26.499Z
sensor.plug_4_puissance,0.0,2026-08-08T18:12:58.511Z
sensor.plug_4_puissance,2.0,2026-08-08T18:13:03.513Z
sensor.plug_4_puissance,0.0,2026-08-08T18:13:09.516Z
sensor.plug_4_puissance,2.0,2026-08-08T18:13:14.516Z
sensor.plug_4_puissance,0.0,2026-08-08T18:13:19.514Z
sensor.plug_4_puissance,2.0,2026-08-08T18:13:25.513Z
sensor.plug_4_puissance,3.0,2026-08-08T18:13:59.509Z
sensor.plug_4_puissance,0.0,2026-08-08T18:14:04.509Z
sensor.plug_4_puissance,2.0,2026-08-08T18:14:07.772Z
sensor.plug_4_puissance,3.0,2026-08-08T18:14:24.513Z
sensor.plug_4_puissance,2.0,2026-08-08T18:14:32.514Z
sensor.plug_4_puissance,3.0,2026-08-08T18:14:54.514Z
sensor.plug_4_puissance,2.0,2026-08-08T18:14:59.514Z
sensor.plug_4_puissance,0.0,2026-08-08T18:15:49.533Z
sensor.plug_4_puissance,3.0,2026-08-08T18:15:54.525Z
sensor.plug_4_puissance,2.0,2026-08-08T18:15:59.525Z
sensor.plug_4_puissance,3.0,2026-08-08T18:16:12.517Z
sensor.plug_4_puissance,2.0,2026-08-08T18:16:17.519Z
sensor.plug_4_puissance,0.0,2026-08-08T18:16:29.532Z
sensor.plug_4_puissance,2.0,2026-08-08T18:16:34.528Z
sensor.plug_4_puissance,0.0,2026-08-08T18:17:26.530Z
sensor.plug_4_puissance,2.0,2026-08-08T18:17:34.530Z
sensor.plug_4_puissance,0.0,2026-08-08T18:17:38.366Z
sensor.plug_4_puissance,3.0,2026-08-08T18:17:44.530Z
sensor.plug_4_puissance,2.0,2026-08-08T18:17:49.520Z
sensor.plug_4_puissance,0.0,2026-08-08T18:18:01.532Z
sensor.plug_4_puissance,2.0,2026-08-08T18:18:06.534Z
sensor.plug_4_puissance,0.0,2026-08-08T18:18:51.539Z
sensor.plug_4_puissance,2.0,2026-08-08T18:18:56.539Z
sensor.plug_4_puissance,0.0,2026-08-08T18:19:21.539Z
sensor.plug_4_puissance,2.0,2026-08-08T18:19:26.539Z
sensor.plug_4_puissance,0.0,2026-08-08T18:20:18.543Z
sensor.plug_4_puissance,2.0,2026-08-08T18:20:23.542Z
sensor.plug_4_puissance,0.0,2026-08-08T18:20:37.540Z
sensor.plug_4_puissance,2.0,2026-08-08T18:20:42.542Z
sensor.plug_4_puissance,0.0,2026-08-08T18:21:50.536Z
sensor.plug_4_puissance,2.0,2026-08-08T18:21:55.542Z
sensor.plug_4_puissance,0.0,2026-08-08T18:22:01.535Z
sensor.plug_4_puissance,2.0,2026-08-08T18:22:06.537Z
sensor.plug_4_puissance,3.0,2026-08-08T18:23:13.536Z
sensor.plug_4_puissance,2.0,2026-08-08T18:23:18.539Z
sensor.plug_4_puissance,0.0,2026-08-08T18:23:27.538Z
sensor.plug_4_puissance,2.0,2026-08-08T18:23:32.540Z
sensor.plug_4_puissance,0.0,2026-08-08T18:23:43.536Z
sensor.plug_4_puissance,2.0,2026-08-08T18:23:48.549Z
sensor.plug_4_puissance,0.0,2026-08-08T18:24:40.540Z
sensor.plug_4_puissance,2.0,2026-08-08T18:24:45.540Z
sensor.plug_4_puissance,3.0,2026-08-08T18:25:07.538Z
sensor.plug_4_puissance,0.0,2026-08-08T18:25:12.541Z
sensor.plug_4_puissance,2.0,2026-08-08T18:25:17.541Z
sensor.plug_4_puissance,0.0,2026-08-08T18:25:41.557Z
sensor.plug_4_puissance,2.0,2026-08-08T18:25:46.555Z
sensor.plug_4_puissance,3.0,2026-08-08T18:26:24.544Z
sensor.plug_4_puissance,2.0,2026-08-08T18:26:29.544Z
sensor.plug_4_puissance,0.0,2026-08-08T18:26:53.554Z
sensor.plug_4_puissance,2.0,2026-08-08T18:26:58.557Z
sensor.plug_4_puissance,0.0,2026-08-08T18:27:15.557Z
sensor.plug_4_puissance,4.0,2026-08-08T18:27:20.557Z
sensor.plug_4_puissance,5.0,2026-08-08T18:27:25.550Z
sensor.plug_4_puissance,2.0,2026-08-08T18:27:30.551Z
sensor.plug_4_puissance,4.0,2026-08-08T18:27:52.553Z
sensor.plug_4_puissance,3.0,2026-08-08T18:27:57.553Z
sensor.plug_4_puissance,0.0,2026-08-08T18:28:03.563Z
sensor.plug_4_puissance,2.0,2026-08-08T18:28:08.563Z
sensor.plug_4_puissance,4.0,2026-08-08T18:28:21.559Z
sensor.plug_4_puissance,2.0,2026-08-08T18:28:26.559Z
sensor.plug_4_puissance,3.0,2026-08-08T18:28:36.558Z
sensor.plug_4_puissance,0.0,2026-08-08T18:28:41.559Z
sensor.plug_4_puissance,2.0,2026-08-08T18:28:48.573Z
sensor.plug_4_puissance,0.0,2026-08-08T18:29:30.569Z
sensor.plug_4_puissance,2.0,2026-08-08T18:29:38.570Z
sensor.plug_4_puissance,0.0,2026-08-08T18:30:38.578Z
sensor.plug_4_puissance,2.0,2026-08-08T18:30:43.577Z
sensor.plug_4_puissance,0.0,2026-08-08T18:30:53.578Z
sensor.plug_4_puissance,2.0,2026-08-08T18:30:58.581Z
sensor.plug_4_puissance,5.0,2026-08-08T18:31:24.575Z
sensor.plug_4_puissance,2.0,2026-08-08T18:31:29.576Z
sensor.plug_4_puissance,0.0,2026-08-08T18:31:34.575Z
sensor.plug_4_puissance,2.0,2026-08-08T18:31:39.576Z
sensor.plug_4_puissance,0.0,2026-08-08T18:32:35.590Z
sensor.plug_4_puissance,2.0,2026-08-08T18:32:43.591Z
sensor.plug_4_puissance,0.0,2026-08-08T18:32:48.589Z
sensor.plug_4_puissance,2.0,2026-08-08T18:32:53.593Z
sensor.plug_4_puissance,0.0,2026-08-08T18:33:03.598Z
sensor.plug_4_puissance,3.0,2026-08-08T18:33:08.599Z
sensor.plug_4_puissance,2.0,2026-08-08T18:33:13.595Z
sensor.plug_4_puissance,0.0,2026-08-08T18:33:32.597Z
sensor.plug_4_puissance,2.0,2026-08-08T18:33:37.599Z
sensor.plug_4_puissance,0.0,2026-08-08T18:33:42.598Z
sensor.plug_4_puissance,3.0,2026-08-08T18:33:47.598Z
sensor.plug_4_puissance,0.0,2026-08-08T18:33:52.599Z
sensor.plug_4_puissance,2.0,2026-08-08T18:33:57.598Z
sensor.plug_4_puissance,0.0,2026-08-08T18:34:03.600Z
sensor.plug_4_puissance,4.0,2026-08-08T18:34:08.599Z
sensor.plug_4_puissance,3.0,2026-08-08T18:34:13.592Z
sensor.plug_4_puissance,2.0,2026-08-08T18:34:18.593Z
sensor.plug_4_puissance,4.0,2026-08-08T18:34:31.595Z
sensor.plug_4_puissance,3.0,2026-08-08T18:34:37.596Z
sensor.plug_4_puissance,2.0,2026-08-08T18:34:42.598Z
sensor.plug_4_puissance,0.0,2026-08-08T18:34:55.608Z
sensor.plug_4_puissance,2.0,2026-08-08T18:35:00.609Z
sensor.plug_4_puissance,5.0,2026-08-08T18:35:06.603Z
sensor.plug_4_puissance,3.0,2026-08-08T18:35:11.340Z
sensor.plug_4_puissance,2.0,2026-08-08T18:35:16.612Z
sensor.plug_4_puissance,4.0,2026-08-08T18:35:42.607Z
sensor.plug_4_puissance,0.0,2026-08-08T18:35:47.608Z
sensor.plug_4_puissance,2.0,2026-08-08T18:35:52.608Z
sensor.plug_4_puissance,4.0,2026-08-08T18:35:57.608Z
sensor.plug_4_puissance,2.0,2026-08-08T18:36:02.608Z
sensor.plug_4_puissance,4.0,2026-08-08T18:36:07.608Z
sensor.plug_4_puissance,2.0,2026-08-08T18:36:12.608Z
sensor.plug_4_puissance,0.0,2026-08-08T18:36:17.608Z
sensor.plug_4_puissance,2.0,2026-08-08T18:36:22.609Z
sensor.plug_4_puissance,0.0,2026-08-08T18:36:34.622Z
sensor.plug_4_puissance,3.0,2026-08-08T18:36:39.624Z
sensor.plug_4_puissance,2.0,2026-08-08T18:36:44.624Z
sensor.plug_4_puissance,4.0,2026-08-08T18:37:05.617Z
sensor.plug_4_puissance,2.0,2026-08-08T18:37:10.617Z
sensor.plug_4_puissance,0.0,2026-08-08T18:37:15.617Z
sensor.plug_4_puissance,2.0,2026-08-08T18:37:17.696Z
sensor.plug_4_puissance,0.0,2026-08-08T18:37:27.617Z
sensor.plug_4_puissance,2.0,2026-08-08T18:37:32.619Z
sensor.plug_4_puissance,4.0,2026-08-08T18:37:42.630Z
sensor.plug_4_puissance,2.0,2026-08-08T18:37:47.622Z
sensor.plug_4_puissance,0.0,2026-08-08T18:37:53.622Z
sensor.plug_4_puissance,2.0,2026-08-08T18:37:58.622Z
sensor.plug_4_puissance,0.0,2026-08-08T18:38:15.639Z
sensor.plug_4_puissance,2.0,2026-08-08T18:38:23.634Z
sensor.plug_4_puissance,0.0,2026-08-08T18:38:42.638Z
sensor.plug_4_puissance,2.0,2026-08-08T18:38:47.643Z
sensor.plug_4_puissance,0.0,2026-08-08T18:39:16.647Z
sensor.plug_4_puissance,4.0,2026-08-08T18:39:22.642Z
sensor.plug_4_puissance,2.0,2026-08-08T18:39:27.634Z
sensor.plug_4_puissance,0.0,2026-08-08T18:39:41.645Z
sensor.plug_4_puissance,2.0,2026-08-08T18:39:46.647Z
sensor.plug_4_puissance,3.0,2026-08-08T18:41:01.656Z
sensor.plug_4_puissance,2.0,2026-08-08T18:41:06.658Z
sensor.plug_4_puissance,0.0,2026-08-08T18:41:24.664Z
sensor.plug_4_puissance,2.0,2026-08-08T18:41:29.659Z
sensor.plug_4_puissance,0.0,2026-08-08T18:41:36.659Z
sensor.plug_4_puissance,2.0,2026-08-08T18:41:43.660Z
sensor.plug_4_puissance,0.0,2026-08-08T18:41:48.663Z
sensor.plug_4_puissance,2.0,2026-08-08T18:41:53.661Z
sensor.plug_4_puissance,3.0,2026-08-08T18:41:59.654Z
sensor.plug_4_puissance,2.0,2026-08-08T18:42:04.654Z
sensor.plug_4_puissance,3.0,2026-08-08T18:42:10.661Z
sensor.plug_4_puissance,0.0,2026-08-08T18:42:15.656Z
sensor.plug_4_puissance,2.0,2026-08-08T18:42:20.658Z
sensor.plug_4_puissance,0.0,2026-08-08T18:42:25.666Z
sensor.plug_4_puissance,3.0,2026-08-08T18:42:30.663Z
sensor.plug_4_puissance,2.0,2026-08-08T18:42:35.666Z
sensor.plug_4_puissance,0.0,2026-08-08T18:42:43.658Z
sensor.plug_4_puissance,2.0,2026-08-08T18:42:48.666Z
sensor.plug_4_puissance,0.0,2026-08-08T18:43:07.663Z
sensor.plug_4_puissance,3.0,2026-08-08T18:43:12.662Z
sensor.plug_4_puissance,2.0,2026-08-08T18:43:17.665Z
sensor.plug_4_puissance,4.0,2026-08-08T18:43:30.661Z
sensor.plug_4_puissance,2.0,2026-08-08T18:43:35.663Z
sensor.plug_4_puissance,3.0,2026-08-08T18:43:58.674Z
sensor.plug_4_puissance,0.0,2026-08-08T18:44:03.673Z
sensor.plug_4_puissance,3.0,2026-08-08T18:44:08.672Z
sensor.plug_4_puissance,2.0,2026-08-08T18:44:13.666Z
sensor.plug_4_puissance,3.0,2026-08-08T18:44:37.670Z
sensor.plug_4_puissance,2.0,2026-08-08T18:44:42.670Z
sensor.plug_4_puissance,0.0,2026-08-08T18:44:55.686Z
sensor.plug_4_puissance,3.0,2026-08-08T18:45:00.689Z
sensor.plug_4_puissance,2.0,2026-08-08T18:45:05.684Z
sensor.plug_4_puissance,0.0,2026-08-08T18:45:32.690Z
sensor.plug_4_puissance,2.0,2026-08-08T18:45:37.691Z
sensor.plug_4_puissance,0.0,2026-08-08T18:46:22.689Z
sensor.plug_4_puissance,2.0,2026-08-08T18:46:27.491Z
sensor.plug_4_puissance,0.0,2026-08-08T18:46:38.494Z
sensor.plug_4_puissance,2.0,2026-08-08T18:46:45.494Z
sensor.plug_4_puissance,0.0,2026-08-08T18:47:04.494Z
sensor.plug_4_puissance,3.0,2026-08-08T18:47:09.495Z
sensor.plug_4_puissance,0.0,2026-08-08T18:47:14.497Z
sensor.plug_4_puissance,2.0,2026-08-08T18:47:20.495Z
sensor.plug_4_puissance,4.0,2026-08-08T18:47:25.503Z
sensor.plug_4_puissance,2.0,2026-08-08T18:47:30.498Z
sensor.plug_4_puissance,0.0,2026-08-08T18:47:42.499Z
sensor.plug_4_puissance,2.0,2026-08-08T18:47:47.499Z
sensor.plug_4_puissance,4.0,2026-08-08T18:47:52.490Z
sensor.plug_4_puissance,2.0,2026-08-08T18:47:57.492Z
sensor.plug_4_puissance,5.0,2026-08-08T18:48:22.495Z
sensor.plug_4_puissance,2.0,2026-08-08T18:48:27.496Z
sensor.plug_4_puissance,0.0,2026-08-08T18:48:33.496Z
sensor.plug_4_puissance,2.0,2026-08-08T18:48:38.507Z
sensor.plug_4_puissance,3.0,2026-08-08T18:48:43.496Z
sensor.plug_4_puissance,2.0,2026-08-08T18:48:48.496Z
sensor.plug_4_puissance,0.0,2026-08-08T18:48:53.496Z
sensor.plug_4_puissance,2.0,2026-08-08T18:48:58.500Z
sensor.plug_4_puissance,3.0,2026-08-08T18:49:15.499Z
sensor.plug_4_puissance,0.0,2026-08-08T18:49:20.499Z
sensor.plug_4_puissance,3.0,2026-08-08T18:49:25.500Z
sensor.plug_4_puissance,2.0,2026-08-08T18:49:30.500Z
sensor.plug_4_puissance,0.0,2026-08-08T18:49:35.501Z
sensor.plug_4_puissance,2.0,2026-08-08T18:49:40.501Z
sensor.plug_4_puissance,0.0,2026-08-08T18:49:53.512Z
sensor.plug_4_puissance,2.0,2026-08-08T18:49:58.513Z
sensor.plug_4_puissance,0.0,2026-08-08T18:50:35.516Z
sensor.plug_4_puissance,2.0,2026-08-08T18:50:40.519Z
sensor.plug_4_puissance,0.0,2026-08-08T18:50:54.525Z
sensor.plug_4_puissance,4.0,2026-08-08T18:50:59.525Z
sensor.plug_4_puissance,2.0,2026-08-08T18:51:04.521Z
sensor.plug_4_puissance,0.0,2026-08-08T18:51:09.520Z
sensor.plug_4_puissance,3.0,2026-08-08T18:51:14.514Z
sensor.plug_4_puissance,4.0,2026-08-08T18:51:19.510Z
sensor.plug_4_puissance,2.0,2026-08-08T18:51:24.514Z
sensor.plug_4_puissance,0.0,2026-08-08T18:51:44.516Z
sensor.plug_4_puissance,2.0,2026-08-08T18:51:49.517Z
sensor.plug_4_puissance,5.0,2026-08-08T18:51:55.518Z
sensor.plug_4_puissance,2.0,2026-08-08T18:52:00.518Z
sensor.plug_4_puissance,0.0,2026-08-08T18:52:52.535Z
sensor.plug_4_puissance,2.0,2026-08-08T18:52:57.536Z
sensor.plug_4_puissance,0.0,2026-08-08T18:53:04.522Z
sensor.plug_4_puissance,2.0,2026-08-08T18:53:09.522Z
sensor.plug_4_puissance,0.0,2026-08-08T18:53:23.524Z
sensor.plug_4_puissance,2.0,2026-08-08T18:53:28.535Z
sensor.plug_4_puissance,0.0,2026-08-08T18:54:05.527Z
sensor.plug_4_puissance,2.0,2026-08-08T18:54:08.533Z
sensor.plug_4_puissance,0.0,2026-08-08T18:54:43.527Z
sensor.plug_4_puissance,2.0,2026-08-08T18:54:48.529Z
sensor.plug_4_puissance,0.0,2026-08-08T18:55:13.528Z
sensor.plug_4_puissance,2.0,2026-08-08T18:55:18.531Z
sensor.plug_4_puissance,4.0,2026-08-08T18:55:27.526Z
sensor.plug_4_puissance,2.0,2026-08-08T18:55:32.533Z
sensor.plug_4_puissance,3.0,2026-08-08T18:56:08.535Z
sensor.plug_4_puissance,2.0,2026-08-08T18:56:13.535Z
sensor.plug_4_puissance,0.0,2026-08-08T18:56:23.545Z
sensor.plug_4_puissance,2.0,2026-08-08T18:56:28.544Z
sensor.plug_4_puissance,5.0,2026-08-08T18:56:33.537Z
sensor.plug_4_puissance,2.0,2026-08-08T18:56:38.546Z
sensor.plug_4_puissance,5.0,2026-08-08T18:56:48.550Z
sensor.plug_4_puissance,2.0,2026-08-08T18:56:53.550Z
sensor.plug_4_puissance,0.0,2026-08-08T18:57:00.551Z
sensor.plug_4_puissance,2.0,2026-08-08T18:57:05.551Z
sensor.plug_4_puissance,3.0,2026-08-08T18:57:10.543Z
sensor.plug_4_puissance,0.0,2026-08-08T18:57:18.552Z
sensor.plug_4_puissance,2.0,2026-08-08T18:57:23.551Z
sensor.plug_4_puissance,0.0,2026-08-08T18:57:30.552Z
sensor.plug_4_puissance,2.0,2026-08-08T18:57:35.553Z
sensor.plug_4_puissance,3.0,2026-08-08T18:57:49.545Z
sensor.plug_4_puissance,2.0,2026-08-08T18:57:54.546Z
sensor.plug_4_puissance,4.0,2026-08-08T18:58:02.545Z
sensor.plug_4_puissance,2.0,2026-08-08T18:58:07.548Z
sensor.plug_4_puissance,4.0,2026-08-08T18:58:24.550Z
sensor.plug_4_puissance,0.0,2026-08-08T18:58:31.551Z
sensor.plug_4_puissance,3.0,2026-08-08T18:58:39.559Z
sensor.plug_4_puissance,4.0,2026-08-08T18:58:44.551Z
sensor.plug_4_puissance,2.0,2026-08-08T18:58:49.551Z
sensor.plug_4_puissance,4.0,2026-08-08T18:59:03.558Z
sensor.plug_4_puissance,0.0,2026-08-08T18:59:08.553Z
sensor.plug_4_puissance,2.0,2026-08-08T18:59:13.554Z
sensor.plug_4_puissance,4.0,2026-08-08T18:59:18.554Z
sensor.plug_4_puissance,2.0,2026-08-08T18:59:23.558Z
sensor.plug_4_puissance,4.0,2026-08-08T18:59:32.565Z
sensor.plug_4_puissance,0.0,2026-08-08T18:59:37.566Z
sensor.plug_4_puissance,2.0,2026-08-08T18:59:42.567Z
sensor.plug_4_puissance,0.0,2026-08-08T19:00:03.569Z
sensor.plug_4_puissance,2.0,2026-08-08T19:00:08.567Z
sensor.plug_4_puissance,3.0,2026-08-08T19:00:13.567Z
sensor.plug_4_puissance,4.0,2026-08-08T19:00:18.558Z
sensor.plug_4_puissance,2.0,2026-08-08T19:00:23.558Z
sensor.plug_4_puissance,0.0,2026-08-08T19:00:48.567Z
sensor.plug_4_puissance,2.0,2026-08-08T19:00:53.569Z
sensor.plug_4_puissance,3.0,2026-08-08T19:01:18.572Z
sensor.plug_4_puissance,2.0,2026-08-08T19:01:23.574Z
sensor.plug_4_puissance,4.0,2026-08-08T19:01:35.575Z
sensor.plug_4_puissance,2.0,2026-08-08T19:01:40.575Z
sensor.plug_4_puissance,0.0,2026-08-08T19:02:01.568Z
sensor.plug_4_puissance,2.0,2026-08-08T19:02:06.569Z
sensor.plug_4_puissance,0.0,2026-08-08T19:02:20.583Z
sensor.plug_4_puissance,2.0,2026-08-08T19:02:25.581Z
sensor.plug_4_puissance,0.0,2026-08-08T19:02:51.582Z
sensor.plug_4_puissance,3.0,2026-08-08T19:02:56.583Z
sensor.plug_4_puissance,2.0,2026-08-08T19:03:01.574Z
sensor.plug_4_puissance,0.0,2026-08-08T19:04:21.592Z
sensor.plug_4_puissance,2.0,2026-08-08T19:04:26.593Z
sensor.plug_4_puissance,3.0,2026-08-08T19:04:32.585Z
sensor.plug_4_puissance,2.0,2026-08-08T19:04:37.595Z
sensor.plug_4_puissance,0.0,2026-08-08T19:04:43.596Z
sensor.plug_4_puissance,2.0,2026-08-08T19:04:48.598Z
sensor.plug_4_puissance,0.0,2026-08-08T19:04:53.599Z
sensor.plug_4_puissance,3.0,2026-08-08T19:04:58.591Z
sensor.plug_4_puissance,4.0,2026-08-08T19:05:03.591Z
sensor.plug_4_puissance,2.0,2026-08-08T19:05:08.593Z
sensor.plug_4_puissance,0.0,2026-08-08T19:05:17.605Z
sensor.plug_4_puissance,2.0,2026-08-08T19:05:22.440Z
sensor.plug_4_puissance,0.0,2026-08-08T19:05:27.602Z
sensor.plug_4_puissance,2.0,2026-08-08T19:05:32.607Z
sensor.plug_4_puissance,0.0,2026-08-08T19:05:40.601Z
sensor.plug_4_puissance,2.0,2026-08-08T19:05:45.603Z
sensor.plug_4_puissance,3.0,2026-08-08T19:05:50.604Z
sensor.plug_4_puissance,2.0,2026-08-08T19:05:55.597Z
sensor.plug_4_puissance,3.0,2026-08-08T19:06:05.597Z
sensor.plug_4_puissance,2.0,2026-08-08T19:06:10.598Z
sensor.plug_4_puissance,0.0,2026-08-08T19:06:29.611Z
sensor.plug_4_puissance,4.0,2026-08-08T19:06:34.612Z
sensor.plug_4_puissance,2.0,2026-08-08T19:06:42.607Z
sensor.plug_4_puissance,0.0,2026-08-08T19:06:54.618Z
sensor.plug_4_puissance,2.0,2026-08-08T19:06:59.618Z
sensor.plug_4_puissance,0.0,2026-08-08T19:07:08.622Z
sensor.plug_4_puissance,2.0,2026-08-08T19:07:13.624Z
sensor.plug_4_puissance,0.0,2026-08-08T19:07:18.623Z
sensor.plug_4_puissance,3.0,2026-08-08T19:07:23.624Z
sensor.plug_4_puissance,2.0,2026-08-08T19:07:28.625Z
sensor.plug_4_puissance,5.0,2026-08-08T19:07:40.619Z
sensor.plug_4_puissance,2.0,2026-08-08T19:07:45.619Z
sensor.plug_4_puissance,0.0,2026-08-08T19:07:55.623Z
sensor.plug_4_puissance,3.0,2026-08-08T19:08:00.623Z
sensor.plug_4_puissance,2.0,2026-08-08T19:08:05.623Z
sensor.plug_4_puissance,5.0,2026-08-08T19:08:13.624Z
sensor.plug_4_puissance,2.0,2026-08-08T19:08:18.625Z
sensor.plug_4_puissance,3.0,2026-08-08T19:08:31.634Z
sensor.plug_4_puissance,0.0,2026-08-08T19:08:36.634Z
sensor.plug_4_puissance,2.0,2026-08-08T19:08:41.634Z
sensor.plug_4_puissance,4.0,2026-08-08T19:08:46.626Z
sensor.plug_4_puissance,2.0,2026-08-08T19:08:51.627Z
sensor.plug_4_puissance,3.0,2026-08-08T19:08:56.628Z
sensor.plug_4_puissance,0.0,2026-08-08T19:09:01.636Z
sensor.plug_4_puissance,2.0,2026-08-08T19:09:06.636Z
sensor.plug_4_puissance,3.0,2026-08-08T19:09:11.628Z
sensor.plug_4_puissance,4.0,2026-08-08T19:09:16.629Z
sensor.plug_4_puissance,3.0,2026-08-08T19:09:21.629Z
sensor.plug_4_puissance,2.0,2026-08-08T19:09:26.629Z
sensor.plug_4_puissance,5.0,2026-08-08T19:09:47.645Z
sensor.plug_4_puissance,2.0,2026-08-08T19:09:52.633Z
sensor.plug_4_puissance,0.0,2026-08-08T19:10:16.645Z
sensor.plug_4_puissance,2.0,2026-08-08T19:10:21.642Z
sensor.plug_4_puissance,0.0,2026-08-08T19:10:42.638Z
sensor.plug_4_puissance,2.0,2026-08-08T19:10:47.639Z
sensor.plug_4_puissance,5.0,2026-08-08T19:10:59.396Z
sensor.plug_4_puissance,0.0,2026-08-08T19:11:04.641Z
sensor.plug_4_puissance,2.0,2026-08-08T19:11:09.641Z
sensor.plug_4_puissance,4.0,2026-08-08T19:11:16.641Z
sensor.plug_4_puissance,0.0,2026-08-08T19:11:21.642Z
sensor.plug_4_puissance,4.0,2026-08-08T19:11:26.643Z
sensor.plug_4_puissance,2.0,2026-08-08T19:11:31.645Z
sensor.plug_4_puissance,0.0,2026-08-08T19:11:37.647Z
sensor.plug_4_puissance,2.0,2026-08-08T19:11:44.650Z
sensor.plug_4_puissance,0.0,2026-08-08T19:11:54.651Z
sensor.plug_4_puissance,2.0,2026-08-08T19:11:59.649Z
sensor.plug_4_puissance,4.0,2026-08-08T19:12:04.654Z
sensor.plug_4_puissance,2.0,2026-08-08T19:12:09.653Z
sensor.plug_4_puissance,4.0,2026-08-08T19:12:17.652Z
sensor.plug_4_puissance,0.0,2026-08-08T19:12:22.653Z
sensor.plug_4_puissance,2.0,2026-08-08T19:12:27.654Z
sensor.plug_4_puissance,0.0,2026-08-08T19:12:35.664Z
sensor.plug_4_puissance,4.0,2026-08-08T19:12:40.664Z
sensor.plug_4_puissance,2.0,2026-08-08T19:12:45.664Z
sensor.plug_4_puissance,0.0,2026-08-08T19:12:50.667Z
sensor.plug_4_puissance,2.0,2026-08-08T19:12:55.669Z
sensor.plug_4_puissance,0.0,2026-08-08T19:13:00.669Z
sensor.plug_4_puissance,2.0,2026-08-08T19:13:05.668Z
sensor.plug_4_puissance,4.0,2026-08-08T19:13:10.671Z
sensor.plug_4_puissance,2.0,2026-08-08T19:13:15.671Z
sensor.plug_4_puissance,5.0,2026-08-08T19:13:31.665Z
sensor.plug_4_puissance,3.0,2026-08-08T19:13:36.665Z
sensor.plug_4_puissance,2.0,2026-08-08T19:13:41.667Z
sensor.plug_4_puissance,0.0,2026-08-08T19:13:57.671Z
sensor.plug_4_puissance,4.0,2026-08-08T19:14:04.672Z
sensor.plug_4_puissance,2.0,2026-08-08T19:14:09.672Z
sensor.plug_4_puissance,4.0,2026-08-08T19:14:14.673Z
sensor.plug_4_puissance,0.0,2026-08-08T19:14:19.673Z
sensor.plug_4_puissance,2.0,2026-08-08T19:14:24.672Z
sensor.plug_4_puissance,4.0,2026-08-08T19:14:29.672Z
sensor.plug_4_puissance,2.0,2026-08-08T19:14:34.672Z
sensor.plug_4_puissance,4.0,2026-08-08T19:14:42.675Z
sensor.plug_4_puissance,0.0,2026-08-08T19:14:47.681Z
sensor.plug_4_puissance,2.0,2026-08-08T19:14:52.675Z
sensor.plug_4_puissance,0.0,2026-08-08T19:14:57.675Z
sensor.plug_4_puissance,2.0,2026-08-08T19:15:02.677Z
sensor.plug_4_puissance,4.0,2026-08-08T19:15:07.678Z
sensor.plug_4_puissance,2.0,2026-08-08T19:15:12.130Z
sensor.plug_4_puissance,3.0,2026-08-08T19:15:17.680Z
sensor.plug_4_puissance,2.0,2026-08-08T19:15:22.681Z
sensor.plug_4_puissance,3.0,2026-08-08T19:15:31.691Z
sensor.plug_4_puissance,2.0,2026-08-08T19:15:36.692Z
sensor.plug_4_puissance,0.0,2026-08-08T19:15:42.683Z
sensor.plug_4_puissance,2.0,2026-08-08T19:15:50.691Z
sensor.plug_4_puissance,0.0,2026-08-08T19:15:58.691Z
sensor.plug_4_puissance,2.0,2026-08-08T19:16:03.692Z
sensor.plug_4_puissance,3.0,2026-08-08T19:16:09.693Z
sensor.plug_4_puissance,2.0,2026-08-08T19:16:16.693Z
sensor.plug_4_puissance,0.0,2026-08-08T19:16:51.700Z
sensor.plug_4_puissance,2.0,2026-08-08T19:16:56.700Z
sensor.plug_4_puissance,3.0,2026-08-08T19:17:01.691Z
sensor.plug_4_puissance,2.0,2026-08-08T19:17:07.691Z
sensor.plug_4_puissance,3.0,2026-08-08T19:17:12.691Z
sensor.plug_4_puissance,2.0,2026-08-08T19:17:18.491Z
sensor.plug_4_puissance,5.0,2026-08-08T19:17:23.704Z
sensor.plug_4_puissance,2.0,2026-08-08T19:17:28.705Z
sensor.plug_4_puissance,0.0,2026-08-08T19:17:43.707Z
sensor.plug_4_puissance,2.0,2026-08-08T19:17:48.710Z
sensor.plug_4_puissance,0.0,2026-08-08T19:17:53.708Z
sensor.plug_4_puissance,2.0,2026-08-08T19:18:02.709Z
sensor.plug_4_puissance,0.0,2026-08-08T19:18:14.708Z
sensor.plug_4_puissance,2.0,2026-08-08T19:18:19.709Z
sensor.plug_4_puissance,4.0,2026-08-08T19:18:27.711Z
sensor.plug_4_puissance,2.0,2026-08-08T19:18:32.709Z
sensor.plug_4_puissance,0.0,2026-08-08T19:18:53.719Z
sensor.plug_4_puissance,2.0,2026-08-08T19:18:58.715Z
sensor.plug_4_puissance,0.0,2026-08-08T19:19:03.721Z
sensor.plug_4_puissance,2.0,2026-08-08T19:19:12.715Z
sensor.plug_4_puissance,0.0,2026-08-08T19:19:17.719Z
sensor.plug_4_puissance,4.0,2026-08-08T19:19:22.722Z
sensor.plug_4_puissance,2.0,2026-08-08T19:19:27.719Z
sensor.plug_4_puissance,0.0,2026-08-08T19:19:32.721Z
sensor.plug_4_puissance,2.0,2026-08-08T19:19:37.722Z
sensor.plug_4_puissance,3.0,2026-08-08T19:19:56.715Z
sensor.plug_4_puissance,2.0,2026-08-08T19:20:01.716Z
sensor.plug_4_puissance,0.0,2026-08-08T19:20:19.530Z
sensor.plug_4_puissance,3.0,2026-08-08T19:20:24.530Z
sensor.plug_4_puissance,2.0,2026-08-08T19:20:29.522Z
sensor.plug_4_puissance,3.0,2026-08-08T19:20:34.521Z
sensor.plug_4_puissance,2.0,2026-08-08T19:20:39.523Z
sensor.plug_4_puissance,0.0,2026-08-08T19:20:44.522Z
sensor.plug_4_puissance,3.0,2026-08-08T19:20:50.532Z
sensor.plug_4_puissance,2.0,2026-08-08T19:20:55.525Z
sensor.plug_4_puissance,0.0,2026-08-08T19:21:13.534Z
sensor.plug_4_puissance,2.0,2026-08-08T19:21:20.536Z
sensor.plug_4_puissance,0.0,2026-08-08T19:21:59.544Z
sensor.plug_4_puissance,2.0,2026-08-08T19:22:04.542Z
sensor.plug_4_puissance,0.0,2026-08-08T19:22:11.543Z
sensor.plug_4_puissance,2.0,2026-08-08T19:22:16.544Z
sensor.plug_4_puissance,0.0,2026-08-08T19:22:21.543Z
sensor.plug_4_puissance,4.0,2026-08-08T19:22:26.543Z
sensor.plug_4_puissance,3.0,2026-08-08T19:22:31.539Z
sensor.plug_4_puissance,2.0,2026-08-08T19:22:40.544Z
sensor.plug_4_puissance,0.0,2026-08-08T19:22:48.548Z
sensor.plug_4_puissance,2.0,2026-08-08T19:22:55.543Z
sensor.plug_4_puissance,4.0,2026-08-08T19:23:18.539Z
sensor.plug_4_puissance,2.0,2026-08-08T19:23:23.548Z
sensor.plug_4_puissance,4.0,2026-08-08T19:23:49.555Z
sensor.plug_4_puissance,2.0,2026-08-08T19:23:54.557Z
sensor.plug_4_puissance,4.0,2026-08-08T19:24:11.549Z
sensor.plug_4_puissance,2.0,2026-08-08T19:24:16.550Z
sensor.plug_4_puissance,4.0,2026-08-08T19:24:22.561Z
sensor.plug_4_puissance,2.0,2026-08-08T19:24:27.562Z
sensor.plug_4_puissance,0.0,2026-08-08T19:24:43.561Z
sensor.plug_4_puissance,5.0,2026-08-08T19:24:48.561Z
sensor.plug_4_puissance,0.0,2026-08-08T19:24:53.563Z
sensor.plug_4_puissance,2.0,2026-08-08T19:24:58.564Z
sensor.plug_4_puissance,4.0,2026-08-08T19:25:21.562Z
sensor.plug_4_puissance,0.0,2026-08-08T19:25:28.572Z
sensor.plug_4_puissance,4.0,2026-08-08T19:25:33.573Z
sensor.plug_4_puissance,2.0,2026-08-08T19:25:38.574Z
sensor.plug_4_puissance,3.0,2026-08-08T19:25:45.578Z
sensor.plug_4_puissance,5.0,2026-08-08T19:25:50.570Z
sensor.plug_4_puissance,2.0,2026-08-08T19:25:55.572Z
sensor.plug_4_puissance,0.0,2026-08-08T19:26:02.585Z
sensor.plug_4_puissance,2.0,2026-08-08T19:26:07.585Z
sensor.plug_4_puissance,0.0,2026-08-08T19:26:14.582Z
sensor.plug_4_puissance,2.0,2026-08-08T19:26:21.583Z
sensor.plug_4_puissance,0.0,2026-08-08T19:26:29.587Z
sensor.plug_4_puissance,2.0,2026-08-08T19:26:34.590Z
sensor.plug_4_puissance,0.0,2026-08-08T19:26:39.585Z
sensor.plug_4_puissance,4.0,2026-08-08T19:26:44.584Z
sensor.plug_4_puissance,2.0,2026-08-08T19:26:49.586Z
sensor.plug_4_puissance,4.0,2026-08-08T19:26:54.583Z
sensor.plug_4_puissance,2.0,2026-08-08T19:26:59.584Z
sensor.plug_4_puissance,3.0,2026-08-08T19:27:06.576Z
sensor.plug_4_puissance,2.0,2026-08-08T19:27:11.577Z
sensor.plug_4_puissance,0.0,2026-08-08T19:27:17.586Z
sensor.plug_4_puissance,2.0,2026-08-08T19:27:25.591Z
sensor.plug_4_puissance,0.0,2026-08-08T19:28:18.587Z
sensor.plug_4_puissance,2.0,2026-08-08T19:28:23.588Z
sensor.plug_4_puissance,3.0,2026-08-08T19:28:32.595Z
sensor.plug_4_puissance,2.0,2026-08-08T19:28:37.595Z
sensor.plug_4_puissance,0.0,2026-08-08T19:28:44.588Z
sensor.plug_4_puissance,2.0,2026-08-08T19:28:49.588Z
sensor.plug_4_puissance,0.0,2026-08-08T19:29:11.600Z
sensor.plug_4_puissance,2.0,2026-08-08T19:29:16.601Z
sensor.plug_4_puissance,3.0,2026-08-08T19:29:34.607Z
sensor.plug_4_puissance,2.0,2026-08-08T19:29:39.604Z
sensor.plug_4_puissance,4.0,2026-08-08T19:29:44.596Z
sensor.plug_4_puissance,2.0,2026-08-08T19:29:49.598Z
sensor.plug_4_puissance,3.0,2026-08-08T19:30:07.609Z
sensor.plug_4_puissance,2.0,2026-08-08T19:30:12.612Z
sensor.plug_4_puissance,0.0,2026-08-08T19:30:22.615Z
sensor.plug_4_puissance,2.0,2026-08-08T19:30:27.616Z
sensor.plug_4_puissance,0.0,2026-08-08T19:30:52.620Z
sensor.plug_4_puissance,2.0,2026-08-08T19:30:57.619Z
sensor.plug_4_puissance,0.0,2026-08-08T19:31:15.620Z
sensor.plug_4_puissance,2.0,2026-08-08T19:31:20.629Z
sensor.plug_4_puissance,0.0,2026-08-08T19:31:34.612Z
sensor.plug_4_puissance,2.0,2026-08-08T19:31:39.612Z
sensor.plug_4_puissance,0.0,2026-08-08T19:31:52.622Z
sensor.plug_4_puissance,2.0,2026-08-08T19:31:57.622Z
sensor.plug_4_puissance,3.0,2026-08-08T19:32:18.614Z
sensor.plug_4_puissance,2.0,2026-08-08T19:32:23.614Z
sensor.plug_4_puissance,3.0,2026-08-08T19:32:48.618Z
sensor.plug_4_puissance,2.0,2026-08-08T19:32:53.619Z
sensor.plug_4_puissance,0.0,2026-08-08T19:33:14.630Z
sensor.plug_4_puissance,2.0,2026-08-08T19:33:19.632Z
sensor.plug_4_puissance,3.0,2026-08-08T19:34:19.633Z
sensor.plug_4_puissance,0.0,2026-08-08T19:34:24.634Z
sensor.plug_4_puissance,2.0,2026-08-08T19:34:29.636Z
sensor.plug_4_puissance,0.0,2026-08-08T19:34:42.638Z
sensor.plug_4_puissance,2.0,2026-08-08T19:34:47.643Z
sensor.plug_4_puissance,0.0,2026-08-08T19:35:24.641Z
sensor.plug_4_puissance,2.0,2026-08-08T19:35:29.641Z
sensor.plug_4_puissance,0.0,2026-08-08T19:35:51.643Z
sensor.plug_4_puissance,2.0,2026-08-08T19:35:56.643Z
sensor.plug_4_puissance,4.0,2026-08-08T19:36:01.643Z
sensor.plug_4_puissance,2.0,2026-08-08T19:36:06.644Z
sensor.plug_4_puissance,0.0,2026-08-08T19:36:35.641Z
sensor.plug_4_puissance,2.0,2026-08-08T19:36:40.647Z
sensor.plug_4_puissance,0.0,2026-08-08T19:36:51.648Z
sensor.plug_4_puissance,2.0,2026-08-08T19:36:59.647Z
sensor.plug_4_puissance,3.0,2026-08-08T19:37:10.642Z
sensor.plug_4_puissance,2.0,2026-08-08T19:37:15.641Z
sensor.plug_4_puissance,0.0,2026-08-08T19:37:21.652Z
sensor.plug_4_puissance,2.0,2026-08-08T19:37:26.650Z
sensor.plug_4_puissance,3.0,2026-08-08T19:37:55.648Z
sensor.plug_4_puissance,2.0,2026-08-08T19:38:00.644Z
sensor.plug_4_puissance,5.0,2026-08-08T19:38:06.644Z
sensor.plug_4_puissance,2.0,2026-08-08T19:38:11.644Z
sensor.plug_4_puissance,0.0,2026-08-08T19:38:18.654Z
sensor.plug_4_puissance,2.0,2026-08-08T19:38:22.099Z
sensor.plug_4_puissance,3.0,2026-08-08T19:38:28.647Z
sensor.plug_4_puissance,2.0,2026-08-08T19:38:33.648Z
sensor.plug_4_puissance,0.0,2026-08-08T19:39:32.674Z
sensor.plug_4_puissance,2.0,2026-08-08T19:39:37.662Z
sensor.plug_4_puissance,0.0,2026-08-08T19:39:55.662Z
sensor.plug_4_puissance,2.0,2026-08-08T19:40:00.663Z
sensor.plug_4_puissance,0.0,2026-08-08T19:40:18.665Z
sensor.plug_4_puissance,2.0,2026-08-08T19:40:23.665Z
sensor.plug_4_puissance,5.0,2026-08-08T19:40:43.669Z
sensor.plug_4_puissance,2.0,2026-08-08T19:40:48.660Z
sensor.plug_4_puissance,0.0,2026-08-08T19:40:55.669Z
sensor.plug_4_puissance,3.0,2026-08-08T19:41:00.670Z
sensor.plug_4_puissance,2.0,2026-08-08T19:41:05.662Z
sensor.plug_4_puissance,3.0,2026-08-08T19:41:25.667Z
sensor.plug_4_puissance,2.0,2026-08-08T19:41:30.667Z
sensor.plug_4_puissance,0.0,2026-08-08T19:42:08.668Z
sensor.plug_4_puissance,2.0,2026-08-08T19:42:13.672Z
sensor.plug_4_puissance,0.0,2026-08-08T19:42:18.672Z
sensor.plug_4_puissance,2.0,2026-08-08T19:42:23.672Z
sensor.plug_4_puissance,0.0,2026-08-08T19:42:59.684Z
sensor.plug_4_puissance,2.0,2026-08-08T19:43:04.684Z
sensor.plug_4_puissance,3.0,2026-08-08T19:45:06.691Z
sensor.plug_4_puissance,2.0,2026-08-08T19:45:11.693Z
sensor.plug_4_puissance,0.0,2026-08-08T19:46:03.705Z
sensor.plug_4_puissance,2.0,2026-08-08T19:46:08.707Z
sensor.plug_4_puissance,0.0,2026-08-08T19:48:14.710Z
sensor.plug_4_puissance,2.0,2026-08-08T19:48:21.721Z
sensor.plug_4_puissance,0.0,2026-08-08T19:48:48.723Z
sensor.plug_4_puissance,2.0,2026-08-08T19:48:56.725Z
sensor.plug_4_puissance,0.0,2026-08-08T19:49:01.725Z
sensor.plug_4_puissance,2.0,2026-08-08T19:49:06.726Z
sensor.plug_4_puissance,0.0,2026-08-08T19:49:27.726Z
sensor.plug_4_puissance,2.0,2026-08-08T19:49:32.730Z
sensor.plug_4_puissance,0.0,2026-08-08T19:49:36.003Z
sensor.plug_4_puissance,3.0,2026-08-08T19:49:42.730Z
sensor.plug_4_puissance,5.0,2026-08-08T19:49:48.739Z
sensor.plug_4_puissance,2.0,2026-08-08T19:49:53.739Z
sensor.plug_4_puissance,0.0,2026-08-08T19:49:58.734Z
sensor.plug_4_puissance,2.0,2026-08-08T19:50:03.733Z
sensor.plug_4_puissance,0.0,2026-08-08T19:50:15.737Z
sensor.plug_4_puissance,2.0,2026-08-08T19:50:20.735Z
sensor.plug_4_puissance,0.0,2026-08-08T19:50:25.736Z
sensor.plug_4_puissance,2.0,2026-08-08T19:50:30.737Z
sensor.plug_4_puissance,0.0,2026-08-08T19:50:35.737Z
sensor.plug_4_puissance,2.0,2026-08-08T19:50:40.736Z
sensor.plug_4_puissance,0.0,2026-08-08T19:50:49.738Z
sensor.plug_4_puissance,2.0,2026-08-08T19:50:54.736Z
sensor.plug_4_puissance,4.0,2026-08-08T19:50:59.730Z
sensor.plug_4_puissance,0.0,2026-08-08T19:51:00.244Z
sensor.plug_4_puissance,2.0,2026-08-08T19:51:04.731Z
sensor.plug_4_puissance,0.0,2026-08-08T19:51:26.747Z
sensor.plug_4_puissance,2.0,2026-08-08T19:51:31.746Z
sensor.plug_4_puissance,0.0,2026-08-08T19:51:41.761Z
sensor.plug_4_puissance,2.0,2026-08-08T19:51:49.743Z
sensor.plug_4_puissance,4.0,2026-08-08T19:52:08.747Z
sensor.plug_4_puissance,2.0,2026-08-08T19:52:13.747Z
sensor.plug_4_puissance,4.0,2026-08-08T19:52:18.740Z
sensor.plug_4_puissance,2.0,2026-08-08T19:52:23.740Z
sensor.plug_4_puissance,0.0,2026-08-08T19:52:30.754Z
sensor.plug_4_puissance,2.0,2026-08-08T19:52:35.749Z
sensor.plug_4_puissance,0.0,2026-08-08T19:52:40.746Z
sensor.plug_4_puissance,2.0,2026-08-08T19:52:45.748Z
sensor.plug_4_puissance,0.0,2026-08-08T19:52:50.754Z
sensor.plug_4_puissance,2.0,2026-08-08T19:52:55.751Z
sensor.plug_4_puissance,4.0,2026-08-08T19:53:07.745Z
sensor.plug_4_puissance,2.0,2026-08-08T19:53:12.746Z
sensor.plug_4_puissance,3.0,2026-08-08T19:53:26.751Z
sensor.plug_4_puissance,0.0,2026-08-08T19:53:33.755Z
sensor.plug_4_puissance,2.0,2026-08-08T19:53:38.761Z
sensor.plug_4_puissance,0.0,2026-08-08T19:53:43.757Z
sensor.plug_4_puissance,2.0,2026-08-08T19:53:48.709Z
sensor.plug_4_puissance,0.0,2026-08-08T19:53:57.758Z
sensor.plug_4_puissance,2.0,2026-08-08T19:54:02.759Z
sensor.plug_4_puissance,0.0,2026-08-08T19:54:24.763Z
sensor.plug_4_puissance,2.0,2026-08-08T19:54:32.767Z
sensor.plug_4_puissance,3.0,2026-08-08T19:55:11.558Z
sensor.plug_4_puissance,2.0,2026-08-08T19:55:16.561Z
sensor.plug_4_puissance,0.0,2026-08-08T19:56:19.568Z
sensor.plug_4_puissance,2.0,2026-08-08T19:56:24.568Z
sensor.plug_4_puissance,0.0,2026-08-08T19:59:21.581Z
sensor.plug_4_puissance,2.0,2026-08-08T19:59:25.675Z
sensor.plug_4_puissance,3.0,2026-08-08T19:59:41.595Z
sensor.plug_4_puissance,2.0,2026-08-08T19:59:46.594Z
sensor.plug_4_puissance,0.0,2026-08-08T20:00:00.586Z
sensor.plug_4_puissance,2.0,2026-08-08T20:00:05.587Z
sensor.plug_4_puissance,0.0,2026-08-08T20:00:50.593Z
sensor.plug_4_puissance,2.0,2026-08-08T20:00:55.593Z
sensor.plug_4_puissance,3.0,2026-08-08T20:01:04.594Z
sensor.plug_4_puissance,2.0,2026-08-08T20:01:09.604Z
sensor.plug_4_puissance,3.0,2026-08-08T20:01:30.607Z
sensor.plug_4_puissance,2.0,2026-08-08T20:01:38.599Z
sensor.plug_4_puissance,0.0,2026-08-08T20:01:43.598Z
sensor.plug_4_puissance,2.0,2026-08-08T20:01:48.600Z
sensor.plug_4_puissance,0.0,2026-08-08T20:01:53.601Z
sensor.plug_4_puissance,2.0,2026-08-08T20:01:58.601Z
sensor.plug_4_puissance,0.0,2026-08-08T20:02:35.613Z
sensor.plug_4_puissance,2.0,2026-08-08T20:02:40.615Z
sensor.plug_4_puissance,0.0,2026-08-08T20:03:02.607Z
sensor.plug_4_puissance,2.0,2026-08-08T20:03:07.608Z
sensor.plug_4_puissance,0.0,2026-08-08T20:03:17.618Z
sensor.plug_4_puissance,2.0,2026-08-08T20:03:22.619Z
sensor.plug_4_puissance,0.0,2026-08-08T20:03:33.624Z
sensor.plug_4_puissance,2.0,2026-08-08T20:03:38.409Z
sensor.plug_4_puissance,0.0,2026-08-08T20:03:48.627Z
sensor.plug_4_puissance,2.0,2026-08-08T20:03:55.623Z
sensor.plug_4_puissance,0.0,2026-08-08T20:04:11.614Z
sensor.plug_4_puissance,2.0,2026-08-08T20:04:16.615Z
sensor.plug_4_puissance,0.0,2026-08-08T20:04:34.623Z
sensor.plug_4_puissance,2.0,2026-08-08T20:04:39.626Z
sensor.plug_4_puissance,0.0,2026-08-08T20:04:50.626Z
sensor.plug_4_puissance,2.0,2026-08-08T20:04:55.626Z
sensor.plug_4_puissance,0.0,2026-08-08T20:05:51.623Z
sensor.plug_4_puissance,2.0,2026-08-08T20:05:56.623Z
sensor.plug_4_puissance,0.0,2026-08-08T20:06:02.633Z
sensor.plug_4_puissance,2.0,2026-08-08T20:06:07.634Z
sensor.plug_4_puissance,3.0,2026-08-08T20:06:14.626Z
sensor.plug_4_puissance,2.0,2026-08-08T20:06:19.623Z
sensor.plug_4_puissance,0.0,2026-08-08T20:08:19.645Z
sensor.plug_4_puissance,2.0,2026-08-08T20:08:27.644Z
sensor.plug_4_puissance,0.0,2026-08-08T20:09:20.636Z
sensor.plug_4_puissance,2.0,2026-08-08T20:09:25.637Z
sensor.plug_4_puissance,0.0,2026-08-08T20:11:50.649Z
sensor.plug_4_puissance,2.0,2026-08-08T20:11:55.652Z
sensor.plug_4_puissance,0.0,2026-08-08T20:12:44.658Z
sensor.plug_4_puissance,3.0,2026-08-08T20:12:49.655Z
sensor.plug_4_puissance,2.0,2026-08-08T20:12:54.646Z
sensor.plug_4_puissance,0.0,2026-08-08T20:13:14.655Z
sensor.plug_4_puissance,2.0,2026-08-08T20:13:19.656Z
sensor.plug_4_puissance,0.0,2026-08-08T20:15:52.662Z
sensor.plug_4_puissance,2.0,2026-08-08T20:15:57.663Z
sensor.plug_4_puissance,3.0,2026-08-08T20:16:37.656Z
sensor.plug_4_puissance,2.0,2026-08-08T20:16:42.655Z
sensor.plug_4_puissance,0.0,2026-08-08T20:16:53.671Z
sensor.plug_4_puissance,2.0,2026-08-08T20:16:58.671Z
sensor.plug_4_puissance,0.0,2026-08-08T20:17:12.664Z
sensor.plug_4_puissance,2.0,2026-08-08T20:17:17.664Z
sensor.plug_4_puissance,0.0,2026-08-08T20:18:13.678Z
sensor.plug_4_puissance,2.0,2026-08-08T20:18:18.673Z
sensor.plug_4_puissance,0.0,2026-08-08T20:18:32.674Z
sensor.plug_4_puissance,2.0,2026-08-08T20:18:37.674Z
sensor.plug_4_puissance,0.0,2026-08-08T20:18:44.674Z
sensor.plug_4_puissance,2.0,2026-08-08T20:18:49.673Z
sensor.plug_4_puissance,0.0,2026-08-08T20:19:00.673Z
sensor.plug_4_puissance,2.0,2026-08-08T20:19:05.071Z
sensor.plug_4_puissance,0.0,2026-08-08T20:19:27.668Z
sensor.plug_4_puissance,2.0,2026-08-08T20:19:32.665Z
sensor.plug_4_puissance,0.0,2026-08-08T20:20:21.667Z
sensor.plug_4_puissance,2.0,2026-08-08T20:20:26.667Z
sensor.plug_4_puissance,0.0,2026-08-08T20:20:41.677Z
sensor.plug_4_puissance,2.0,2026-08-08T20:20:46.676Z
sensor.plug_4_puissance,0.0,2026-08-08T20:22:19.673Z
sensor.plug_4_puissance,2.0,2026-08-08T20:22:26.674Z
sensor.plug_4_puissance,3.0,2026-08-08T20:23:09.675Z
sensor.plug_4_puissance,0.0,2026-08-08T20:23:14.672Z
sensor.plug_4_puissance,2.0,2026-08-08T20:23:17.773Z
sensor.plug_4_puissance,0.0,2026-08-08T20:23:31.684Z
sensor.plug_4_puissance,2.0,2026-08-08T20:23:36.683Z
sensor.plug_4_puissance,3.0,2026-08-08T20:23:41.683Z
sensor.plug_4_puissance,2.0,2026-08-08T20:23:46.684Z
sensor.plug_4_puissance,0.0,2026-08-08T20:23:54.686Z
sensor.plug_4_puissance,2.0,2026-08-08T20:23:59.686Z
sensor.plug_4_puissance,3.0,2026-08-08T20:24:21.672Z
sensor.plug_4_puissance,2.0,2026-08-08T20:24:26.677Z
sensor.plug_4_puissance,0.0,2026-08-08T20:25:23.681Z
sensor.plug_4_puissance,2.0,2026-08-08T20:25:28.680Z
sensor.plug_4_puissance,0.0,2026-08-08T20:25:49.689Z
sensor.plug_4_puissance,2.0,2026-08-08T20:25:54.689Z
sensor.plug_4_puissance,3.0,2026-08-08T20:25:59.681Z
sensor.plug_4_puissance,2.0,2026-08-08T20:26:04.682Z
sensor.plug_4_puissance,0.0,2026-08-08T20:27:21.685Z
sensor.plug_4_puissance,2.0,2026-08-08T20:27:29.697Z
sensor.plug_4_puissance,0.0,2026-08-08T20:27:37.702Z
sensor.plug_4_puissance,2.0,2026-08-08T20:27:42.703Z
sensor.plug_4_puissance,0.0,2026-08-08T20:27:53.700Z
sensor.plug_4_puissance,2.0,2026-08-08T20:27:58.697Z
sensor.plug_4_puissance,0.0,2026-08-08T20:28:12.599Z
sensor.plug_4_puissance,3.0,2026-08-08T20:28:17.705Z
sensor.plug_4_puissance,2.0,2026-08-08T20:28:22.702Z
sensor.plug_4_puissance,0.0,2026-08-08T20:28:35.701Z
sensor.plug_4_puissance,2.0,2026-08-08T20:28:40.703Z
sensor.plug_4_puissance,0.0,2026-08-08T20:29:17.705Z
sensor.plug_4_puissance,2.0,2026-08-08T20:29:22.706Z
sensor.plug_4_puissance,0.0,2026-08-08T20:29:32.698Z
sensor.plug_4_puissance,3.0,2026-08-08T20:29:36.835Z
sensor.plug_4_puissance,2.0,2026-08-08T20:29:42.699Z
sensor.plug_4_puissance,0.0,2026-08-08T20:29:51.699Z
sensor.plug_4_puissance,2.0,2026-08-08T20:29:56.699Z
sensor.plug_4_puissance,0.0,2026-08-08T20:30:33.713Z
sensor.plug_4_puissance,2.0,2026-08-08T20:30:38.713Z
sensor.plug_4_puissance,0.0,2026-08-08T20:31:00.706Z
sensor.plug_4_puissance,2.0,2026-08-08T20:31:05.707Z
sensor.plug_4_puissance,0.0,2026-08-08T20:31:12.720Z
sensor.plug_4_puissance,2.0,2026-08-08T20:31:17.715Z
sensor.plug_4_puissance,0.0,2026-08-08T20:31:50.720Z
sensor.plug_4_puissance,2.0,2026-08-08T20:31:55.720Z
sensor.plug_4_puissance,0.0,2026-08-08T20:32:13.713Z
sensor.plug_4_puissance,2.0,2026-08-08T20:32:18.713Z
sensor.plug_4_puissance,0.0,2026-08-08T20:32:48.724Z
sensor.plug_4_puissance,2.0,2026-08-08T20:32:53.724Z
sensor.plug_4_puissance,3.0,2026-08-08T20:33:11.716Z
sensor.plug_4_puissance,2.0,2026-08-08T20:33:16.715Z
sensor.plug_4_puissance,5.0,2026-08-08T20:33:29.727Z
sensor.plug_4_puissance,0.0,2026-08-08T20:33:34.727Z
sensor.plug_4_puissance,2.0,2026-08-08T20:33:39.730Z
sensor.plug_4_puissance,0.0,2026-08-08T20:33:44.732Z
sensor.plug_4_puissance,2.0,2026-08-08T20:33:49.548Z
sensor.plug_4_puissance,0.0,2026-08-08T20:33:58.731Z
sensor.plug_4_puissance,2.0,2026-08-08T20:34:03.731Z
sensor.plug_4_puissance,0.0,2026-08-08T20:34:13.732Z
sensor.plug_4_puissance,2.0,2026-08-08T20:34:18.735Z
sensor.plug_4_puissance,0.0,2026-08-08T20:34:24.736Z
sensor.plug_4_puissance,2.0,2026-08-08T20:34:29.737Z
sensor.plug_4_puissance,0.0,2026-08-08T20:35:06.735Z
sensor.plug_4_puissance,2.0,2026-08-08T20:35:11.735Z
sensor.plug_4_puissance,0.0,2026-08-08T20:35:44.735Z
sensor.plug_4_puissance,4.0,2026-08-08T20:35:49.736Z
sensor.plug_4_puissance,2.0,2026-08-08T20:35:54.738Z
sensor.plug_4_puissance,3.0,2026-08-08T20:36:11.729Z
sensor.plug_4_puissance,2.0,2026-08-08T20:36:16.739Z
sensor.plug_4_puissance,0.0,2026-08-08T20:36:26.738Z
sensor.plug_4_puissance,2.0,2026-08-08T20:36:31.739Z
sensor.plug_4_puissance,0.0,2026-08-08T20:36:45.731Z
sensor.plug_4_puissance,2.0,2026-08-08T20:36:50.732Z
sensor.plug_4_puissance,0.0,2026-08-08T20:38:25.745Z
sensor.plug_4_puissance,2.0,2026-08-08T20:38:30.747Z
sensor.plug_4_puissance,0.0,2026-08-08T20:39:34.758Z
sensor.plug_4_puissance,2.0,2026-08-08T20:39:39.755Z
sensor.plug_4_puissance,0.0,2026-08-08T20:39:45.745Z
sensor.plug_4_puissance,2.0,2026-08-08T20:39:50.745Z
sensor.plug_4_puissance,0.0,2026-08-08T20:40:19.754Z
sensor.plug_4_puissance,2.0,2026-08-08T20:40:26.755Z
sensor.plug_4_puissance,3.0,2026-08-08T20:40:31.756Z
sensor.plug_4_puissance,2.0,2026-08-08T20:40:36.756Z
sensor.plug_4_puissance,0.0,2026-08-08T20:40:41.761Z
sensor.plug_4_puissance,2.0,2026-08-08T20:40:46.759Z
sensor.plug_4_puissance,0.0,2026-08-08T20:42:05.765Z
sensor.plug_4_puissance,3.0,2026-08-08T20:42:10.764Z
sensor.plug_4_puissance,2.0,2026-08-08T20:42:14.976Z
sensor.plug_4_puissance,0.0,2026-08-08T20:42:24.753Z
sensor.plug_4_puissance,2.0,2026-08-08T20:42:29.753Z
sensor.plug_4_puissance,0.0,2026-08-08T20:44:40.773Z
sensor.plug_4_puissance,2.0,2026-08-08T20:44:45.780Z
sensor.plug_4_puissance,0.0,2026-08-08T20:44:55.771Z
sensor.plug_4_puissance,2.0,2026-08-08T20:45:00.770Z
sensor.plug_4_puissance,0.0,2026-08-08T20:48:23.783Z
sensor.plug_4_puissance,2.0,2026-08-08T20:48:28.783Z
sensor.plug_4_puissance,0.0,2026-08-08T20:49:09.785Z
sensor.plug_4_puissance,2.0,2026-08-08T20:49:14.787Z
sensor.plug_4_puissance,0.0,2026-08-08T20:49:58.286Z
sensor.plug_4_puissance,2.0,2026-08-08T20:50:03.794Z
sensor.plug_4_puissance,3.0,2026-08-08T20:51:25.782Z
sensor.plug_4_puissance,2.0,2026-08-08T20:51:30.786Z
sensor.plug_4_puissance,0.0,2026-08-08T20:51:35.789Z
sensor.plug_4_puissance,2.0,2026-08-08T20:51:40.787Z
sensor.plug_4_puissance,0.0,2026-08-08T20:51:45.785Z
sensor.plug_4_puissance,2.0,2026-08-08T20:51:51.796Z
sensor.plug_4_puissance,3.0,2026-08-08T20:52:43.791Z
sensor.plug_4_puissance,2.0,2026-08-08T20:52:48.792Z
sensor.plug_4_puissance,3.0,2026-08-08T20:53:10.792Z
sensor.plug_4_puissance,2.0,2026-08-08T20:53:15.794Z
sensor.plug_4_puissance,0.0,2026-08-08T20:57:08.802Z
sensor.plug_4_puissance,2.0,2026-08-08T20:57:13.803Z
sensor.plug_4_puissance,0.0,2026-08-08T20:57:31.814Z
sensor.plug_4_puissance,2.0,2026-08-08T20:57:36.814Z
sensor.plug_4_puissance,0.0,2026-08-08T20:57:57.806Z
sensor.plug_4_puissance,2.0,2026-08-08T20:58:02.806Z
sensor.plug_4_puissance,0.0,2026-08-08T20:59:02.810Z
sensor.plug_4_puissance,2.0,2026-08-08T20:59:07.811Z
sensor.plug_4_puissance,3.0,2026-08-08T20:59:13.819Z
sensor.plug_4_puissance,2.0,2026-08-08T20:59:18.812Z
sensor.plug_4_puissance,0.0,2026-08-08T21:00:21.815Z
sensor.plug_4_puissance,2.0,2026-08-08T21:00:26.617Z
sensor.plug_4_puissance,0.0,2026-08-08T21:01:03.624Z
sensor.plug_4_puissance,3.0,2026-08-08T21:01:08.625Z
sensor.plug_4_puissance,2.0,2026-08-08T21:01:12.222Z
sensor.plug_4_puissance,0.0,2026-08-08T21:01:40.618Z
sensor.plug_4_puissance,2.0,2026-08-08T21:01:45.617Z
sensor.plug_4_puissance,0.0,2026-08-08T21:01:52.628Z
sensor.plug_4_puissance,2.0,2026-08-08T21:01:57.626Z
sensor.plug_4_puissance,0.0,2026-08-08T21:02:26.628Z
sensor.plug_4_puissance,2.0,2026-08-08T21:02:31.634Z
sensor.plug_4_puissance,3.0,2026-08-08T21:02:45.620Z
sensor.plug_4_puissance,2.0,2026-08-08T21:02:50.620Z
sensor.plug_4_puissance,0.0,2026-08-08T21:02:55.628Z
sensor.plug_4_puissance,2.0,2026-08-08T21:03:07.622Z
sensor.plug_4_puissance,0.0,2026-08-08T21:03:14.631Z
sensor.plug_4_puissance,5.0,2026-08-08T21:03:18.573Z
sensor.plug_4_puissance,2.0,2026-08-08T21:03:24.631Z
sensor.plug_4_puissance,5.0,2026-08-08T21:03:36.622Z
sensor.plug_4_puissance,0.0,2026-08-08T21:03:41.623Z
sensor.plug_4_puissance,4.0,2026-08-08T21:03:46.625Z
sensor.plug_4_puissance,0.0,2026-08-08T21:03:51.624Z
sensor.plug_4_puissance,2.0,2026-08-08T21:04:02.632Z
sensor.plug_4_puissance,0.0,2026-08-08T21:04:07.633Z
sensor.plug_4_puissance,2.0,2026-08-08T21:04:12.633Z
sensor.plug_4_puissance,0.0,2026-08-08T21:04:17.634Z
sensor.plug_4_puissance,2.0,2026-08-08T21:04:22.633Z
sensor.plug_4_puissance,6.0,2026-08-08T21:04:42.627Z
sensor.plug_4_puissance,2.0,2026-08-08T21:04:47.627Z
sensor.plug_4_puissance,5.0,2026-08-08T21:05:07.630Z
sensor.plug_4_puissance,2.0,2026-08-08T21:05:12.638Z
sensor.plug_4_puissance,0.0,2026-08-08T21:05:18.642Z
sensor.plug_4_puissance,2.0,2026-08-08T21:05:26.639Z
sensor.plug_4_puissance,3.0,2026-08-08T21:05:45.632Z
sensor.plug_4_puissance,2.0,2026-08-08T21:05:50.632Z
sensor.plug_4_puissance,3.0,2026-08-08T21:06:03.632Z
sensor.plug_4_puissance,2.0,2026-08-08T21:06:08.633Z
sensor.plug_4_puissance,0.0,2026-08-08T21:06:14.649Z
sensor.plug_4_puissance,2.0,2026-08-08T21:06:19.645Z
sensor.plug_4_puissance,0.0,2026-08-08T21:06:26.643Z
sensor.plug_4_puissance,2.0,2026-08-08T21:06:31.645Z
sensor.plug_4_puissance,0.0,2026-08-08T21:06:40.643Z
sensor.plug_4_puissance,2.0,2026-08-08T21:06:45.644Z
sensor.plug_4_puissance,4.0,2026-08-08T21:06:57.638Z
sensor.plug_4_puissance,2.0,2026-08-08T21:07:02.639Z
sensor.plug_4_puissance,3.0,2026-08-08T21:07:12.638Z
sensor.plug_4_puissance,0.0,2026-08-08T21:07:17.639Z
sensor.plug_4_puissance,4.0,2026-08-08T21:07:22.640Z
sensor.plug_4_puissance,2.0,2026-08-08T21:07:27.639Z
sensor.plug_4_puissance,4.0,2026-08-08T21:07:37.650Z
sensor.plug_4_puissance,2.0,2026-08-08T21:07:42.652Z
sensor.plug_4_puissance,4.0,2026-08-08T21:07:52.657Z
sensor.plug_4_puissance,2.0,2026-08-08T21:07:57.654Z
sensor.plug_4_puissance,5.0,2026-08-08T21:08:02.642Z
sensor.plug_4_puissance,4.0,2026-08-08T21:08:07.643Z
sensor.plug_4_puissance,2.0,2026-08-08T21:08:12.644Z
sensor.plug_4_puissance,0.0,2026-08-08T21:08:51.656Z
sensor.plug_4_puissance,5.0,2026-08-08T21:08:55.516Z
sensor.plug_4_puissance,2.0,2026-08-08T21:09:01.656Z
sensor.plug_4_puissance,5.0,2026-08-08T21:09:41.651Z
sensor.plug_4_puissance,2.0,2026-08-08T21:09:46.651Z
sensor.plug_4_puissance,3.0,2026-08-08T21:10:08.652Z
sensor.plug_4_puissance,2.0,2026-08-08T21:10:13.650Z
sensor.plug_4_puissance,0.0,2026-08-08T21:10:19.653Z
sensor.plug_4_puissance,2.0,2026-08-08T21:10:24.652Z
sensor.plug_4_puissance,0.0,2026-08-08T21:10:45.663Z
sensor.plug_4_puissance,2.0,2026-08-08T21:10:50.664Z
sensor.plug_4_puissance,3.0,2026-08-08T21:11:07.664Z
sensor.plug_4_puissance,2.0,2026-08-08T21:11:12.666Z
sensor.plug_4_puissance,0.0,2026-08-08T21:11:22.664Z
sensor.plug_4_puissance,2.0,2026-08-08T21:11:27.665Z
sensor.plug_4_puissance,4.0,2026-08-08T21:11:44.657Z
sensor.plug_4_puissance,2.0,2026-08-08T21:11:49.658Z
sensor.plug_4_puissance,3.0,2026-08-08T21:12:33.661Z
sensor.plug_4_puissance,2.0,2026-08-08T21:12:38.659Z
sensor.plug_4_puissance,0.0,2026-08-08T21:12:43.661Z
sensor.plug_4_puissance,2.0,2026-08-08T21:12:48.661Z
sensor.plug_4_puissance,0.0,2026-08-08T21:13:10.673Z
sensor.plug_4_puissance,2.0,2026-08-08T21:13:18.670Z
sensor.plug_4_puissance,3.0,2026-08-08T21:13:25.662Z
sensor.plug_4_puissance,2.0,2026-08-08T21:13:30.663Z
sensor.plug_4_puissance,0.0,2026-08-08T21:13:43.670Z
sensor.plug_4_puissance,2.0,2026-08-08T21:13:48.672Z
sensor.plug_4_puissance,3.0,2026-08-08T21:13:53.670Z
sensor.plug_4_puissance,2.0,2026-08-08T21:14:00.664Z
sensor.plug_4_puissance,3.0,2026-08-08T21:14:07.672Z
sensor.plug_4_puissance,2.0,2026-08-08T21:14:12.673Z
sensor.plug_4_puissance,0.0,2026-08-08T21:14:23.672Z
sensor.plug_4_puissance,2.0,2026-08-08T21:14:28.672Z
sensor.plug_4_puissance,3.0,2026-08-08T21:14:34.665Z
sensor.plug_4_puissance,2.0,2026-08-08T21:14:39.665Z
sensor.plug_4_puissance,3.0,2026-08-08T21:14:57.676Z
sensor.plug_4_puissance,2.0,2026-08-08T21:15:02.675Z
sensor.plug_4_puissance,3.0,2026-08-08T21:15:37.669Z
sensor.plug_4_puissance,2.0,2026-08-08T21:15:42.669Z
sensor.plug_4_puissance,4.0,2026-08-08T21:16:33.673Z
sensor.plug_4_puissance,2.0,2026-08-08T21:16:38.672Z
sensor.plug_4_puissance,0.0,2026-08-08T21:17:18.685Z
sensor.plug_4_puissance,2.0,2026-08-08T21:17:23.685Z
sensor.plug_4_puissance,0.0,2026-08-08T21:17:28.685Z
sensor.plug_4_puissance,2.0,2026-08-08T21:17:33.685Z
sensor.plug_4_puissance,0.0,2026-08-08T21:17:56.685Z
sensor.plug_4_puissance,2.0,2026-08-08T21:18:01.685Z
sensor.plug_4_puissance,4.0,2026-08-08T21:18:10.677Z
sensor.plug_4_puissance,2.0,2026-08-08T21:18:15.678Z
sensor.plug_4_puissance,3.0,2026-08-08T21:18:22.678Z
sensor.plug_4_puissance,2.0,2026-08-08T21:18:27.678Z
sensor.plug_4_puissance,0.0,2026-08-08T21:18:32.678Z
sensor.plug_4_puissance,2.0,2026-08-08T21:18:37.679Z
sensor.plug_4_puissance,3.0,2026-08-08T21:18:47.680Z
sensor.plug_4_puissance,0.0,2026-08-08T21:18:52.681Z
sensor.plug_4_puissance,2.0,2026-08-08T21:18:57.681Z
sensor.plug_4_puissance,0.0,2026-08-08T21:19:11.694Z
sensor.plug_4_puissance,2.0,2026-08-08T21:19:16.692Z
sensor.plug_4_puissance,0.0,2026-08-08T21:19:22.692Z
sensor.plug_4_puissance,4.0,2026-08-08T21:19:27.297Z
sensor.plug_4_puissance,2.0,2026-08-08T21:19:32.687Z
sensor.plug_4_puissance,0.0,2026-08-08T21:19:37.695Z
sensor.plug_4_puissance,2.0,2026-08-08T21:19:42.695Z
sensor.plug_4_puissance,0.0,2026-08-08T21:20:34.699Z
sensor.plug_4_puissance,2.0,2026-08-08T21:20:39.698Z
sensor.plug_4_puissance,0.0,2026-08-08T21:20:44.699Z
sensor.plug_4_puissance,2.0,2026-08-08T21:20:49.702Z
sensor.plug_4_puissance,0.0,2026-08-08T21:21:46.692Z
sensor.plug_4_puissance,2.0,2026-08-08T21:21:51.694Z
sensor.plug_4_puissance,3.0,2026-08-08T21:22:16.695Z
sensor.plug_4_puissance,0.0,2026-08-08T21:22:21.704Z
sensor.plug_4_puissance,2.0,2026-08-08T21:22:28.705Z
sensor.plug_4_puissance,3.0,2026-08-08T21:22:33.696Z
sensor.plug_4_puissance,2.0,2026-08-08T21:22:39.696Z
sensor.plug_4_puissance,0.0,2026-08-08T21:22:44.696Z
sensor.plug_4_puissance,2.0,2026-08-08T21:22:49.698Z
sensor.plug_4_puissance,3.0,2026-08-08T21:23:39.699Z
sensor.plug_4_puissance,2.0,2026-08-08T21:23:44.701Z
sensor.plug_4_puissance,0.0,2026-08-08T21:24:36.708Z
sensor.plug_4_puissance,2.0,2026-08-08T21:24:44.717Z
sensor.plug_4_puissance,0.0,2026-08-08T21:25:03.706Z
sensor.plug_4_puissance,2.0,2026-08-08T21:25:08.707Z
sensor.plug_4_puissance,0.0,2026-08-08T21:28:32.715Z
sensor.plug_4_puissance,3.0,2026-08-08T21:28:37.724Z
sensor.plug_4_puissance,2.0,2026-08-08T21:28:42.726Z
sensor.plug_4_puissance,3.0,2026-08-08T21:29:18.728Z
sensor.plug_4_puissance,2.0,2026-08-08T21:29:23.733Z
sensor.plug_4_puissance,3.0,2026-08-08T21:30:10.718Z
sensor.plug_4_puissance,2.0,2026-08-08T21:30:15.719Z
sensor.plug_4_puissance,4.0,2026-08-08T21:30:58.720Z
sensor.plug_4_puissance,2.0,2026-08-08T21:31:03.721Z
sensor.plug_4_puissance,0.0,2026-08-08T21:31:43.725Z
sensor.plug_4_puissance,2.0,2026-08-08T21:31:48.725Z
sensor.plug_4_puissance,0.0,2026-08-08T21:34:39.748Z
sensor.plug_4_puissance,2.0,2026-08-08T21:34:44.749Z
sensor.plug_4_puissance,0.0,2026-08-08T21:34:53.925Z
sensor.plug_4_puissance,2.0,2026-08-08T21:35:02.749Z
sensor.plug_4_puissance,0.0,2026-08-08T21:35:13.749Z
sensor.plug_4_puissance,2.0,2026-08-08T21:35:18.750Z
sensor.plug_4_puissance,0.0,2026-08-08T21:35:24.741Z
sensor.plug_4_puissance,2.0,2026-08-08T21:35:29.741Z
sensor.plug_4_puissance,0.0,2026-08-08T21:35:35.742Z
sensor.plug_4_puissance,2.0,2026-08-08T21:35:40.743Z
sensor.plug_4_puissance,4.0,2026-08-08T21:35:46.744Z
sensor.plug_4_puissance,2.0,2026-08-08T21:35:51.744Z
sensor.plug_4_puissance,0.0,2026-08-08T21:35:57.759Z
sensor.plug_4_puissance,2.0,2026-08-08T21:36:02.754Z
sensor.plug_4_puissance,0.0,2026-08-08T21:36:43.759Z
sensor.plug_4_puissance,2.0,2026-08-08T21:36:48.759Z
sensor.plug_4_puissance,0.0,2026-08-08T21:37:06.760Z
sensor.plug_4_puissance,2.0,2026-08-08T21:37:11.759Z
sensor.plug_4_puissance,3.0,2026-08-08T21:37:50.758Z
sensor.plug_4_puissance,2.0,2026-08-08T21:37:55.760Z
sensor.plug_4_puissance,0.0,2026-08-08T21:38:26.763Z
sensor.plug_4_puissance,2.0,2026-08-08T21:38:31.763Z
sensor.plug_4_puissance,0.0,2026-08-08T21:38:38.764Z
sensor.plug_4_puissance,2.0,2026-08-08T21:38:43.765Z
sensor.plug_4_puissance,0.0,2026-08-08T21:40:20.784Z
sensor.plug_4_puissance,2.0,2026-08-08T21:40:28.780Z
sensor.plug_4_puissance,0.0,2026-08-08T21:40:50.782Z
sensor.plug_4_puissance,2.0,2026-08-08T21:40:55.783Z
sensor.plug_4_puissance,0.0,2026-08-08T21:41:06.781Z
sensor.plug_4_puissance,2.0,2026-08-08T21:41:11.783Z
sensor.plug_4_puissance,0.0,2026-08-08T21:41:29.774Z
sensor.plug_4_puissance,3.0,2026-08-08T21:41:34.774Z
sensor.plug_4_puissance,2.0,2026-08-08T21:41:39.775Z
sensor.plug_4_puissance,0.0,2026-08-08T21:52:39.833Z
sensor.plug_4_puissance,2.0,2026-08-08T21:52:44.833Z
sensor.plug_4_puissance,0.0,2026-08-08T21:53:28.836Z
sensor.plug_4_puissance,2.0,2026-08-08T21:53:36.837Z
sensor.plug_4_puissance,0.0,2026-08-08T21:54:52.836Z
sensor.plug_4_puissance,2.0,2026-08-08T21:54:57.836Z
sensor.plug_4_puissance,0.0,2026-08-08T21:57:34.856Z
sensor.plug_4_puissance,2.0,2026-08-08T21:57:39.856Z
sensor.plug_4_puissance,0.0,2026-08-08T21:58:24.849Z
sensor.plug_4_puissance,2.0,2026-08-08T21:58:29.849Z
sensor.plug_4_puissance,0.0,2026-08-08T21:58:34.850Z
sensor.plug_4_puissance,2.0,2026-08-08T21:58:39.850Z
sensor.plug_4_puissance,0.0,2026-08-08T21:59:21.860Z
sensor.plug_4_puissance,2.0,2026-08-08T21:59:26.860Z
sensor.plug_4_puissance,3.0,2026-08-08T22:00:15.854Z
sensor.plug_4_puissance,2.0,2026-08-08T22:00:20.854Z
sensor.plug_4_puissance,3.0,2026-08-08T22:00:25.854Z
sensor.plug_4_puissance,2.0,2026-08-08T22:00:30.854Z
sensor.plug_4_puissance,3.0,2026-08-08T22:01:03.857Z
sensor.plug_4_puissance,2.0,2026-08-08T22:01:08.857Z
sensor.plug_4_puissance,0.0,2026-08-08T22:01:19.857Z
sensor.plug_4_puissance,2.0,2026-08-08T22:01:24.860Z
sensor.plug_4_puissance,0.0,2026-08-08T22:01:59.872Z
sensor.plug_4_puissance,2.0,2026-08-08T22:02:04.871Z
sensor.plug_4_puissance,0.0,2026-08-08T22:02:13.863Z
sensor.plug_4_puissance,3.0,2026-08-08T22:02:18.863Z
sensor.plug_4_puissance,2.0,2026-08-08T22:02:25.864Z
sensor.plug_4_puissance,0.0,2026-08-08T22:02:32.873Z
sensor.plug_4_puissance,2.0,2026-08-08T22:02:37.873Z
sensor.plug_4_puissance,0.0,2026-08-08T22:02:43.873Z
sensor.plug_4_puissance,2.0,2026-08-08T22:02:48.883Z
sensor.plug_4_puissance,0.0,2026-08-08T22:03:14.869Z
sensor.plug_4_puissance,2.0,2026-08-08T22:03:19.868Z
sensor.plug_4_puissance,3.0,2026-08-08T22:04:33.878Z
sensor.plug_4_puissance,2.0,2026-08-08T22:04:38.879Z
sensor.plug_4_puissance,0.0,2026-08-08T22:05:04.870Z
sensor.plug_4_puissance,2.0,2026-08-08T22:05:09.878Z
sensor.plug_4_puissance,0.0,2026-08-08T22:05:19.885Z
sensor.plug_4_puissance,2.0,2026-08-08T22:05:24.884Z
sensor.plug_4_puissance,4.0,2026-08-08T22:05:38.875Z
sensor.plug_4_puissance,2.0,2026-08-08T22:05:43.876Z
sensor.plug_4_puissance,0.0,2026-08-08T22:05:47.202Z
sensor.plug_4_puissance,2.0,2026-08-08T22:05:53.876Z
sensor.plug_4_puissance,0.0,2026-08-08T22:06:32.881Z
sensor.plug_4_puissance,2.0,2026-08-08T22:06:37.880Z
sensor.plug_4_puissance,0.0,2026-08-08T22:07:29.893Z
sensor.plug_4_puissance,2.0,2026-08-08T22:07:34.893Z
sensor.plug_4_puissance,0.0,2026-08-08T22:07:44.893Z
sensor.plug_4_puissance,2.0,2026-08-08T22:07:49.696Z
sensor.plug_4_puissance,0.0,2026-08-08T22:08:11.688Z
sensor.plug_4_puissance,2.0,2026-08-08T22:08:16.689Z
sensor.plug_4_puissance,0.0,2026-08-08T22:08:42.692Z
sensor.plug_4_puissance,2.0,2026-08-08T22:08:47.692Z
sensor.plug_4_puissance,0.0,2026-08-08T22:09:24.707Z
sensor.plug_4_puissance,2.0,2026-08-08T22:09:29.703Z
sensor.plug_4_puissance,3.0,2026-08-08T22:09:47.703Z
sensor.plug_4_puissance,2.0,2026-08-08T22:09:52.697Z
sensor.plug_4_puissance,3.0,2026-08-08T22:10:10.698Z
sensor.plug_4_puissance,2.0,2026-08-08T22:10:15.700Z
sensor.plug_4_puissance,0.0,2026-08-08T22:10:55.709Z
sensor.plug_4_puissance,2.0,2026-08-08T22:11:00.711Z
sensor.plug_4_puissance,0.0,2026-08-08T22:11:33.711Z
sensor.plug_4_puissance,2.0,2026-08-08T22:11:38.715Z
sensor.plug_4_puissance,0.0,2026-08-08T22:13:34.714Z
sensor.plug_4_puissance,2.0,2026-08-08T22:13:39.714Z
sensor.plug_4_puissance,0.0,2026-08-08T22:14:12.671Z
sensor.plug_4_puissance,2.0,2026-08-08T22:14:17.718Z
sensor.plug_4_puissance,0.0,2026-08-08T22:14:54.720Z
sensor.plug_4_puissance,2.0,2026-08-08T22:14:59.730Z
sensor.plug_4_puissance,0.0,2026-08-08T22:17:34.730Z
sensor.plug_4_puissance,2.0,2026-08-08T22:17:39.732Z
sensor.plug_4_puissance,0.0,2026-08-08T22:18:42.745Z
sensor.plug_4_puissance,2.0,2026-08-08T22:18:47.745Z
sensor.plug_4_puissance,0.0,2026-08-08T22:19:12.737Z
sensor.plug_4_puissance,2.0,2026-08-08T22:19:17.737Z
sensor.plug_4_puissance,0.0,2026-08-08T22:19:50.748Z
sensor.plug_4_puissance,2.0,2026-08-08T22:19:55.747Z
sensor.plug_4_puissance,0.0,2026-08-08T22:20:02.747Z
sensor.plug_4_puissance,2.0,2026-08-08T22:20:07.745Z
sensor.plug_4_puissance,0.0,2026-08-08T22:20:33.740Z
sensor.plug_4_puissance,2.0,2026-08-08T22:20:38.741Z
sensor.plug_4_puissance,0.0,2026-08-08T22:21:23.742Z
sensor.plug_4_puissance,2.0,2026-08-08T22:21:28.743Z
sensor.plug_4_puissance,0.0,2026-08-08T22:21:33.744Z
sensor.plug_4_puissance,2.0,2026-08-08T22:21:38.744Z
sensor.plug_4_puissance,0.0,2026-08-08T22:22:08.757Z
sensor.plug_4_puissance,2.0,2026-08-08T22:22:13.757Z
sensor.plug_4_puissance,4.0,2026-08-08T22:22:22.749Z
sensor.plug_4_puissance,2.0,2026-08-08T22:22:27.749Z
sensor.plug_4_puissance,3.0,2026-08-08T22:22:34.757Z
sensor.plug_4_puissance,2.0,2026-08-08T22:22:38.145Z
sensor.plug_4_puissance,0.0,2026-08-08T22:22:57.749Z
sensor.plug_4_puissance,2.0,2026-08-08T22:23:02.749Z
sensor.plug_4_puissance,0.0,2026-08-08T22:23:35.759Z
sensor.plug_4_puissance,2.0,2026-08-08T22:23:40.764Z
sensor.plug_4_puissance,0.0,2026-08-08T22:23:54.751Z
sensor.plug_4_puissance,2.0,2026-08-08T22:23:59.751Z
sensor.plug_4_puissance,3.0,2026-08-08T22:25:15.757Z
sensor.plug_4_puissance,2.0,2026-08-08T22:25:20.756Z
sensor.plug_4_puissance,0.0,2026-08-08T22:25:38.766Z
sensor.plug_4_puissance,2.0,2026-08-08T22:25:43.768Z
sensor.plug_4_puissance,0.0,2026-08-08T22:25:54.762Z
sensor.plug_4_puissance,2.0,2026-08-08T22:25:59.763Z
sensor.plug_4_puissance,0.0,2026-08-08T22:27:02.767Z
sensor.plug_4_puissance,2.0,2026-08-08T22:27:07.768Z
sensor.plug_4_puissance,0.0,2026-08-08T22:28:02.785Z
sensor.plug_4_puissance,2.0,2026-08-08T22:28:10.783Z
sensor.plug_4_puissance,0.0,2026-08-08T22:30:31.788Z
sensor.plug_4_puissance,2.0,2026-08-08T22:30:36.789Z
sensor.plug_4_puissance,3.0,2026-08-08T22:31:16.784Z
sensor.plug_4_puissance,2.0,2026-08-08T22:31:21.785Z
sensor.plug_4_puissance,0.0,2026-08-08T22:32:17.798Z
sensor.plug_4_puissance,2.0,2026-08-08T22:32:22.799Z
sensor.plug_4_puissance,0.0,2026-08-08T22:33:18.792Z
sensor.plug_4_puissance,2.0,2026-08-08T22:33:23.792Z
sensor.plug_4_puissance,3.0,2026-08-08T22:33:28.793Z
sensor.plug_4_puissance,2.0,2026-08-08T22:33:33.792Z
sensor.plug_4_puissance,0.0,2026-08-08T22:33:45.792Z
sensor.plug_4_puissance,2.0,2026-08-08T22:33:50.794Z
sensor.plug_4_puissance,0.0,2026-08-08T22:34:19.805Z
sensor.plug_4_puissance,2.0,2026-08-08T22:34:24.803Z
sensor.plug_4_puissance,0.0,2026-08-08T22:35:05.799Z
sensor.plug_4_puissance,2.0,2026-08-08T22:35:10.799Z
sensor.plug_4_puissance,0.0,2026-08-08T22:36:55.807Z
sensor.plug_4_puissance,2.0,2026-08-08T22:37:00.807Z
sensor.plug_4_puissance,0.0,2026-08-08T22:37:34.819Z
sensor.plug_4_puissance,3.0,2026-08-08T22:37:39.820Z
sensor.plug_4_puissance,2.0,2026-08-08T22:37:44.811Z
sensor.plug_4_puissance,0.0,2026-08-08T22:38:04.789Z
sensor.plug_4_puissance,2.0,2026-08-08T22:38:09.812Z
sensor.plug_4_puissance,0.0,2026-08-08T22:39:24.815Z
sensor.plug_4_puissance,2.0,2026-08-08T22:39:29.035Z
sensor.plug_4_puissance,0.0,2026-08-08T22:40:44.817Z
sensor.plug_4_puissance,2.0,2026-08-08T22:40:49.817Z
sensor.plug_4_puissance,0.0,2026-08-08T22:41:25.819Z
sensor.plug_4_puissance,2.0,2026-08-08T22:41:30.820Z
sensor.plug_4_puissance,0.0,2026-08-08T22:42:11.831Z
sensor.plug_4_puissance,2.0,2026-08-08T22:42:16.834Z
sensor.plug_4_puissance,3.0,2026-08-08T22:42:21.825Z
sensor.plug_4_puissance,0.0,2026-08-08T22:42:26.832Z
sensor.plug_4_puissance,2.0,2026-08-08T22:42:31.832Z
sensor.plug_4_puissance,3.0,2026-08-08T22:42:37.832Z
sensor.plug_4_puissance,2.0,2026-08-08T22:42:42.838Z
sensor.plug_4_puissance,0.0,2026-08-08T22:42:57.834Z
sensor.plug_4_puissance,3.0,2026-08-08T22:43:02.828Z
sensor.plug_4_puissance,2.0,2026-08-08T22:43:07.825Z
sensor.plug_4_puissance,0.0,2026-08-08T22:43:35.828Z
sensor.plug_4_puissance,2.0,2026-08-08T22:43:40.828Z
sensor.plug_4_puissance,0.0,2026-08-08T22:43:55.840Z
sensor.plug_4_puissance,2.0,2026-08-08T22:44:08.843Z
sensor.plug_4_puissance,3.0,2026-08-08T22:44:57.834Z
sensor.plug_4_puissance,2.0,2026-08-08T22:45:02.834Z
sensor.plug_4_puissance,0.0,2026-08-08T22:45:57.848Z
sensor.plug_4_puissance,2.0,2026-08-08T22:46:02.848Z
sensor.plug_4_puissance,0.0,2026-08-08T22:46:16.850Z
sensor.plug_4_puissance,2.0,2026-08-08T22:46:21.852Z
sensor.plug_4_puissance,0.0,2026-08-08T22:46:47.853Z
sensor.plug_4_puissance,2.0,2026-08-08T22:46:52.851Z
sensor.plug_4_puissance,0.0,2026-08-08T22:47:02.852Z
sensor.plug_4_puissance,2.0,2026-08-08T22:47:07.853Z
sensor.plug_4_puissance,3.0,2026-08-08T22:48:37.854Z
sensor.plug_4_puissance,2.0,2026-08-08T22:48:42.852Z
sensor.plug_4_puissance,4.0,2026-08-08T22:49:26.869Z
sensor.plug_4_puissance,2.0,2026-08-08T22:49:31.871Z
sensor.plug_4_puissance,0.0,2026-08-08T22:50:46.875Z
sensor.plug_4_puissance,2.0,2026-08-08T22:50:51.880Z
sensor.plug_4_puissance,0.0,2026-08-08T22:51:06.877Z
sensor.plug_4_puissance,2.0,2026-08-08T22:51:11.875Z
sensor.plug_4_puissance,0.0,2026-08-08T22:51:36.876Z
sensor.plug_4_puissance,2.0,2026-08-08T22:51:41.876Z
sensor.plug_4_puissance,0.0,2026-08-08T22:51:47.876Z
sensor.plug_4_puissance,2.0,2026-08-08T22:51:52.878Z
sensor.plug_4_puissance,3.0,2026-08-08T22:52:09.870Z
sensor.plug_4_puissance,0.0,2026-08-08T22:52:14.871Z
sensor.plug_4_puissance,2.0,2026-08-08T22:52:19.871Z
sensor.plug_4_puissance,0.0,2026-08-08T22:52:24.868Z
sensor.plug_4_puissance,2.0,2026-08-08T22:52:29.879Z
sensor.plug_4_puissance,0.0,2026-08-08T22:52:34.880Z
sensor.plug_4_puissance,2.0,2026-08-08T22:52:39.879Z
sensor.plug_4_puissance,3.0,2026-08-08T22:52:59.868Z
sensor.plug_4_puissance,0.0,2026-08-08T22:53:04.873Z
sensor.plug_4_puissance,2.0,2026-08-08T22:53:09.875Z
sensor.plug_4_puissance,0.0,2026-08-08T22:53:21.886Z
sensor.plug_4_puissance,2.0,2026-08-08T22:53:26.889Z
sensor.plug_4_puissance,3.0,2026-08-08T22:53:31.394Z
sensor.plug_4_puissance,2.0,2026-08-08T22:53:39.878Z
sensor.plug_4_puissance,0.0,2026-08-08T22:54:33.894Z
sensor.plug_4_puissance,2.0,2026-08-08T22:54:38.894Z
sensor.plug_4_puissance,0.0,2026-08-08T22:54:43.894Z
sensor.plug_4_puissance,3.0,2026-08-08T22:54:48.894Z
sensor.plug_4_puissance,2.0,2026-08-08T22:54:53.886Z
sensor.plug_4_puissance,0.0,2026-08-08T22:54:58.886Z
sensor.plug_4_puissance,2.0,2026-08-08T22:55:03.887Z
sensor.plug_4_puissance,0.0,2026-08-08T22:55:19.889Z
sensor.plug_4_puissance,2.0,2026-08-08T22:55:26.897Z
sensor.plug_4_puissance,0.0,2026-08-08T22:55:31.899Z
sensor.plug_4_puissance,2.0,2026-08-08T22:55:36.899Z
sensor.plug_4_puissance,0.0,2026-08-08T22:56:06.904Z
sensor.plug_4_puissance,3.0,2026-08-08T22:56:11.903Z
sensor.plug_4_puissance,2.0,2026-08-08T22:56:16.895Z
sensor.plug_4_puissance,5.0,2026-08-08T22:56:23.895Z
sensor.plug_4_puissance,0.0,2026-08-08T22:56:28.895Z
sensor.plug_4_puissance,2.0,2026-08-08T22:56:33.896Z
sensor.plug_4_puissance,0.0,2026-08-08T22:57:00.899Z
sensor.plug_4_puissance,2.0,2026-08-08T22:57:05.899Z
sensor.plug_4_puissance,5.0,2026-08-08T22:57:13.900Z
sensor.plug_4_puissance,2.0,2026-08-08T22:57:18.901Z
sensor.plug_4_puissance,0.0,2026-08-08T22:57:38.913Z
sensor.plug_4_puissance,2.0,2026-08-08T22:57:43.914Z
sensor.plug_4_puissance,3.0,2026-08-08T22:57:54.907Z
sensor.plug_4_puissance,2.0,2026-08-08T22:57:59.909Z
sensor.plug_4_puissance,0.0,2026-08-08T22:58:08.916Z
sensor.plug_4_puissance,2.0,2026-08-08T22:58:13.920Z
sensor.plug_4_puissance,5.0,2026-08-08T22:58:58.925Z
sensor.plug_4_puissance,2.0,2026-08-08T22:59:03.925Z
sensor.plug_4_puissance,0.0,2026-08-08T22:59:08.358Z
sensor.plug_4_puissance,5.0,2026-08-08T22:59:13.926Z
sensor.plug_4_puissance,2.0,2026-08-08T22:59:18.928Z
sensor.plug_4_puissance,0.0,2026-08-08T22:59:25.928Z
sensor.plug_4_puissance,2.0,2026-08-08T22:59:30.928Z
sensor.plug_4_puissance,4.0,2026-08-08T22:59:59.921Z
sensor.plug_4_puissance,2.0,2026-08-08T23:00:04.922Z
sensor.plug_4_puissance,0.0,2026-08-08T23:00:18.922Z
sensor.plug_4_puissance,2.0,2026-08-08T23:00:26.932Z
sensor.plug_4_puissance,3.0,2026-08-08T23:00:33.925Z
sensor.plug_4_puissance,2.0,2026-08-08T23:00:38.925Z
sensor.plug_4_puissance,0.0,2026-08-08T23:00:49.934Z
sensor.plug_4_puissance,2.0,2026-08-08T23:00:54.938Z
sensor.plug_4_puissance,0.0,2026-08-08T23:01:15.937Z
sensor.plug_4_puissance,5.0,2026-08-08T23:01:20.938Z
sensor.plug_4_puissance,2.0,2026-08-08T23:01:25.939Z
sensor.plug_4_puissance,0.0,2026-08-08T23:01:36.934Z
sensor.plug_4_puissance,2.0,2026-08-08T23:01:41.933Z
sensor.plug_4_puissance,3.0,2026-08-08T23:01:51.934Z
sensor.plug_4_puissance,2.0,2026-08-08T23:01:56.840Z
sensor.plug_4_puissance,4.0,2026-08-08T23:02:02.935Z
sensor.plug_4_puissance,3.0,2026-08-08T23:02:07.935Z
sensor.plug_4_puissance,2.0,2026-08-08T23:02:12.935Z
sensor.plug_4_puissance,3.0,2026-08-08T23:02:17.940Z
sensor.plug_4_puissance,0.0,2026-08-08T23:02:22.937Z
sensor.plug_4_puissance,3.0,2026-08-08T23:02:27.935Z
sensor.plug_4_puissance,2.0,2026-08-08T23:02:32.938Z
sensor.plug_4_puissance,0.0,2026-08-08T23:03:32.743Z
sensor.plug_4_puissance,2.0,2026-08-08T23:03:37.742Z
sensor.plug_4_puissance,3.0,2026-08-08T23:03:42.743Z
sensor.plug_4_puissance,2.0,2026-08-08T23:03:47.744Z
sensor.plug_4_puissance,0.0,2026-08-08T23:03:54.743Z
sensor.plug_4_puissance,2.0,2026-08-08T23:03:59.745Z
sensor.plug_4_puissance,3.0,2026-08-08T23:04:44.747Z
sensor.plug_4_puissance,2.0,2026-08-08T23:04:49.747Z
sensor.plug_4_puissance,0.0,2026-08-08T23:06:22.759Z
sensor.plug_4_puissance,2.0,2026-08-08T23:06:27.760Z
sensor.plug_4_puissance,0.0,2026-08-08T23:07:46.755Z
sensor.plug_4_puissance,2.0,2026-08-08T23:07:51.756Z
sensor.plug_4_puissance,0.0,2026-08-08T23:08:01.765Z
sensor.plug_4_puissance,2.0,2026-08-08T23:08:08.766Z
sensor.plug_4_puissance,0.0,2026-08-08T23:08:13.766Z
sensor.plug_4_puissance,2.0,2026-08-08T23:08:18.767Z
sensor.plug_4_puissance,0.0,2026-08-08T23:09:32.775Z
sensor.plug_4_puissance,2.0,2026-08-08T23:09:37.773Z
sensor.plug_4_puissance,0.0,2026-08-08T23:09:44.765Z
sensor.plug_4_puissance,2.0,2026-08-08T23:09:49.767Z
sensor.plug_4_puissance,0.0,2026-08-08T23:11:53.787Z
sensor.plug_4_puissance,2.0,2026-08-08T23:11:58.789Z
sensor.plug_4_puissance,0.0,2026-08-08T23:15:48.815Z
sensor.plug_4_puissance,2.0,2026-08-08T23:15:53.816Z
sensor.plug_4_puissance,0.0,2026-08-08T23:18:23.828Z
sensor.plug_4_puissance,2.0,2026-08-08T23:18:28.828Z
sensor.plug_4_puissance,0.0,2026-08-08T23:19:47.824Z
sensor.plug_4_puissance,2.0,2026-08-08T23:19:52.825Z
sensor.plug_4_puissance,3.0,2026-08-08T23:20:11.835Z
sensor.plug_4_puissance,2.0,2026-08-08T23:20:16.827Z
sensor.plug_4_puissance,0.0,2026-08-08T23:24:05.859Z
sensor.plug_4_puissance,2.0,2026-08-08T23:24:12.859Z
sensor.plug_4_puissance,0.0,2026-08-08T23:24:47.860Z
sensor.plug_4_puissance,2.0,2026-08-08T23:24:52.859Z
sensor.plug_4_puissance,0.0,2026-08-08T23:25:32.862Z
sensor.plug_4_puissance,2.0,2026-08-08T23:25:37.863Z
sensor.plug_4_puissance,0.0,2026-08-08T23:27:03.874Z
sensor.plug_4_puissance,2.0,2026-08-08T23:27:08.875Z
sensor.plug_4_puissance,3.0,2026-08-08T23:36:38.919Z
sensor.plug_4_puissance,2.0,2026-08-08T23:36:43.927Z
sensor.plug_4_puissance,0.0,2026-08-08T23:44:36.975Z
sensor.plug_4_puissance,2.0,2026-08-08T23:44:41.971Z
sensor.plug_4_puissance,3.0,2026-08-08T23:46:49.970Z
sensor.plug_4_puissance,2.0,2026-08-08T23:46:52.559Z
sensor.plug_4_puissance,0.0,2026-08-08T23:47:11.971Z
sensor.plug_4_puissance,2.0,2026-08-08T23:47:19.979Z
sensor.plug_4_puissance,0.0,2026-08-08T23:47:49.985Z
sensor.plug_4_puissance,2.0,2026-08-08T23:47:57.983Z
sensor.plug_4_puissance,0.0,2026-08-08T23:48:23.973Z
sensor.plug_4_puissance,2.0,2026-08-08T23:48:31.985Z
sensor.plug_4_puissance,0.0,2026-08-08T23:49:29.986Z
sensor.plug_4_puissance,2.0,2026-08-08T23:49:34.988Z
sensor.plug_4_puissance,3.0,2026-08-08T23:49:43.987Z
sensor.plug_4_puissance,2.0,2026-08-08T23:49:48.988Z
sensor.plug_4_puissance,0.0,2026-08-08T23:49:59.979Z
sensor.plug_4_puissance,2.0,2026-08-08T23:50:04.979Z
sensor.plug_4_puissance,0.0,2026-08-08T23:50:45.991Z
sensor.plug_4_puissance,2.0,2026-08-08T23:50:50.990Z
sensor.plug_4_puissance,0.0,2026-08-08T23:52:12.983Z
sensor.plug_4_puissance,2.0,2026-08-08T23:52:17.983Z
sensor.plug_4_puissance,0.0,2026-08-08T23:52:43.994Z
sensor.plug_4_puissance,2.0,2026-08-08T23:52:48.994Z
sensor.plug_4_puissance,0.0,2026-08-08T23:53:02.994Z
sensor.plug_4_puissance,2.0,2026-08-08T23:53:07.991Z
sensor.plug_4_puissance,0.0,2026-08-08T23:53:21.988Z
sensor.plug_4_puissance,2.0,2026-08-08T23:53:26.988Z
sensor.plug_4_puissance,0.0,2026-08-08T23:54:04.999Z
sensor.plug_4_puissance,3.0,2026-08-08T23:54:09.999Z
sensor.plug_4_puissance,2.0,2026-08-08T23:54:14.999Z
sensor.plug_4_puissance,0.0,2026-08-08T23:55:31.803Z
sensor.plug_4_puissance,2.0,2026-08-08T23:55:36.819Z
sensor.plug_4_puissance,0.0,2026-08-08T23:57:53.812Z
sensor.plug_4_puissance,2.0,2026-08-08T23:57:58.811Z
sensor.plug_4_puissance,4.0,2026-08-08T23:58:22.823Z
sensor.plug_4_puissance,0.0,2026-08-08T23:58:27.825Z
sensor.plug_4_puissance,2.0,2026-08-08T23:58:32.825Z
sensor.plug_4_puissance,0.0,2026-08-09T00:00:15.832Z
sensor.plug_4_puissance,2.0,2026-08-09T00:00:20.835Z
sensor.plug_4_puissance,0.0,2026-08-09T00:01:24.840Z
sensor.plug_4_puissance,2.0,2026-08-09T00:01:29.843Z
sensor.plug_4_puissance,3.0,2026-08-09T00:01:34.832Z
sensor.plug_4_puissance,2.0,2026-08-09T00:01:37.161Z
sensor.plug_4_puissance,3.0,2026-08-09T00:02:28.840Z
sensor.plug_4_puissance,2.0,2026-08-09T00:02:35.843Z
sensor.plug_4_puissance,0.0,2026-08-09T00:03:12.861Z
sensor.plug_4_puissance,2.0,2026-08-09T00:03:17.857Z
sensor.plug_4_puissance,0.0,2026-08-09T00:03:46.862Z
sensor.plug_4_puissance,2.0,2026-08-09T00:03:51.852Z
sensor.plug_4_puissance,0.0,2026-08-09T00:03:56.871Z
sensor.plug_4_puissance,2.0,2026-08-09T00:04:01.853Z
sensor.plug_4_puissance,3.0,2026-08-09T00:04:47.855Z
sensor.plug_4_puissance,2.0,2026-08-09T00:04:52.859Z
sensor.plug_4_puissance,3.0,2026-08-09T00:05:03.871Z
sensor.plug_4_puissance,2.0,2026-08-09T00:05:07.758Z
sensor.plug_4_puissance,3.0,2026-08-09T00:06:26.888Z
sensor.plug_4_puissance,0.0,2026-08-09T00:06:31.870Z
sensor.plug_4_puissance,3.0,2026-08-09T00:06:36.891Z
sensor.plug_4_puissance,2.0,2026-08-09T00:06:41.871Z
sensor.plug_4_puissance,0.0,2026-08-09T00:07:00.882Z
sensor.plug_4_puissance,2.0,2026-08-09T00:07:05.873Z
sensor.plug_4_puissance,5.0,2026-08-09T00:07:29.884Z
sensor.plug_4_puissance,2.0,2026-08-09T00:07:34.876Z
sensor.plug_4_puissance,0.0,2026-08-09T00:08:04.887Z
sensor.plug_4_puissance,2.0,2026-08-09T00:08:09.894Z
sensor.plug_4_puissance,0.0,2026-08-09T00:08:53.886Z
sensor.plug_4_puissance,2.0,2026-08-09T00:09:00.887Z
sensor.plug_4_puissance,0.0,2026-08-09T00:09:16.928Z
sensor.plug_4_puissance,2.0,2026-08-09T00:09:20.457Z
sensor.plug_4_puissance,0.0,2026-08-09T00:10:40.899Z
sensor.plug_4_puissance,2.0,2026-08-09T00:10:47.912Z
sensor.plug_4_puissance,0.0,2026-08-09T00:12:14.910Z
sensor.plug_4_puissance,2.0,2026-08-09T00:12:19.918Z
sensor.plug_4_puissance,0.0,2026-08-09T00:12:26.935Z
sensor.plug_4_puissance,2.0,2026-08-09T00:12:31.920Z
sensor.plug_4_puissance,0.0,2026-08-09T00:14:27.931Z
sensor.plug_4_puissance,2.0,2026-08-09T00:14:32.931Z
sensor.plug_4_puissance,0.0,2026-08-09T00:15:47.945Z
sensor.plug_4_puissance,2.0,2026-08-09T00:15:52.947Z
sensor.plug_4_puissance,0.0,2026-08-09T00:16:02.946Z
sensor.plug_4_puissance,2.0,2026-08-09T00:16:07.949Z
sensor.plug_4_puissance,5.0,2026-08-09T00:16:43.945Z
sensor.plug_4_puissance,2.0,2026-08-09T00:16:48.946Z
sensor.plug_4_puissance,0.0,2026-08-09T00:17:14.957Z
sensor.plug_4_puissance,2.0,2026-08-09T00:17:19.954Z
sensor.plug_4_puissance,3.0,2026-08-09T00:17:41.951Z
sensor.plug_4_puissance,2.0,2026-08-09T00:17:45.884Z
sensor.plug_4_puissance,0.0,2026-08-09T00:20:04.988Z
sensor.plug_4_puissance,2.0,2026-08-09T00:20:09.986Z
sensor.plug_4_puissance,0.0,2026-08-09T00:20:23.981Z
sensor.plug_4_puissance,2.0,2026-08-09T00:20:28.976Z
sensor.plug_4_puissance,0.0,2026-08-09T00:34:26.891Z
sensor.plug_4_puissance,2.0,2026-08-09T00:34:31.894Z
sensor.plug_4_puissance,0.0,2026-08-09T00:35:03.907Z
sensor.plug_4_puissance,2.0,2026-08-09T00:35:08.907Z
sensor.plug_4_puissance,0.0,2026-08-09T00:35:49.905Z
sensor.plug_4_puissance,2.0,2026-08-09T00:35:54.905Z
sensor.plug_4_puissance,0.0,2026-08-09T00:37:05.911Z
sensor.plug_4_puissance,2.0,2026-08-09T00:37:10.912Z
sensor.plug_4_puissance,0.0,2026-08-09T00:37:17.913Z
sensor.plug_4_puissance,2.0,2026-08-09T00:37:22.915Z
sensor.plug_4_puissance,0.0,2026-08-09T00:38:14.930Z
sensor.plug_4_puissance,2.0,2026-08-09T00:38:19.931Z
sensor.plug_4_puissance,0.0,2026-08-09T00:38:33.932Z
sensor.plug_4_puissance,2.0,2026-08-09T00:38:38.933Z
sensor.plug_4_puissance,0.0,2026-08-09T00:39:52.936Z
sensor.plug_4_puissance,2.0,2026-08-09T00:40:04.944Z
sensor.plug_4_puissance,0.0,2026-08-09T00:40:09.947Z
sensor.plug_4_puissance,2.0,2026-08-09T00:40:13.755Z
sensor.plug_4_puissance,0.0,2026-08-09T00:40:20.948Z
sensor.plug_4_puissance,2.0,2026-08-09T00:40:25.949Z
sensor.plug_4_puissance,0.0,2026-08-09T00:40:43.951Z
sensor.plug_4_puissance,2.0,2026-08-09T00:40:48.954Z
sensor.plug_4_puissance,0.0,2026-08-09T00:41:13.954Z
sensor.plug_4_puissance,2.0,2026-08-09T00:41:18.955Z
sensor.plug_4_puissance,0.0,2026-08-09T00:41:32.957Z
sensor.plug_4_puissance,2.0,2026-08-09T00:41:39.957Z
sensor.plug_4_puissance,0.0,2026-08-09T00:44:19.963Z
sensor.plug_4_puissance,2.0,2026-08-09T00:44:26.969Z
sensor.plug_4_puissance,0.0,2026-08-09T00:44:53.973Z
sensor.plug_4_puissance,2.0,2026-08-09T00:44:58.974Z
sensor.plug_4_puissance,3.0,2026-08-09T00:45:08.965Z
sensor.plug_4_puissance,2.0,2026-08-09T00:45:13.968Z
sensor.plug_4_puissance,0.0,2026-08-09T00:45:19.966Z
sensor.plug_4_puissance,2.0,2026-08-09T00:45:24.967Z
sensor.plug_4_puissance,0.0,2026-08-09T00:45:57.965Z
sensor.plug_4_puissance,2.0,2026-08-09T00:46:02.969Z
sensor.plug_4_puissance,4.0,2026-08-09T00:46:50.980Z
sensor.plug_4_puissance,2.0,2026-08-09T00:46:55.980Z
sensor.plug_4_puissance,0.0,2026-08-09T00:47:24.976Z
sensor.plug_4_puissance,2.0,2026-08-09T00:47:29.977Z
sensor.plug_4_puissance,3.0,2026-08-09T00:48:33.986Z
sensor.plug_4_puissance,2.0,2026-08-09T00:48:38.995Z
sensor.plug_4_puissance,3.0,2026-08-09T00:49:37.993Z
sensor.plug_4_puissance,2.0,2026-08-09T00:49:42.994Z
sensor.plug_4_puissance,0.0,2026-08-09T00:50:55.016Z
sensor.plug_4_puissance,2.0,2026-08-09T00:51:00.017Z
sensor.plug_4_puissance,3.0,2026-08-09T00:52:59.023Z
sensor.plug_4_puissance,2.0,2026-08-09T00:53:04.023Z
sensor.plug_4_puissance,0.0,2026-08-09T00:53:22.038Z
sensor.plug_4_puissance,2.0,2026-08-09T00:53:27.034Z
sensor.plug_4_puissance,3.0,2026-08-09T00:54:30.046Z
sensor.plug_4_puissance,2.0,2026-08-09T00:54:35.037Z
sensor.plug_4_puissance,0.0,2026-08-09T00:54:41.047Z
sensor.plug_4_puissance,2.0,2026-08-09T00:54:46.046Z
sensor.plug_4_puissance,0.0,2026-08-09T00:55:55.049Z
sensor.plug_4_puissance,2.0,2026-08-09T00:56:00.049Z
sensor.plug_4_puissance,0.0,2026-08-09T00:56:44.064Z
sensor.plug_4_puissance,2.0,2026-08-09T00:56:48.864Z
sensor.plug_4_puissance,0.0,2026-08-09T00:57:51.861Z
sensor.plug_4_puissance,2.0,2026-08-09T00:57:56.862Z
sensor.plug_4_puissance,0.0,2026-08-09T00:59:04.879Z
sensor.plug_4_puissance,2.0,2026-08-09T00:59:09.879Z
sensor.plug_4_puissance,3.0,2026-08-09T01:02:28.896Z
sensor.plug_4_puissance,2.0,2026-08-09T01:02:33.897Z
sensor.plug_4_puissance,0.0,2026-08-09T01:03:21.919Z
sensor.plug_4_puissance,2.0,2026-08-09T01:03:26.915Z
sensor.plug_4_puissance,0.0,2026-08-09T01:09:06.952Z
sensor.plug_4_puissance,2.0,2026-08-09T01:09:11.952Z
sensor.plug_4_puissance,0.0,2026-08-09T01:09:33.944Z
sensor.plug_4_puissance,2.0,2026-08-09T01:09:38.945Z
sensor.plug_4_puissance,0.0,2026-08-09T01:09:52.953Z
sensor.plug_4_puissance,2.0,2026-08-09T01:09:57.955Z
sensor.plug_4_puissance,0.0,2026-08-09T01:10:03.946Z
sensor.plug_4_puissance,2.0,2026-08-09T01:10:08.956Z
sensor.plug_4_puissance,0.0,2026-08-09T01:10:17.944Z
sensor.plug_4_puissance,2.0,2026-08-09T01:10:22.947Z
sensor.plug_4_puissance,0.0,2026-08-09T01:11:04.959Z
sensor.plug_4_puissance,2.0,2026-08-09T01:11:09.994Z
sensor.plug_4_puissance,3.0,2026-08-09T01:11:14.962Z
sensor.plug_4_puissance,2.0,2026-08-09T01:11:19.954Z
sensor.plug_4_puissance,0.0,2026-08-09T01:12:12.961Z
sensor.plug_4_puissance,2.0,2026-08-09T01:12:17.957Z
sensor.plug_4_puissance,0.0,2026-08-09T01:12:43.963Z
sensor.plug_4_puissance,2.0,2026-08-09T01:12:48.963Z
sensor.plug_4_puissance,0.0,2026-08-09T01:13:25.956Z
sensor.plug_4_puissance,2.0,2026-08-09T01:13:33.965Z
sensor.plug_4_puissance,0.0,2026-08-09T01:13:38.964Z
sensor.plug_4_puissance,2.0,2026-08-09T01:13:43.966Z
sensor.plug_4_puissance,0.0,2026-08-09T01:14:35.971Z
sensor.plug_4_puissance,2.0,2026-08-09T01:14:40.970Z
sensor.plug_4_puissance,0.0,2026-08-09T01:14:54.976Z
sensor.plug_4_puissance,2.0,2026-08-09T01:14:59.974Z
sensor.plug_4_puissance,0.0,2026-08-09T01:15:29.981Z
sensor.plug_4_puissance,2.0,2026-08-09T01:15:34.978Z
sensor.plug_4_puissance,0.0,2026-08-09T01:15:39.978Z
sensor.plug_4_puissance,2.0,2026-08-09T01:15:44.978Z
sensor.plug_4_puissance,3.0,2026-08-09T01:17:08.972Z
sensor.plug_4_puissance,2.0,2026-08-09T01:17:13.975Z
sensor.plug_4_puissance,3.0,2026-08-09T01:20:10.991Z
sensor.plug_4_puissance,2.0,2026-08-09T01:20:15.991Z
sensor.plug_4_puissance,0.0,2026-08-09T01:20:45.999Z
sensor.plug_4_puissance,2.0,2026-08-09T01:20:51.000Z
sensor.plug_4_puissance,0.0,2026-08-09T01:22:20.937Z
sensor.plug_4_puissance,2.0,2026-08-09T01:22:29.006Z
sensor.plug_4_puissance,3.0,2026-08-09T01:32:56.064Z
sensor.plug_4_puissance,2.0,2026-08-09T01:33:01.065Z
sensor.plug_4_puissance,3.0,2026-08-09T01:34:36.087Z
sensor.plug_4_puissance,2.0,2026-08-09T01:34:41.086Z
sensor.plug_4_puissance,0.0,2026-08-09T01:36:03.091Z
sensor.plug_4_puissance,2.0,2026-08-09T01:36:08.093Z
sensor.plug_4_puissance,0.0,2026-08-09T01:42:58.951Z
sensor.plug_4_puissance,2.0,2026-08-09T01:43:03.952Z
sensor.plug_4_puissance,3.0,2026-08-09T01:44:17.964Z
sensor.plug_4_puissance,2.0,2026-08-09T01:44:22.965Z
sensor.plug_4_puissance,0.0,2026-08-09T01:46:02.976Z
sensor.plug_4_puissance,2.0,2026-08-09T01:46:07.975Z
sensor.plug_4_puissance,3.0,2026-08-09T01:46:13.986Z
sensor.plug_4_puissance,2.0,2026-08-09T01:46:18.986Z
sensor.plug_4_puissance,0.0,2026-08-09T01:48:42.000Z
sensor.plug_4_puissance,2.0,2026-08-09T01:48:47.002Z
sensor.plug_4_puissance,0.0,2026-08-09T01:50:17.005Z
sensor.plug_4_puissance,2.0,2026-08-09T01:50:22.006Z
sensor.plug_4_puissance,0.0,2026-08-09T01:51:26.018Z
sensor.plug_4_puissance,2.0,2026-08-09T01:51:31.020Z
sensor.plug_4_puissance,0.0,2026-08-09T01:52:05.015Z
sensor.plug_4_puissance,2.0,2026-08-09T01:52:10.017Z
sensor.plug_4_puissance,0.0,2026-08-09T01:52:54.033Z
sensor.plug_4_puissance,2.0,2026-08-09T01:52:59.034Z
sensor.plug_4_puissance,3.0,2026-08-09T01:53:54.030Z
sensor.plug_4_puissance,2.0,2026-08-09T01:53:59.031Z
sensor.plug_4_puissance,3.0,2026-08-09T01:54:39.036Z
sensor.plug_4_puissance,2.0,2026-08-09T01:54:44.037Z
sensor.plug_4_puissance,0.0,2026-08-09T01:55:02.049Z
sensor.plug_4_puissance,2.0,2026-08-09T01:55:07.049Z
sensor.plug_4_puissance,0.0,2026-08-09T01:56:27.061Z
sensor.plug_4_puissance,2.0,2026-08-09T01:56:32.063Z
sensor.plug_4_puissance,0.0,2026-08-09T01:57:25.069Z
sensor.plug_4_puissance,2.0,2026-08-09T01:57:30.071Z
sensor.plug_4_puissance,3.0,2026-08-09T01:57:35.070Z
sensor.plug_4_puissance,2.0,2026-08-09T01:57:40.071Z
sensor.plug_4_puissance,3.0,2026-08-09T01:58:10.067Z
sensor.plug_4_puissance,2.0,2026-08-09T01:58:15.067Z
sensor.plug_4_puissance,0.0,2026-08-09T02:00:05.084Z
sensor.plug_4_puissance,2.0,2026-08-09T02:00:10.084Z
sensor.plug_4_puissance,0.0,2026-08-09T02:00:54.095Z
sensor.plug_4_puissance,2.0,2026-08-09T02:00:59.094Z
sensor.plug_4_puissance,0.0,2026-08-09T02:02:14.112Z
sensor.plug_4_puissance,2.0,2026-08-09T02:02:19.115Z
sensor.plug_4_puissance,3.0,2026-08-09T02:02:29.112Z
sensor.plug_4_puissance,2.0,2026-08-09T02:02:34.114Z
sensor.plug_4_puissance,0.0,2026-08-09T02:02:55.118Z
sensor.plug_4_puissance,2.0,2026-08-09T02:03:00.118Z
sensor.plug_4_puissance,3.0,2026-08-09T02:03:32.113Z
sensor.plug_4_puissance,2.0,2026-08-09T02:03:37.123Z
sensor.plug_4_puissance,0.0,2026-08-09T02:03:55.117Z
sensor.plug_4_puissance,2.0,2026-08-09T02:04:07.127Z
sensor.plug_4_puissance,0.0,2026-08-09T02:04:57.126Z
sensor.plug_4_puissance,2.0,2026-08-09T02:05:02.125Z
sensor.plug_4_puissance,3.0,2026-08-09T02:05:39.139Z
sensor.plug_4_puissance,2.0,2026-08-09T02:05:44.135Z
sensor.plug_4_puissance,0.0,2026-08-09T02:08:17.950Z
sensor.plug_4_puissance,2.0,2026-08-09T02:08:22.952Z
sensor.plug_4_puissance,0.0,2026-08-09T02:08:40.797Z
sensor.plug_4_puissance,2.0,2026-08-09T02:08:48.956Z
sensor.plug_4_puissance,3.0,2026-08-09T02:09:19.951Z
sensor.plug_4_puissance,2.0,2026-08-09T02:09:22.913Z
sensor.plug_4_puissance,0.0,2026-08-09T02:11:06.959Z
sensor.plug_4_puissance,2.0,2026-08-09T02:11:11.961Z
sensor.plug_4_puissance,0.0,2026-08-09T02:11:24.960Z
sensor.plug_4_puissance,2.0,2026-08-09T02:11:29.271Z
sensor.plug_4_puissance,0.0,2026-08-09T02:11:36.970Z
sensor.plug_4_puissance,2.0,2026-08-09T02:11:41.970Z
sensor.plug_4_puissance,3.0,2026-08-09T02:12:02.997Z
sensor.plug_4_puissance,2.0,2026-08-09T02:12:21.973Z
sensor.plug_4_puissance,0.0,2026-08-09T02:12:27.969Z
sensor.plug_4_puissance,2.0,2026-08-09T02:12:32.969Z
sensor.plug_4_puissance,0.0,2026-08-09T02:12:50.980Z
sensor.plug_4_puissance,4.0,2026-08-09T02:12:53.505Z
sensor.plug_4_puissance,2.0,2026-08-09T02:13:00.980Z
sensor.plug_4_puissance,0.0,2026-08-09T02:13:23.988Z
sensor.plug_4_puissance,2.0,2026-08-09T02:13:28.988Z
sensor.plug_4_puissance,0.0,2026-08-09T02:16:55.001Z
sensor.plug_4_puissance,2.0,2026-08-09T02:17:00.001Z
sensor.plug_4_puissance,0.0,2026-08-09T02:20:57.030Z
sensor.plug_4_puissance,2.0,2026-08-09T02:21:02.032Z
sensor.plug_4_puissance,0.0,2026-08-09T02:21:47.048Z
sensor.plug_4_puissance,2.0,2026-08-09T02:21:52.048Z
sensor.plug_4_puissance,0.0,2026-08-09T02:23:19.057Z
sensor.plug_4_puissance,2.0,2026-08-09T02:23:24.057Z
sensor.plug_4_puissance,0.0,2026-08-09T02:23:54.061Z
sensor.plug_4_puissance,2.0,2026-08-09T02:24:02.063Z
sensor.plug_4_puissance,0.0,2026-08-09T02:24:44.073Z
sensor.plug_4_puissance,2.0,2026-08-09T02:24:49.067Z
sensor.plug_4_puissance,4.0,2026-08-09T02:25:53.065Z
sensor.plug_4_puissance,3.0,2026-08-09T02:25:58.064Z
sensor.plug_4_puissance,0.0,2026-08-09T02:26:03.065Z
sensor.plug_4_puissance,2.0,2026-08-09T02:26:08.066Z
sensor.plug_4_puissance,0.0,2026-08-09T02:26:27.076Z
sensor.plug_4_puissance,2.0,2026-08-09T02:26:35.078Z
sensor.plug_4_puissance,4.0,2026-08-09T02:29:06.096Z
sensor.plug_4_puissance,2.0,2026-08-09T02:29:11.102Z
sensor.plug_4_puissance,0.0,2026-08-09T02:29:16.097Z
sensor.plug_4_puissance,2.0,2026-08-09T02:29:21.098Z
sensor.plug_4_puissance,3.0,2026-08-09T02:30:49.107Z
sensor.plug_4_puissance,2.0,2026-08-09T02:30:54.106Z
sensor.plug_4_puissance,0.0,2026-08-09T02:30:59.107Z
sensor.plug_4_puissance,2.0,2026-08-09T02:31:08.108Z
sensor.plug_4_puissance,0.0,2026-08-09T02:31:19.112Z
sensor.plug_4_puissance,2.0,2026-08-09T02:31:28.115Z
sensor.plug_4_puissance,0.0,2026-08-09T02:31:35.113Z
sensor.plug_4_puissance,2.0,2026-08-09T02:31:40.114Z
sensor.plug_4_puissance,0.0,2026-08-09T02:31:50.765Z
sensor.plug_4_puissance,2.0,2026-08-09T02:31:56.115Z
sensor.plug_4_puissance,0.0,2026-08-09T02:32:17.116Z
sensor.plug_4_puissance,2.0,2026-08-09T02:32:22.117Z
sensor.plug_4_puissance,0.0,2026-08-09T02:32:32.117Z
sensor.plug_4_puissance,2.0,2026-08-09T02:32:37.118Z
sensor.plug_4_puissance,0.0,2026-08-09T02:33:14.123Z
sensor.plug_4_puissance,2.0,2026-08-09T02:33:19.127Z
sensor.plug_4_puissance,0.0,2026-08-09T02:33:26.125Z
sensor.plug_4_puissance,2.0,2026-08-09T02:33:31.126Z
sensor.plug_4_puissance,0.0,2026-08-09T02:33:52.131Z
sensor.plug_4_puissance,2.0,2026-08-09T02:33:57.115Z
sensor.plug_4_puissance,0.0,2026-08-09T02:36:08.132Z
sensor.plug_4_puissance,3.0,2026-08-09T02:36:13.133Z
sensor.plug_4_puissance,2.0,2026-08-09T02:36:18.141Z
sensor.plug_4_puissance,0.0,2026-08-09T02:38:06.154Z
sensor.plug_4_puissance,2.0,2026-08-09T02:38:09.825Z
sensor.plug_4_puissance,3.0,2026-08-09T02:38:17.146Z
sensor.plug_4_puissance,2.0,2026-08-09T02:38:22.148Z
sensor.plug_4_puissance,0.0,2026-08-09T02:38:44.157Z
sensor.plug_4_puissance,2.0,2026-08-09T02:38:49.157Z
sensor.plug_4_puissance,3.0,2026-08-09T02:39:36.162Z
sensor.plug_4_puissance,2.0,2026-08-09T02:39:41.156Z
sensor.plug_4_puissance,3.0,2026-08-09T02:40:17.959Z
sensor.plug_4_puissance,2.0,2026-08-09T02:40:22.972Z
sensor.plug_4_puissance,0.0,2026-08-09T02:41:03.970Z
sensor.plug_4_puissance,2.0,2026-08-09T02:41:08.972Z
sensor.plug_4_puissance,0.0,2026-08-09T02:41:45.990Z
sensor.plug_4_puissance,2.0,2026-08-09T02:41:50.989Z
sensor.plug_4_puissance,0.0,2026-08-09T02:42:05.991Z
sensor.plug_4_puissance,2.0,2026-08-09T02:42:10.979Z
sensor.plug_4_puissance,0.0,2026-08-09T02:43:45.001Z
sensor.plug_4_puissance,2.0,2026-08-09T02:43:50.000Z
sensor.plug_4_puissance,0.0,2026-08-09T02:43:56.985Z
sensor.plug_4_puissance,2.0,2026-08-09T02:44:01.987Z
sensor.plug_4_puissance,0.0,2026-08-09T02:44:15.997Z
sensor.plug_4_puissance,2.0,2026-08-09T02:44:20.996Z
sensor.plug_4_puissance,0.0,2026-08-09T02:46:23.003Z
sensor.plug_4_puissance,2.0,2026-08-09T02:46:35.018Z
sensor.plug_4_puissance,0.0,2026-08-09T02:47:44.010Z
sensor.plug_4_puissance,2.0,2026-08-09T02:47:49.010Z
sensor.plug_4_puissance,4.0,2026-08-09T02:48:44.016Z
sensor.plug_4_puissance,2.0,2026-08-09T02:48:49.016Z
sensor.plug_4_puissance,0.0,2026-08-09T02:49:14.027Z
sensor.plug_4_puissance,2.0,2026-08-09T02:49:22.028Z
sensor.plug_4_puissance,0.0,2026-08-09T02:49:41.028Z
sensor.plug_4_puissance,2.0,2026-08-09T02:49:46.033Z
sensor.plug_4_puissance,0.0,2026-08-09T02:49:53.034Z
sensor.plug_4_puissance,2.0,2026-08-09T02:49:58.028Z
sensor.plug_4_puissance,0.0,2026-08-09T02:50:32.038Z
sensor.plug_4_puissance,2.0,2026-08-09T02:50:37.039Z
sensor.plug_4_puissance,0.0,2026-08-09T02:51:18.033Z
sensor.plug_4_puissance,2.0,2026-08-09T02:51:23.033Z
sensor.plug_4_puissance,0.0,2026-08-09T02:52:09.045Z
sensor.plug_4_puissance,2.0,2026-08-09T02:52:12.203Z
sensor.plug_4_puissance,0.0,2026-08-09T02:52:44.050Z
sensor.plug_4_puissance,2.0,2026-08-09T02:52:51.045Z
sensor.plug_4_puissance,3.0,2026-08-09T02:53:06.051Z
sensor.plug_4_puissance,2.0,2026-08-09T02:53:11.038Z
sensor.plug_4_puissance,0.0,2026-08-09T02:53:18.054Z
sensor.plug_4_puissance,2.0,2026-08-09T02:53:23.057Z
sensor.plug_4_puissance,4.0,2026-08-09T02:53:40.043Z
sensor.plug_4_puissance,2.0,2026-08-09T02:53:45.043Z
sensor.plug_4_puissance,0.0,2026-08-09T02:54:02.044Z
sensor.plug_4_puissance,3.0,2026-08-09T02:54:10.045Z
sensor.plug_4_puissance,0.0,2026-08-09T02:54:15.044Z
sensor.plug_4_puissance,2.0,2026-08-09T02:54:18.553Z
sensor.plug_4_puissance,3.0,2026-08-09T02:54:50.047Z
sensor.plug_4_puissance,2.0,2026-08-09T02:54:55.047Z
sensor.plug_4_puissance,0.0,2026-08-09T02:56:18.064Z
sensor.plug_4_puissance,2.0,2026-08-09T02:56:23.059Z
sensor.plug_4_puissance,0.0,2026-08-09T02:57:19.074Z
sensor.plug_4_puissance,2.0,2026-08-09T02:57:26.076Z
sensor.plug_4_puissance,0.0,2026-08-09T02:57:35.077Z
sensor.plug_4_puissance,2.0,2026-08-09T02:57:43.079Z
sensor.plug_4_puissance,0.0,2026-08-09T02:57:59.084Z
sensor.plug_4_puissance,3.0,2026-08-09T02:58:04.072Z
sensor.plug_4_puissance,2.0,2026-08-09T02:58:14.081Z
sensor.plug_4_puissance,0.0,2026-08-09T02:58:29.084Z
sensor.plug_4_puissance,2.0,2026-08-09T02:58:34.084Z
sensor.plug_4_puissance,3.0,2026-08-09T02:58:39.087Z
sensor.plug_4_puissance,2.0,2026-08-09T02:58:44.090Z
sensor.plug_4_puissance,3.0,2026-08-09T02:58:52.080Z
sensor.plug_4_puissance,2.0,2026-08-09T02:58:57.079Z
sensor.plug_4_puissance,0.0,2026-08-09T02:59:03.086Z
sensor.plug_4_puissance,2.0,2026-08-09T02:59:10.088Z
sensor.plug_4_puissance,0.0,2026-08-09T02:59:33.079Z
sensor.plug_4_puissance,2.0,2026-08-09T02:59:38.087Z
sensor.plug_4_puissance,0.0,2026-08-09T02:59:45.082Z
sensor.plug_4_puissance,2.0,2026-08-09T02:59:53.089Z
sensor.plug_4_puissance,0.0,2026-08-09T03:00:23.101Z
sensor.plug_4_puissance,2.0,2026-08-09T03:00:28.096Z
sensor.plug_4_puissance,0.0,2026-08-09T03:00:39.103Z
sensor.plug_4_puissance,2.0,2026-08-09T03:00:44.103Z
sensor.plug_4_puissance,3.0,2026-08-09T03:00:49.102Z
sensor.plug_4_puissance,0.0,2026-08-09T03:00:54.109Z
sensor.plug_4_puissance,2.0,2026-08-09T03:00:59.104Z
sensor.plug_4_puissance,0.0,2026-08-09T03:01:30.098Z
sensor.plug_4_puissance,2.0,2026-08-09T03:01:35.098Z
sensor.plug_4_puissance,0.0,2026-08-09T03:01:57.101Z
sensor.plug_4_puissance,2.0,2026-08-09T03:02:01.877Z
sensor.plug_4_puissance,0.0,2026-08-09T03:02:16.104Z
sensor.plug_4_puissance,2.0,2026-08-09T03:02:21.102Z
sensor.plug_4_puissance,3.0,2026-08-09T03:03:54.117Z
sensor.plug_4_puissance,2.0,2026-08-09T03:03:59.118Z
sensor.plug_4_puissance,0.0,2026-08-09T03:05:24.127Z
sensor.plug_4_puissance,2.0,2026-08-09T03:05:29.129Z
sensor.plug_4_puissance,0.0,2026-08-09T03:05:36.139Z
sensor.plug_4_puissance,2.0,2026-08-09T03:05:41.132Z
sensor.plug_4_puissance,0.0,2026-08-09T03:05:51.145Z
sensor.plug_4_puissance,2.0,2026-08-09T03:05:56.144Z
sensor.plug_4_puissance,0.0,2026-08-09T03:06:18.141Z
sensor.plug_4_puissance,2.0,2026-08-09T03:06:23.148Z
sensor.plug_4_puissance,0.0,2026-08-09T03:08:35.162Z
sensor.plug_4_puissance,2.0,2026-08-09T03:08:40.163Z
sensor.plug_4_puissance,4.0,2026-08-09T03:08:57.156Z
sensor.plug_4_puissance,0.0,2026-08-09T03:09:02.156Z
sensor.plug_4_puissance,3.0,2026-08-09T03:09:07.158Z
sensor.plug_4_puissance,2.0,2026-08-09T03:09:12.157Z
sensor.plug_4_puissance,3.0,2026-08-09T03:09:20.167Z
sensor.plug_4_puissance,2.0,2026-08-09T03:09:25.163Z
sensor.plug_4_puissance,0.0,2026-08-09T03:09:31.166Z
sensor.plug_4_puissance,2.0,2026-08-09T03:09:36.170Z
sensor.plug_4_puissance,0.0,2026-08-09T03:10:44.180Z
sensor.plug_4_puissance,5.0,2026-08-09T03:10:51.181Z
sensor.plug_4_puissance,2.0,2026-08-09T03:10:56.172Z
sensor.plug_4_puissance,0.0,2026-08-09T03:11:07.182Z
sensor.plug_4_puissance,2.0,2026-08-09T03:11:15.184Z
sensor.plug_4_puissance,0.0,2026-08-09T03:11:20.183Z
sensor.plug_4_puissance,3.0,2026-08-09T03:11:25.189Z
sensor.plug_4_puissance,2.0,2026-08-09T03:11:30.184Z
sensor.plug_4_puissance,0.0,2026-08-09T03:11:46.188Z
sensor.plug_4_puissance,2.0,2026-08-09T03:11:51.181Z
sensor.plug_4_puissance,3.0,2026-08-09T03:12:08.180Z
sensor.plug_4_puissance,2.0,2026-08-09T03:12:13.180Z
sensor.plug_4_puissance,3.0,2026-08-09T03:12:30.180Z
sensor.plug_4_puissance,2.0,2026-08-09T03:12:35.183Z
sensor.plug_4_puissance,0.0,2026-08-09T03:13:22.197Z
sensor.plug_4_puissance,2.0,2026-08-09T03:13:27.203Z
sensor.plug_4_puissance,5.0,2026-08-09T03:14:00.192Z
sensor.plug_4_puissance,0.0,2026-08-09T03:14:05.201Z
sensor.plug_4_puissance,2.0,2026-08-09T03:14:10.201Z
sensor.plug_4_puissance,0.0,2026-08-09T03:15:12.004Z
sensor.plug_4_puissance,2.0,2026-08-09T03:15:17.004Z
sensor.plug_4_puissance,0.0,2026-08-09T03:15:39.005Z
sensor.plug_4_puissance,2.0,2026-08-09T03:15:44.005Z
sensor.plug_4_puissance,3.0,2026-08-09T03:16:24.011Z
sensor.plug_4_puissance,2.0,2026-08-09T03:16:29.011Z
sensor.plug_4_puissance,3.0,2026-08-09T03:16:40.013Z
sensor.plug_4_puissance,2.0,2026-08-09T03:16:45.014Z
sensor.plug_4_puissance,0.0,2026-08-09T03:17:01.025Z
sensor.plug_4_puissance,2.0,2026-08-09T03:17:06.026Z
sensor.plug_4_puissance,0.0,2026-08-09T03:17:32.028Z
sensor.plug_4_puissance,2.0,2026-08-09T03:17:37.029Z
sensor.plug_4_puissance,0.0,2026-08-09T03:17:59.035Z
sensor.plug_4_puissance,4.0,2026-08-09T03:18:04.031Z
sensor.plug_4_puissance,2.0,2026-08-09T03:18:09.024Z
sensor.plug_4_puissance,0.0,2026-08-09T03:18:47.037Z
sensor.plug_4_puissance,2.0,2026-08-09T03:18:52.031Z
sensor.plug_4_puissance,3.0,2026-08-09T03:18:57.036Z
sensor.plug_4_puissance,2.0,2026-08-09T03:19:02.036Z
sensor.plug_4_puissance,0.0,2026-08-09T03:21:22.047Z
sensor.plug_4_puissance,2.0,2026-08-09T03:21:27.049Z
sensor.plug_4_puissance,3.0,2026-08-09T03:21:32.050Z
sensor.plug_4_puissance,2.0,2026-08-09T03:21:37.051Z
sensor.plug_4_puissance,0.0,2026-08-09T03:23:12.067Z
sensor.plug_4_puissance,2.0,2026-08-09T03:23:17.063Z
sensor.plug_4_puissance,4.0,2026-08-09T03:25:47.072Z
sensor.plug_4_puissance,2.0,2026-08-09T03:25:52.074Z
sensor.plug_4_puissance,0.0,2026-08-09T03:26:02.073Z
sensor.plug_4_puissance,2.0,2026-08-09T03:26:07.073Z
sensor.plug_4_puissance,0.0,2026-08-09T03:27:22.092Z
sensor.plug_4_puissance,2.0,2026-08-09T03:27:27.091Z
sensor.plug_4_puissance,0.0,2026-08-09T03:27:49.085Z
sensor.plug_4_puissance,2.0,2026-08-09T03:27:54.085Z
sensor.plug_4_puissance,0.0,2026-08-09T03:28:54.094Z
sensor.plug_4_puissance,2.0,2026-08-09T03:28:59.094Z
sensor.plug_4_puissance,0.0,2026-08-09T03:29:24.564Z
sensor.plug_4_puissance,2.0,2026-08-09T03:29:30.108Z
sensor.plug_4_puissance,3.0,2026-08-09T03:30:33.109Z
sensor.plug_4_puissance,2.0,2026-08-09T03:30:38.111Z
sensor.plug_4_puissance,0.0,2026-08-09T03:30:43.111Z
sensor.plug_4_puissance,4.0,2026-08-09T03:30:48.120Z
sensor.plug_4_puissance,2.0,2026-08-09T03:30:55.111Z
sensor.plug_4_puissance,0.0,2026-08-09T03:31:00.111Z
sensor.plug_4_puissance,2.0,2026-08-09T03:31:05.111Z
sensor.plug_4_puissance,0.0,2026-08-09T03:31:32.112Z
sensor.plug_4_puissance,2.0,2026-08-09T03:31:37.112Z
sensor.plug_4_puissance,0.0,2026-08-09T03:31:55.113Z
sensor.plug_4_puissance,2.0,2026-08-09T03:32:00.113Z
sensor.plug_4_puissance,5.0,2026-08-09T03:32:36.115Z
sensor.plug_4_puissance,2.0,2026-08-09T03:32:41.124Z
sensor.plug_4_puissance,0.0,2026-08-09T03:33:07.117Z
sensor.plug_4_puissance,2.0,2026-08-09T03:33:12.117Z
sensor.plug_4_puissance,0.0,2026-08-09T03:33:34.126Z
sensor.plug_4_puissance,2.0,2026-08-09T03:33:37.296Z
sensor.plug_4_puissance,0.0,2026-08-09T03:34:35.131Z
sensor.plug_4_puissance,2.0,2026-08-09T03:34:40.132Z
sensor.plug_4_puissance,0.0,2026-08-09T03:34:46.124Z
sensor.plug_4_puissance,2.0,2026-08-09T03:34:51.125Z
sensor.plug_4_puissance,3.0,2026-08-09T03:34:56.125Z
sensor.plug_4_puissance,2.0,2026-08-09T03:35:01.126Z
sensor.plug_4_puissance,3.0,2026-08-09T03:35:17.127Z
sensor.plug_4_puissance,2.0,2026-08-09T03:35:22.128Z
sensor.plug_4_puissance,0.0,2026-08-09T03:35:27.129Z
sensor.plug_4_puissance,2.0,2026-08-09T03:35:32.128Z
sensor.plug_4_puissance,0.0,2026-08-09T03:35:43.654Z
sensor.plug_4_puissance,2.0,2026-08-09T03:35:55.136Z
sensor.plug_4_puissance,0.0,2026-08-09T03:36:00.142Z
sensor.plug_4_puissance,2.0,2026-08-09T03:36:05.138Z
sensor.plug_4_puissance,0.0,2026-08-09T03:36:10.139Z
sensor.plug_4_puissance,2.0,2026-08-09T03:36:15.139Z
sensor.plug_4_puissance,0.0,2026-08-09T03:36:37.141Z
sensor.plug_4_puissance,2.0,2026-08-09T03:36:45.133Z
sensor.plug_4_puissance,0.0,2026-08-09T03:37:12.150Z
sensor.plug_4_puissance,2.0,2026-08-09T03:37:20.147Z
sensor.plug_4_puissance,0.0,2026-08-09T03:37:31.137Z
sensor.plug_4_puissance,2.0,2026-08-09T03:37:36.138Z
sensor.plug_4_puissance,3.0,2026-08-09T03:37:58.152Z
sensor.plug_4_puissance,0.0,2026-08-09T03:38:03.151Z
sensor.plug_4_puissance,2.0,2026-08-09T03:38:08.151Z
sensor.plug_4_puissance,4.0,2026-08-09T03:38:13.152Z
sensor.plug_4_puissance,2.0,2026-08-09T03:38:18.163Z
sensor.plug_4_puissance,0.0,2026-08-09T03:38:31.148Z
sensor.plug_4_puissance,2.0,2026-08-09T03:38:36.148Z
sensor.plug_4_puissance,0.0,2026-08-09T03:40:07.165Z
sensor.plug_4_puissance,2.0,2026-08-09T03:40:12.165Z
sensor.plug_4_puissance,0.0,2026-08-09T03:40:22.173Z
sensor.plug_4_puissance,2.0,2026-08-09T03:40:27.166Z
sensor.plug_4_puissance,3.0,2026-08-09T03:40:32.160Z
sensor.plug_4_puissance,2.0,2026-08-09T03:40:37.160Z
sensor.plug_4_puissance,3.0,2026-08-09T03:41:11.173Z
sensor.plug_4_puissance,2.0,2026-08-09T03:41:16.164Z
sensor.plug_4_puissance,0.0,2026-08-09T03:42:24.175Z
sensor.plug_4_puissance,2.0,2026-08-09T03:42:29.176Z
sensor.plug_4_puissance,0.0,2026-08-09T03:42:36.186Z
sensor.plug_4_puissance,2.0,2026-08-09T03:42:41.186Z
sensor.plug_4_puissance,3.0,2026-08-09T03:43:10.181Z
sensor.plug_4_puissance,2.0,2026-08-09T03:43:15.180Z
sensor.plug_4_puissance,3.0,2026-08-09T03:46:59.211Z
sensor.plug_4_puissance,2.0,2026-08-09T03:47:04.212Z
sensor.plug_4_puissance,0.0,2026-08-09T03:49:05.228Z
sensor.plug_4_puissance,2.0,2026-08-09T03:49:10.236Z
sensor.plug_4_puissance,0.0,2026-08-09T03:50:06.042Z
sensor.plug_4_puissance,2.0,2026-08-09T03:50:11.043Z
sensor.plug_4_puissance,3.0,2026-08-09T03:56:24.073Z
sensor.plug_4_puissance,2.0,2026-08-09T03:56:31.074Z
sensor.plug_4_puissance,0.0,2026-08-09T03:56:58.093Z
sensor.plug_4_puissance,2.0,2026-08-09T03:57:03.087Z
sensor.plug_4_puissance,0.0,2026-08-09T03:57:08.087Z
sensor.plug_4_puissance,3.0,2026-08-09T03:57:13.089Z
sensor.plug_4_puissance,2.0,2026-08-09T03:57:18.089Z
sensor.plug_4_puissance,3.0,2026-08-09T03:57:40.084Z
sensor.plug_4_puissance,2.0,2026-08-09T03:57:45.085Z
sensor.plug_4_puissance,0.0,2026-08-09T04:01:54.120Z
sensor.plug_4_puissance,2.0,2026-08-09T04:01:59.122Z
sensor.plug_4_puissance,0.0,2026-08-09T04:02:21.124Z
sensor.plug_4_puissance,2.0,2026-08-09T04:02:26.127Z
sensor.plug_4_puissance,0.0,2026-08-09T04:02:55.129Z
sensor.plug_4_puissance,2.0,2026-08-09T04:03:00.129Z
sensor.plug_4_puissance,0.0,2026-08-09T04:04:08.127Z
sensor.plug_4_puissance,2.0,2026-08-09T04:04:13.129Z
sensor.plug_4_puissance,3.0,2026-08-09T04:04:41.133Z
sensor.plug_4_puissance,2.0,2026-08-09T04:04:46.133Z
sensor.plug_4_puissance,0.0,2026-08-09T04:05:53.152Z
sensor.plug_4_puissance,2.0,2026-08-09T04:05:58.153Z
sensor.plug_4_puissance,0.0,2026-08-09T04:06:12.151Z
sensor.plug_4_puissance,2.0,2026-08-09T04:06:17.152Z
sensor.plug_4_puissance,0.0,2026-08-09T04:09:09.172Z
sensor.plug_4_puissance,2.0,2026-08-09T04:09:14.162Z
sensor.plug_4_puissance,0.0,2026-08-09T04:09:51.174Z
sensor.plug_4_puissance,2.0,2026-08-09T04:09:56.176Z
sensor.plug_4_puissance,0.0,2026-08-09T04:10:29.174Z
sensor.plug_4_puissance,2.0,2026-08-09T04:10:34.174Z
sensor.plug_4_puissance,4.0,2026-08-09T04:11:44.190Z
sensor.plug_4_puissance,0.0,2026-08-09T04:11:49.188Z
sensor.plug_4_puissance,2.0,2026-08-09T04:11:54.180Z
sensor.plug_4_puissance,0.0,2026-08-09T04:12:08.189Z
sensor.plug_4_puissance,2.0,2026-08-09T04:12:15.188Z
sensor.plug_4_puissance,0.0,2026-08-09T04:12:23.181Z
sensor.plug_4_puissance,2.0,2026-08-09T04:12:28.181Z
sensor.plug_4_puissance,5.0,2026-08-09T04:12:33.181Z
sensor.plug_4_puissance,2.0,2026-08-09T04:12:38.183Z
sensor.plug_4_puissance,0.0,2026-08-09T04:12:55.984Z
sensor.plug_4_puissance,2.0,2026-08-09T04:13:01.194Z
sensor.plug_4_puissance,0.0,2026-08-09T04:13:08.186Z
sensor.plug_4_puissance,2.0,2026-08-09T04:13:13.186Z
sensor.plug_4_puissance,0.0,2026-08-09T04:13:18.187Z
sensor.plug_4_puissance,2.0,2026-08-09T04:13:35.196Z
sensor.plug_4_puissance,4.0,2026-08-09T04:13:41.187Z
sensor.plug_4_puissance,2.0,2026-08-09T04:13:46.187Z
sensor.plug_4_puissance,4.0,2026-08-09T04:13:52.203Z
sensor.plug_4_puissance,2.0,2026-08-09T04:13:57.199Z
sensor.plug_4_puissance,4.0,2026-08-09T04:14:13.190Z
sensor.plug_4_puissance,2.0,2026-08-09T04:14:18.191Z
sensor.plug_4_puissance,3.0,2026-08-09T04:14:47.201Z
sensor.plug_4_puissance,2.0,2026-08-09T04:14:52.193Z
sensor.plug_4_puissance,0.0,2026-08-09T04:14:57.201Z
sensor.plug_4_puissance,5.0,2026-08-09T04:15:02.201Z
sensor.plug_4_puissance,2.0,2026-08-09T04:15:07.202Z
sensor.plug_4_puissance,4.0,2026-08-09T04:15:15.195Z
sensor.plug_4_puissance,2.0,2026-08-09T04:15:20.196Z
sensor.plug_4_puissance,0.0,2026-08-09T04:15:42.206Z
sensor.plug_4_puissance,2.0,2026-08-09T04:15:47.206Z
sensor.plug_4_puissance,0.0,2026-08-09T04:16:23.210Z
sensor.plug_4_puissance,2.0,2026-08-09T04:16:26.583Z
sensor.plug_4_puissance,0.0,2026-08-09T04:16:45.209Z
sensor.plug_4_puissance,2.0,2026-08-09T04:16:50.209Z
sensor.plug_4_puissance,0.0,2026-08-09T04:16:55.210Z
sensor.plug_4_puissance,2.0,2026-08-09T04:17:01.213Z
sensor.plug_4_puissance,0.0,2026-08-09T04:17:13.203Z
sensor.plug_4_puissance,2.0,2026-08-09T04:17:18.204Z
sensor.plug_4_puissance,3.0,2026-08-09T04:17:28.204Z
sensor.plug_4_puissance,0.0,2026-08-09T04:17:33.205Z
sensor.plug_4_puissance,2.0,2026-08-09T04:17:38.205Z
sensor.plug_4_puissance,0.0,2026-08-09T04:17:48.214Z
sensor.plug_4_puissance,3.0,2026-08-09T04:17:50.855Z
sensor.plug_4_puissance,2.0,2026-08-09T04:17:58.217Z
sensor.plug_4_puissance,4.0,2026-08-09T04:18:03.210Z
sensor.plug_4_puissance,0.0,2026-08-09T04:18:08.218Z
sensor.plug_4_puissance,2.0,2026-08-09T04:18:13.218Z
sensor.plug_4_puissance,0.0,2026-08-09T04:18:28.217Z
sensor.plug_4_puissance,2.0,2026-08-09T04:18:32.977Z
sensor.plug_4_puissance,3.0,2026-08-09T04:18:38.220Z
sensor.plug_4_puissance,2.0,2026-08-09T04:18:45.212Z
sensor.plug_4_puissance,0.0,2026-08-09T04:18:53.221Z
sensor.plug_4_puissance,2.0,2026-08-09T04:19:01.221Z
sensor.plug_4_puissance,3.0,2026-08-09T04:19:09.216Z
sensor.plug_4_puissance,2.0,2026-08-09T04:19:14.223Z
sensor.plug_4_puissance,0.0,2026-08-09T04:19:21.216Z
sensor.plug_4_puissance,2.0,2026-08-09T04:19:26.216Z
sensor.plug_4_puissance,3.0,2026-08-09T04:19:43.217Z
sensor.plug_4_puissance,2.0,2026-08-09T04:19:48.219Z
sensor.plug_4_puissance,4.0,2026-08-09T04:19:54.230Z
sensor.plug_4_puissance,2.0,2026-08-09T04:19:59.221Z
sensor.plug_4_puissance,4.0,2026-08-09T04:20:19.224Z
sensor.plug_4_puissance,2.0,2026-08-09T04:20:24.224Z
sensor.plug_4_puissance,0.0,2026-08-09T04:20:39.224Z
sensor.plug_4_puissance,2.0,2026-08-09T04:20:44.225Z
sensor.plug_4_puissance,4.0,2026-08-09T04:20:49.226Z
sensor.plug_4_puissance,2.0,2026-08-09T04:20:54.227Z
sensor.plug_4_puissance,3.0,2026-08-09T04:21:11.229Z
sensor.plug_4_puissance,2.0,2026-08-09T04:21:16.229Z
sensor.plug_4_puissance,3.0,2026-08-09T04:21:23.236Z
sensor.plug_4_puissance,2.0,2026-08-09T04:21:28.238Z
sensor.plug_4_puissance,4.0,2026-08-09T04:22:08.231Z
sensor.plug_4_puissance,3.0,2026-08-09T04:22:13.233Z
sensor.plug_4_puissance,2.0,2026-08-09T04:22:18.235Z
sensor.plug_4_puissance,0.0,2026-08-09T04:22:29.244Z
sensor.plug_4_puissance,4.0,2026-08-09T04:22:34.242Z
sensor.plug_4_puissance,2.0,2026-08-09T04:22:39.236Z
sensor.plug_4_puissance,4.0,2026-08-09T04:22:47.237Z
sensor.plug_4_puissance,2.0,2026-08-09T04:22:52.238Z
sensor.plug_4_puissance,0.0,2026-08-09T04:22:57.238Z
sensor.plug_4_puissance,2.0,2026-08-09T04:23:02.237Z
sensor.plug_4_puissance,3.0,2026-08-09T04:23:15.238Z
sensor.plug_4_puissance,2.0,2026-08-09T04:23:20.239Z
sensor.plug_4_puissance,3.0,2026-08-09T04:23:41.249Z
sensor.plug_4_puissance,2.0,2026-08-09T04:23:46.252Z
sensor.plug_4_puissance,4.0,2026-08-09T04:23:51.251Z
sensor.plug_4_puissance,2.0,2026-08-09T04:23:57.243Z
sensor.plug_4_puissance,3.0,2026-08-09T04:24:02.243Z
sensor.plug_4_puissance,0.0,2026-08-09T04:24:07.244Z
sensor.plug_4_puissance,2.0,2026-08-09T04:24:13.252Z
sensor.plug_4_puissance,0.0,2026-08-09T04:24:18.253Z
sensor.plug_4_puissance,5.0,2026-08-09T04:24:23.253Z
sensor.plug_4_puissance,2.0,2026-08-09T04:24:28.254Z
sensor.plug_4_puissance,0.0,2026-08-09T04:24:55.258Z
sensor.plug_4_puissance,2.0,2026-08-09T04:25:00.259Z
sensor.plug_4_puissance,0.0,2026-08-09T04:25:21.264Z
sensor.plug_4_puissance,2.0,2026-08-09T04:25:26.261Z
sensor.plug_4_puissance,0.0,2026-08-09T04:25:31.261Z
sensor.plug_4_puissance,2.0,2026-08-09T04:25:34.160Z
sensor.plug_4_puissance,4.0,2026-08-09T04:26:02.262Z
sensor.plug_4_puissance,2.0,2026-08-09T04:26:07.265Z
sensor.plug_4_puissance,0.0,2026-08-09T04:26:23.258Z
sensor.plug_4_puissance,2.0,2026-08-09T04:26:28.258Z
sensor.plug_4_puissance,3.0,2026-08-09T04:26:33.259Z
sensor.plug_4_puissance,2.0,2026-08-09T04:26:38.259Z
sensor.plug_4_puissance,3.0,2026-08-09T04:26:43.259Z
sensor.plug_4_puissance,2.0,2026-08-09T04:26:48.268Z
sensor.plug_4_puissance,4.0,2026-08-09T04:27:31.277Z
sensor.plug_4_puissance,0.0,2026-08-09T04:27:36.276Z
sensor.plug_4_puissance,2.0,2026-08-09T04:27:42.277Z
sensor.plug_4_puissance,0.0,2026-08-09T04:28:18.080Z
sensor.plug_4_puissance,2.0,2026-08-09T04:28:22.634Z
sensor.plug_4_puissance,5.0,2026-08-09T04:28:51.084Z
sensor.plug_4_puissance,2.0,2026-08-09T04:28:56.081Z
sensor.plug_4_puissance,0.0,2026-08-09T04:29:14.083Z
sensor.plug_4_puissance,2.0,2026-08-09T04:29:19.088Z
sensor.plug_4_puissance,3.0,2026-08-09T04:29:24.076Z
sensor.plug_4_puissance,0.0,2026-08-09T04:29:29.084Z
sensor.plug_4_puissance,2.0,2026-08-09T04:29:34.085Z
sensor.plug_4_puissance,0.0,2026-08-09T04:29:44.086Z
sensor.plug_4_puissance,2.0,2026-08-09T04:29:49.087Z
sensor.plug_4_puissance,3.0,2026-08-09T04:29:54.078Z
sensor.plug_4_puissance,0.0,2026-08-09T04:29:59.087Z
sensor.plug_4_puissance,2.0,2026-08-09T04:30:07.087Z
sensor.plug_4_puissance,3.0,2026-08-09T04:30:22.081Z
sensor.plug_4_puissance,0.0,2026-08-09T04:30:28.985Z
sensor.plug_4_puissance,2.0,2026-08-09T04:30:34.079Z
sensor.plug_4_puissance,0.0,2026-08-09T04:30:44.084Z
sensor.plug_4_puissance,2.0,2026-08-09T04:30:49.084Z
sensor.plug_4_puissance,0.0,2026-08-09T04:30:58.085Z
sensor.plug_4_puissance,2.0,2026-08-09T04:31:03.087Z
sensor.plug_4_puissance,3.0,2026-08-09T04:31:20.096Z
sensor.plug_4_puissance,2.0,2026-08-09T04:31:25.097Z
sensor.plug_4_puissance,0.0,2026-08-09T04:31:43.097Z
sensor.plug_4_puissance,2.0,2026-08-09T04:31:48.097Z
sensor.plug_4_puissance,0.0,2026-08-09T04:32:06.089Z
sensor.plug_4_puissance,2.0,2026-08-09T04:32:11.090Z
sensor.plug_4_puissance,3.0,2026-08-09T04:32:18.090Z
sensor.plug_4_puissance,2.0,2026-08-09T04:32:23.090Z
sensor.plug_4_puissance,0.0,2026-08-09T04:32:28.091Z
sensor.plug_4_puissance,2.0,2026-08-09T04:32:33.091Z
sensor.plug_4_puissance,3.0,2026-08-09T04:32:52.094Z
sensor.plug_4_puissance,0.0,2026-08-09T04:32:57.093Z
sensor.plug_4_puissance,2.0,2026-08-09T04:33:02.095Z
sensor.plug_4_puissance,0.0,2026-08-09T04:33:07.096Z
sensor.plug_4_puissance,2.0,2026-08-09T04:33:19.104Z
sensor.plug_4_puissance,0.0,2026-08-09T04:33:24.106Z
sensor.plug_4_puissance,2.0,2026-08-09T04:33:29.117Z
sensor.plug_4_puissance,4.0,2026-08-09T04:33:34.108Z
sensor.plug_4_puissance,2.0,2026-08-09T04:33:39.102Z
sensor.plug_4_puissance,4.0,2026-08-09T04:33:44.108Z
sensor.plug_4_puissance,2.0,2026-08-09T04:33:49.108Z
sensor.plug_4_puissance,4.0,2026-08-09T04:34:06.100Z
sensor.plug_4_puissance,2.0,2026-08-09T04:34:11.115Z
sensor.plug_4_puissance,0.0,2026-08-09T04:34:17.110Z
sensor.plug_4_puissance,2.0,2026-08-09T04:34:22.114Z
sensor.plug_4_puissance,0.0,2026-08-09T04:35:03.112Z
sensor.plug_4_puissance,2.0,2026-08-09T04:35:11.113Z
sensor.plug_4_puissance,0.0,2026-08-09T04:35:27.113Z
sensor.plug_4_puissance,2.0,2026-08-09T04:35:32.112Z
sensor.plug_4_puissance,0.0,2026-08-09T04:35:42.111Z
sensor.plug_4_puissance,2.0,2026-08-09T04:35:50.115Z
sensor.plug_4_puissance,0.0,2026-08-09T04:36:13.122Z
sensor.plug_4_puissance,2.0,2026-08-09T04:36:20.118Z
sensor.plug_4_puissance,0.0,2026-08-09T04:36:36.121Z
sensor.plug_4_puissance,2.0,2026-08-09T04:36:41.120Z
sensor.plug_4_puissance,0.0,2026-08-09T04:36:46.119Z
sensor.plug_4_puissance,2.0,2026-08-09T04:36:48.047Z
sensor.plug_4_puissance,5.0,2026-08-09T04:36:51.120Z
sensor.plug_4_puissance,0.0,2026-08-09T04:36:56.120Z
sensor.plug_4_puissance,3.0,2026-08-09T04:37:01.123Z
sensor.plug_4_puissance,2.0,2026-08-09T04:37:06.111Z
sensor.plug_4_puissance,0.0,2026-08-09T04:37:19.127Z
sensor.plug_4_puissance,2.0,2026-08-09T04:37:24.123Z
sensor.plug_4_puissance,0.0,2026-08-09T04:37:29.123Z
sensor.plug_4_puissance,2.0,2026-08-09T04:37:30.167Z
sensor.plug_4_puissance,0.0,2026-08-09T04:37:39.123Z
sensor.plug_4_puissance,2.0,2026-08-09T04:37:44.123Z
sensor.plug_4_puissance,0.0,2026-08-09T04:37:54.122Z
sensor.plug_4_puissance,2.0,2026-08-09T04:37:59.121Z
sensor.plug_4_puissance,4.0,2026-08-09T04:38:26.125Z
sensor.plug_4_puissance,2.0,2026-08-09T04:38:31.124Z
sensor.plug_4_puissance,0.0,2026-08-09T04:39:24.122Z
sensor.plug_4_puissance,2.0,2026-08-09T04:39:29.132Z
sensor.plug_4_puissance,3.0,2026-08-09T04:40:21.125Z
sensor.plug_4_puissance,0.0,2026-08-09T04:40:26.125Z
sensor.plug_4_puissance,2.0,2026-08-09T04:40:31.125Z
sensor.plug_4_puissance,0.0,2026-08-09T04:40:36.134Z
sensor.plug_4_puissance,2.0,2026-08-09T04:40:41.136Z
sensor.plug_4_puissance,4.0,2026-08-09T04:40:51.125Z
sensor.plug_4_puissance,0.0,2026-08-09T04:40:56.125Z
sensor.plug_4_puissance,2.0,2026-08-09T04:41:00.764Z
sensor.plug_4_puissance,4.0,2026-08-09T04:41:09.125Z
sensor.plug_4_puissance,0.0,2026-08-09T04:41:14.126Z
sensor.plug_4_puissance,2.0,2026-08-09T04:41:19.127Z
sensor.plug_4_puissance,0.0,2026-08-09T04:41:24.127Z
sensor.plug_4_puissance,2.0,2026-08-09T04:41:33.128Z
sensor.plug_4_puissance,0.0,2026-08-09T04:42:03.132Z
sensor.plug_4_puissance,2.0,2026-08-09T04:42:08.131Z
sensor.plug_4_puissance,3.0,2026-08-09T04:42:13.131Z
sensor.plug_4_puissance,4.0,2026-08-09T04:42:18.131Z
sensor.plug_4_puissance,2.0,2026-08-09T04:42:23.132Z
sensor.plug_4_puissance,0.0,2026-08-09T04:42:28.129Z
sensor.plug_4_puissance,2.0,2026-08-09T04:42:33.132Z
sensor.plug_4_puissance,4.0,2026-08-09T04:42:55.134Z
sensor.plug_4_puissance,2.0,2026-08-09T04:43:00.134Z
sensor.plug_4_puissance,0.0,2026-08-09T04:43:07.140Z
sensor.plug_4_puissance,2.0,2026-08-09T04:43:12.142Z
sensor.plug_4_puissance,0.0,2026-08-09T04:43:22.142Z
sensor.plug_4_puissance,2.0,2026-08-09T04:43:30.142Z
sensor.plug_4_puissance,5.0,2026-08-09T04:43:40.131Z
sensor.plug_4_puissance,2.0,2026-08-09T04:43:45.135Z
sensor.plug_4_puissance,0.0,2026-08-09T04:43:59.147Z
sensor.plug_4_puissance,2.0,2026-08-09T04:44:04.149Z
sensor.plug_4_puissance,0.0,2026-08-09T04:44:56.154Z
sensor.plug_4_puissance,2.0,2026-08-09T04:45:01.154Z
sensor.plug_4_puissance,0.0,2026-08-09T04:45:08.146Z
sensor.plug_4_puissance,2.0,2026-08-09T04:45:13.147Z
sensor.plug_4_puissance,0.0,2026-08-09T04:45:44.153Z
sensor.plug_4_puissance,2.0,2026-08-09T04:45:49.154Z
sensor.plug_4_puissance,3.0,2026-08-09T04:46:08.147Z
sensor.plug_4_puissance,2.0,2026-08-09T04:46:13.148Z
sensor.plug_4_puissance,0.0,2026-08-09T04:46:34.164Z
sensor.plug_4_puissance,2.0,2026-08-09T04:46:37.760Z
sensor.plug_4_puissance,3.0,2026-08-09T04:46:44.163Z
sensor.plug_4_puissance,2.0,2026-08-09T04:46:49.169Z
sensor.plug_4_puissance,0.0,2026-08-09T04:48:09.167Z
sensor.plug_4_puissance,3.0,2026-08-09T04:48:14.172Z
sensor.plug_4_puissance,2.0,2026-08-09T04:48:19.169Z
sensor.plug_4_puissance,0.0,2026-08-09T04:48:39.161Z
sensor.plug_4_puissance,2.0,2026-08-09T04:48:44.126Z
sensor.plug_4_puissance,0.0,2026-08-09T04:49:14.162Z
sensor.plug_4_puissance,2.0,2026-08-09T04:49:19.163Z
sensor.plug_4_puissance,3.0,2026-08-09T04:49:33.164Z
sensor.plug_4_puissance,2.0,2026-08-09T04:49:38.165Z
sensor.plug_4_puissance,0.0,2026-08-09T04:49:55.175Z
sensor.plug_4_puissance,2.0,2026-08-09T04:50:00.176Z
sensor.plug_4_puissance,0.0,2026-08-09T04:50:10.180Z
sensor.plug_4_puissance,3.0,2026-08-09T04:50:15.177Z
sensor.plug_4_puissance,4.0,2026-08-09T04:50:20.167Z
sensor.plug_4_puissance,2.0,2026-08-09T04:50:25.167Z
sensor.plug_4_puissance,0.0,2026-08-09T04:50:44.178Z
sensor.plug_4_puissance,2.0,2026-08-09T04:50:49.178Z
sensor.plug_4_puissance,0.0,2026-08-09T04:51:07.180Z
sensor.plug_4_puissance,2.0,2026-08-09T04:51:12.180Z
sensor.plug_4_puissance,0.0,2026-08-09T04:51:25.179Z
sensor.plug_4_puissance,2.0,2026-08-09T04:51:30.178Z
sensor.plug_4_puissance,3.0,2026-08-09T04:52:11.180Z
sensor.plug_4_puissance,2.0,2026-08-09T04:52:14.720Z
sensor.plug_4_puissance,0.0,2026-08-09T04:53:01.188Z
sensor.plug_4_puissance,2.0,2026-08-09T04:53:09.181Z
sensor.plug_4_puissance,0.0,2026-08-09T04:53:40.186Z
sensor.plug_4_puissance,2.0,2026-08-09T04:53:45.187Z
sensor.plug_4_puissance,0.0,2026-08-09T04:54:06.188Z
sensor.plug_4_puissance,2.0,2026-08-09T04:54:11.187Z
sensor.plug_4_puissance,0.0,2026-08-09T04:54:52.181Z
sensor.plug_4_puissance,2.0,2026-08-09T04:55:00.186Z
sensor.plug_4_puissance,0.0,2026-08-09T04:55:38.190Z
sensor.plug_4_puissance,2.0,2026-08-09T04:55:43.189Z
sensor.plug_4_puissance,3.0,2026-08-09T04:56:01.184Z
sensor.plug_4_puissance,2.0,2026-08-09T04:56:08.192Z
sensor.plug_4_puissance,0.0,2026-08-09T04:56:35.196Z
sensor.plug_4_puissance,2.0,2026-08-09T04:56:40.197Z
sensor.plug_4_puissance,3.0,2026-08-09T04:56:45.196Z
sensor.plug_4_puissance,2.0,2026-08-09T04:56:50.195Z
sensor.plug_4_puissance,0.0,2026-08-09T04:57:28.195Z
sensor.plug_4_puissance,2.0,2026-08-09T04:57:33.196Z
sensor.plug_4_puissance,0.0,2026-08-09T04:57:55.211Z
sensor.plug_4_puissance,2.0,2026-08-09T04:58:00.207Z
sensor.plug_4_puissance,0.0,2026-08-09T04:58:14.209Z
sensor.plug_4_puissance,2.0,2026-08-09T04:58:22.208Z
sensor.plug_4_puissance,0.0,2026-08-09T04:59:46.219Z
sensor.plug_4_puissance,2.0,2026-08-09T04:59:51.216Z
sensor.plug_4_puissance,0.0,2026-08-09T05:01:06.224Z
sensor.plug_4_puissance,2.0,2026-08-09T05:01:11.224Z
sensor.plug_4_puissance,3.0,2026-08-09T05:02:14.223Z
sensor.plug_4_puissance,0.0,2026-08-09T05:02:19.226Z
sensor.plug_4_puissance,2.0,2026-08-09T05:02:24.225Z
sensor.plug_4_puissance,0.0,2026-08-09T05:03:22.236Z
sensor.plug_4_puissance,2.0,2026-08-09T05:03:27.235Z
sensor.plug_4_puissance,0.0,2026-08-09T05:04:08.231Z
sensor.plug_4_puissance,2.0,2026-08-09T05:04:13.231Z
sensor.plug_4_puissance,0.0,2026-08-09T05:04:23.232Z
sensor.plug_4_puissance,2.0,2026-08-09T05:04:28.233Z
sensor.plug_4_puissance,3.0,2026-08-09T05:13:41.304Z
sensor.plug_4_puissance,2.0,2026-08-09T05:13:46.304Z
sensor.plug_4_puissance,0.0,2026-08-09T05:14:04.318Z
sensor.plug_4_puissance,2.0,2026-08-09T05:14:09.317Z
sensor.plug_4_puissance,0.0,2026-08-09T05:24:23.191Z
sensor.plug_4_puissance,2.0,2026-08-09T05:24:28.188Z
sensor.plug_4_puissance,0.0,2026-08-09T05:25:50.185Z
sensor.plug_4_puissance,2.0,2026-08-09T05:25:58.194Z
sensor.plug_4_puissance,0.0,2026-08-09T05:26:17.194Z
sensor.plug_4_puissance,2.0,2026-08-09T05:26:22.193Z
sensor.plug_4_puissance,3.0,2026-08-09T05:28:40.203Z
sensor.plug_4_puissance,2.0,2026-08-09T05:28:44.991Z
sensor.plug_4_puissance,0.0,2026-08-09T05:30:37.228Z
sensor.plug_4_puissance,2.0,2026-08-09T05:30:42.225Z
sensor.plug_4_puissance,0.0,2026-08-09T05:35:17.255Z
sensor.plug_4_puissance,2.0,2026-08-09T05:35:22.252Z
sensor.plug_4_puissance,0.0,2026-08-09T05:35:28.262Z
sensor.plug_4_puissance,2.0,2026-08-09T05:35:33.261Z
sensor.plug_4_puissance,0.0,2026-08-09T05:36:48.268Z
sensor.plug_4_puissance,2.0,2026-08-09T05:36:53.269Z
sensor.plug_4_puissance,3.0,2026-08-09T05:37:11.263Z
sensor.plug_4_puissance,2.0,2026-08-09T05:37:16.264Z
sensor.plug_4_puissance,4.0,2026-08-09T05:42:30.313Z
sensor.plug_4_puissance,2.0,2026-08-09T05:42:35.313Z
sensor.plug_4_puissance,0.0,2026-08-09T05:43:04.325Z
sensor.plug_4_puissance,2.0,2026-08-09T05:43:11.324Z
sensor.plug_4_puissance,0.0,2026-08-09T05:43:22.327Z
sensor.plug_4_puissance,2.0,2026-08-09T05:43:27.338Z
sensor.plug_4_puissance,0.0,2026-08-09T05:43:57.329Z
sensor.plug_4_puissance,2.0,2026-08-09T05:44:02.327Z
sensor.plug_4_puissance,0.0,2026-08-09T05:44:50.327Z
sensor.plug_4_puissance,2.0,2026-08-09T05:44:53.750Z
sensor.plug_4_puissance,0.0,2026-08-09T05:45:05.324Z
sensor.plug_4_puissance,2.0,2026-08-09T05:45:10.328Z
sensor.plug_4_puissance,0.0,2026-08-09T05:46:06.343Z
sensor.plug_4_puissance,2.0,2026-08-09T05:46:11.344Z
sensor.plug_4_puissance,0.0,2026-08-09T05:46:17.996Z
sensor.plug_4_puissance,2.0,2026-08-09T05:46:23.338Z
sensor.plug_4_puissance,0.0,2026-08-09T05:46:56.333Z
sensor.plug_4_puissance,2.0,2026-08-09T05:47:00.123Z
sensor.plug_4_puissance,0.0,2026-08-09T05:48:22.349Z
sensor.plug_4_puissance,2.0,2026-08-09T05:48:27.349Z
sensor.plug_4_puissance,3.0,2026-08-09T05:48:52.349Z
sensor.plug_4_puissance,0.0,2026-08-09T05:48:57.350Z
sensor.plug_4_puissance,4.0,2026-08-09T05:49:02.347Z
sensor.plug_4_puissance,2.0,2026-08-09T05:49:06.467Z
sensor.plug_4_puissance,3.0,2026-08-09T05:49:15.351Z
sensor.plug_4_puissance,0.0,2026-08-09T05:49:20.343Z
sensor.plug_4_puissance,2.0,2026-08-09T05:49:25.343Z
sensor.plug_4_puissance,0.0,2026-08-09T05:50:26.346Z
sensor.plug_4_puissance,2.0,2026-08-09T05:50:30.704Z
sensor.plug_4_puissance,0.0,2026-08-09T05:51:38.348Z
sensor.plug_4_puissance,2.0,2026-08-09T05:51:43.349Z
sensor.plug_4_puissance,0.0,2026-08-09T05:52:00.359Z
sensor.plug_4_puissance,2.0,2026-08-09T05:52:05.356Z
sensor.plug_4_puissance,3.0,2026-08-09T05:52:53.351Z
sensor.plug_4_puissance,0.0,2026-08-09T05:53:00.351Z
sensor.plug_4_puissance,2.0,2026-08-09T05:53:05.351Z
sensor.plug_4_puissance,0.0,2026-08-09T05:53:19.172Z
sensor.plug_4_puissance,2.0,2026-08-09T05:53:24.365Z
sensor.plug_4_puissance,0.0,2026-08-09T05:53:50.363Z
sensor.plug_4_puissance,2.0,2026-08-09T05:53:55.364Z
sensor.plug_4_puissance,0.0,2026-08-09T05:54:06.353Z
sensor.plug_4_puissance,2.0,2026-08-09T05:54:11.354Z
sensor.plug_4_puissance,3.0,2026-08-09T05:54:44.364Z
sensor.plug_4_puissance,2.0,2026-08-09T05:54:49.361Z
sensor.plug_4_puissance,3.0,2026-08-09T05:55:11.368Z
sensor.plug_4_puissance,2.0,2026-08-09T05:55:16.359Z
sensor.plug_4_puissance,3.0,2026-08-09T05:55:41.161Z
sensor.plug_4_puissance,2.0,2026-08-09T05:55:46.161Z
sensor.plug_4_puissance,0.0,2026-08-09T05:56:46.175Z
sensor.plug_4_puissance,2.0,2026-08-09T05:56:51.169Z
sensor.plug_4_puissance,0.0,2026-08-09T05:58:02.166Z
sensor.plug_4_puissance,2.0,2026-08-09T05:58:10.174Z
sensor.plug_4_puissance,0.0,2026-08-09T05:59:08.178Z
sensor.plug_4_puissance,2.0,2026-08-09T05:59:13.169Z
sensor.plug_4_puissance,3.0,2026-08-09T06:00:01.179Z
sensor.plug_4_puissance,2.0,2026-08-09T06:00:06.179Z
sensor.plug_4_puissance,0.0,2026-08-09T06:00:35.182Z
sensor.plug_4_puissance,2.0,2026-08-09T06:00:40.183Z
sensor.plug_4_puissance,4.0,2026-08-09T06:00:59.175Z
sensor.plug_4_puissance,2.0,2026-08-09T06:01:02.460Z
sensor.plug_4_puissance,0.0,2026-08-09T06:01:18.184Z
sensor.plug_4_puissance,2.0,2026-08-09T06:01:23.190Z
sensor.plug_4_puissance,0.0,2026-08-09T06:01:33.190Z
sensor.plug_4_puissance,2.0,2026-08-09T06:01:38.186Z
sensor.plug_4_puissance,0.0,2026-08-09T06:02:51.193Z
sensor.plug_4_puissance,2.0,2026-08-09T06:02:56.189Z
sensor.plug_4_puissance,0.0,2026-08-09T06:03:18.187Z
sensor.plug_4_puissance,2.0,2026-08-09T06:03:25.188Z
sensor.plug_4_puissance,0.0,2026-08-09T06:04:18.188Z
sensor.plug_4_puissance,2.0,2026-08-09T06:04:25.190Z
sensor.plug_4_puissance,3.0,2026-08-09T06:04:30.180Z
sensor.plug_4_puissance,2.0,2026-08-09T06:04:33.078Z
sensor.plug_4_puissance,0.0,2026-08-09T06:04:48.190Z
sensor.plug_4_puissance,2.0,2026-08-09T06:04:53.190Z
sensor.plug_4_puissance,0.0,2026-08-09T06:05:00.192Z
sensor.plug_4_puissance,2.0,2026-08-09T06:05:05.193Z
sensor.plug_4_puissance,3.0,2026-08-09T06:05:12.183Z
sensor.plug_4_puissance,2.0,2026-08-09T06:05:15.201Z
sensor.plug_4_puissance,3.0,2026-08-09T06:05:28.193Z
sensor.plug_4_puissance,0.0,2026-08-09T06:05:33.193Z
sensor.plug_4_puissance,2.0,2026-08-09T06:05:38.190Z
sensor.plug_4_puissance,4.0,2026-08-09T06:05:47.193Z
sensor.plug_4_puissance,2.0,2026-08-09T06:05:52.185Z
sensor.plug_4_puissance,0.0,2026-08-09T06:06:06.194Z
sensor.plug_4_puissance,2.0,2026-08-09T06:06:11.196Z
sensor.plug_4_puissance,0.0,2026-08-09T06:06:18.196Z
sensor.plug_4_puissance,2.0,2026-08-09T06:06:23.196Z
sensor.plug_4_puissance,0.0,2026-08-09T06:06:36.196Z
sensor.plug_4_puissance,2.0,2026-08-09T06:06:41.196Z
sensor.plug_4_puissance,0.0,2026-08-09T06:06:46.195Z
sensor.plug_4_puissance,2.0,2026-08-09T06:06:51.197Z
sensor.plug_4_puissance,0.0,2026-08-09T06:07:18.197Z
sensor.plug_4_puissance,2.0,2026-08-09T06:07:23.197Z
sensor.plug_4_puissance,3.0,2026-08-09T06:07:37.199Z
sensor.plug_4_puissance,0.0,2026-08-09T06:07:42.200Z
sensor.plug_4_puissance,2.0,2026-08-09T06:07:47.190Z
sensor.plug_4_puissance,0.0,2026-08-09T06:07:55.201Z
sensor.plug_4_puissance,2.0,2026-08-09T06:08:00.200Z
sensor.plug_4_puissance,4.0,2026-08-09T06:08:05.192Z
sensor.plug_4_puissance,2.0,2026-08-09T06:08:10.190Z
sensor.plug_4_puissance,0.0,2026-08-09T06:08:15.192Z
sensor.plug_4_puissance,2.0,2026-08-09T06:08:20.192Z
sensor.plug_4_puissance,3.0,2026-08-09T06:08:32.193Z
sensor.plug_4_puissance,4.0,2026-08-09T06:08:38.195Z
sensor.plug_4_puissance,3.0,2026-08-09T06:08:43.196Z
sensor.plug_4_puissance,2.0,2026-08-09T06:08:45.797Z
sensor.plug_4_puissance,4.0,2026-08-09T06:09:10.212Z
sensor.plug_4_puissance,2.0,2026-08-09T06:09:15.196Z
sensor.plug_4_puissance,4.0,2026-08-09T06:09:26.197Z
sensor.plug_4_puissance,2.0,2026-08-09T06:09:31.197Z
sensor.plug_4_puissance,0.0,2026-08-09T06:10:03.210Z
sensor.plug_4_puissance,2.0,2026-08-09T06:10:08.207Z
sensor.plug_4_puissance,3.0,2026-08-09T06:10:36.198Z
sensor.plug_4_puissance,2.0,2026-08-09T06:10:42.200Z
sensor.plug_4_puissance,3.0,2026-08-09T06:10:47.200Z
sensor.plug_4_puissance,2.0,2026-08-09T06:10:52.152Z
sensor.plug_4_puissance,3.0,2026-08-09T06:11:38.213Z
sensor.plug_4_puissance,2.0,2026-08-09T06:11:43.215Z
sensor.plug_4_puissance,0.0,2026-08-09T06:12:25.212Z
sensor.plug_4_puissance,2.0,2026-08-09T06:12:30.214Z
sensor.plug_4_puissance,3.0,2026-08-09T06:12:55.216Z
sensor.plug_4_puissance,2.0,2026-08-09T06:13:00.226Z
sensor.plug_4_puissance,3.0,2026-08-09T06:13:52.222Z
sensor.plug_4_puissance,2.0,2026-08-09T06:13:57.229Z
sensor.plug_4_puissance,4.0,2026-08-09T06:14:54.227Z
sensor.plug_4_puissance,2.0,2026-08-09T06:14:59.227Z
sensor.plug_4_puissance,3.0,2026-08-09T06:15:09.228Z
sensor.plug_4_puissance,2.0,2026-08-09T06:15:14.227Z
sensor.plug_4_puissance,4.0,2026-08-09T06:16:05.233Z
sensor.plug_4_puissance,2.0,2026-08-09T06:16:10.244Z
sensor.plug_4_puissance,3.0,2026-08-09T06:16:35.236Z
sensor.plug_4_puissance,2.0,2026-08-09T06:16:42.237Z
sensor.plug_4_puissance,0.0,2026-08-09T06:18:15.256Z
sensor.plug_4_puissance,2.0,2026-08-09T06:18:20.256Z
sensor.plug_4_puissance,3.0,2026-08-09T06:19:12.253Z
sensor.plug_4_puissance,2.0,2026-08-09T06:19:17.250Z
sensor.plug_4_puissance,3.0,2026-08-09T06:20:04.254Z
sensor.plug_4_puissance,2.0,2026-08-09T06:20:09.256Z
sensor.plug_4_puissance,0.0,2026-08-09T06:20:29.258Z
sensor.plug_4_puissance,2.0,2026-08-09T06:20:34.258Z
sensor.plug_4_puissance,5.0,2026-08-09T06:21:02.260Z
sensor.plug_4_puissance,2.0,2026-08-09T06:21:07.263Z
sensor.plug_4_puissance,0.0,2026-08-09T06:21:17.264Z
sensor.plug_4_puissance,2.0,2026-08-09T06:21:22.264Z
sensor.plug_4_puissance,0.0,2026-08-09T06:22:20.277Z
sensor.plug_4_puissance,2.0,2026-08-09T06:22:25.281Z
sensor.plug_4_puissance,3.0,2026-08-09T06:22:38.272Z
sensor.plug_4_puissance,2.0,2026-08-09T06:22:43.275Z
sensor.plug_4_puissance,3.0,2026-08-09T06:22:48.189Z
sensor.plug_4_puissance,2.0,2026-08-09T06:22:53.276Z
sensor.plug_4_puissance,3.0,2026-08-09T06:23:11.285Z
sensor.plug_4_puissance,2.0,2026-08-09T06:23:16.286Z
sensor.plug_4_puissance,0.0,2026-08-09T06:23:38.278Z
sensor.plug_4_puissance,2.0,2026-08-09T06:23:43.278Z
sensor.plug_4_puissance,3.0,2026-08-09T06:25:11.289Z
sensor.plug_4_puissance,2.0,2026-08-09T06:25:16.289Z
sensor.plug_4_puissance,0.0,2026-08-09T06:25:21.290Z
sensor.plug_4_puissance,2.0,2026-08-09T06:25:26.290Z
sensor.plug_4_puissance,3.0,2026-08-09T06:25:56.292Z
sensor.plug_4_puissance,2.0,2026-08-09T06:26:01.292Z
sensor.plug_4_puissance,0.0,2026-08-09T06:26:15.302Z
sensor.plug_4_puissance,2.0,2026-08-09T06:26:18.765Z
sensor.plug_4_puissance,0.0,2026-08-09T06:26:27.309Z
sensor.plug_4_puissance,2.0,2026-08-09T06:26:32.309Z
sensor.plug_4_puissance,3.0,2026-08-09T06:26:56.304Z
sensor.plug_4_puissance,2.0,2026-08-09T06:27:00.889Z
sensor.plug_4_puissance,3.0,2026-08-09T06:27:10.298Z
sensor.plug_4_puissance,0.0,2026-08-09T06:27:18.307Z
sensor.plug_4_puissance,2.0,2026-08-09T06:27:23.306Z
sensor.plug_4_puissance,3.0,2026-08-09T06:27:40.300Z
sensor.plug_4_puissance,2.0,2026-08-09T06:27:45.301Z
sensor.plug_4_puissance,3.0,2026-08-09T06:28:40.304Z
sensor.plug_4_puissance,2.0,2026-08-09T06:28:45.304Z
sensor.plug_4_puissance,0.0,2026-08-09T06:28:50.305Z
sensor.plug_4_puissance,2.0,2026-08-09T06:28:55.305Z
sensor.plug_4_puissance,4.0,2026-08-09T06:29:02.307Z
sensor.plug_4_puissance,3.0,2026-08-09T06:29:07.244Z
sensor.plug_4_puissance,2.0,2026-08-09T06:29:12.307Z
sensor.plug_4_puissance,3.0,2026-08-09T06:29:17.306Z
sensor.plug_4_puissance,0.0,2026-08-09T06:29:24.320Z
sensor.plug_4_puissance,2.0,2026-08-09T06:29:29.321Z
sensor.plug_4_puissance,3.0,2026-08-09T06:29:43.310Z
sensor.plug_4_puissance,2.0,2026-08-09T06:29:48.309Z
sensor.plug_4_puissance,3.0,2026-08-09T06:29:53.310Z
sensor.plug_4_puissance,2.0,2026-08-09T06:29:58.312Z
sensor.plug_4_puissance,3.0,2026-08-09T06:30:34.312Z
sensor.plug_4_puissance,2.0,2026-08-09T06:30:39.313Z
sensor.plug_4_puissance,3.0,2026-08-09T06:30:44.312Z
sensor.plug_4_puissance,0.0,2026-08-09T06:30:49.312Z
sensor.plug_4_puissance,2.0,2026-08-09T06:30:54.316Z
sensor.plug_4_puissance,5.0,2026-08-09T06:30:59.312Z
sensor.plug_4_puissance,3.0,2026-08-09T06:31:04.312Z
sensor.plug_4_puissance,2.0,2026-08-09T06:31:09.314Z
sensor.plug_4_puissance,3.0,2026-08-09T06:31:32.315Z
sensor.plug_4_puissance,2.0,2026-08-09T06:31:37.313Z
sensor.plug_4_puissance,3.0,2026-08-09T06:31:42.314Z
sensor.plug_4_puissance,0.0,2026-08-09T06:31:47.314Z
sensor.plug_4_puissance,2.0,2026-08-09T06:31:52.315Z
sensor.plug_4_puissance,3.0,2026-08-09T06:32:23.316Z
sensor.plug_4_puissance,2.0,2026-08-09T06:32:28.311Z
sensor.plug_4_puissance,0.0,2026-08-09T06:32:42.327Z
sensor.plug_4_puissance,2.0,2026-08-09T06:32:47.326Z
sensor.plug_4_puissance,3.0,2026-08-09T06:32:52.326Z
sensor.plug_4_puissance,2.0,2026-08-09T06:32:57.327Z
sensor.plug_4_puissance,0.0,2026-08-09T06:33:39.333Z
sensor.plug_4_puissance,2.0,2026-08-09T06:33:44.333Z
sensor.plug_4_puissance,3.0,2026-08-09T06:34:08.324Z
sensor.plug_4_puissance,2.0,2026-08-09T06:34:15.324Z
sensor.plug_4_puissance,4.0,2026-08-09T06:35:16.325Z
sensor.plug_4_puissance,0.0,2026-08-09T06:35:21.329Z
sensor.plug_4_puissance,2.0,2026-08-09T06:35:26.299Z
sensor.plug_4_puissance,4.0,2026-08-09T06:36:16.342Z
sensor.plug_4_puissance,2.0,2026-08-09T06:36:21.342Z
sensor.plug_4_puissance,3.0,2026-08-09T06:36:27.342Z
sensor.plug_4_puissance,2.0,2026-08-09T06:36:32.343Z
sensor.plug_4_puissance,3.0,2026-08-09T06:36:42.336Z
sensor.plug_4_puissance,2.0,2026-08-09T06:36:47.337Z
sensor.plug_4_puissance,3.0,2026-08-09T06:36:50.531Z
sensor.plug_4_puissance,2.0,2026-08-09T06:36:57.337Z
sensor.plug_4_puissance,3.0,2026-08-09T06:37:18.339Z
sensor.plug_4_puissance,2.0,2026-08-09T06:37:23.339Z
sensor.plug_4_puissance,0.0,2026-08-09T06:37:36.349Z
sensor.plug_4_puissance,2.0,2026-08-09T06:37:41.349Z
sensor.plug_4_puissance,0.0,2026-08-09T06:37:56.349Z
sensor.plug_4_puissance,2.0,2026-08-09T06:38:01.349Z
sensor.plug_4_puissance,0.0,2026-08-09T06:38:37.353Z
sensor.plug_4_puissance,2.0,2026-08-09T06:38:42.353Z
sensor.plug_4_puissance,0.0,2026-08-09T06:39:11.353Z
sensor.plug_4_puissance,3.0,2026-08-09T06:39:16.356Z
sensor.plug_4_puissance,2.0,2026-08-09T06:39:21.347Z
sensor.plug_4_puissance,0.0,2026-08-09T06:39:26.355Z
sensor.plug_4_puissance,2.0,2026-08-09T06:39:34.355Z
sensor.plug_4_puissance,0.0,2026-08-09T06:39:39.015Z
sensor.plug_4_puissance,3.0,2026-08-09T06:39:44.356Z
sensor.plug_4_puissance,4.0,2026-08-09T06:39:49.348Z
sensor.plug_4_puissance,2.0,2026-08-09T06:39:54.348Z
sensor.plug_4_puissance,0.0,2026-08-09T06:39:59.348Z
sensor.plug_4_puissance,3.0,2026-08-09T06:40:04.348Z
sensor.plug_4_puissance,2.0,2026-08-09T06:40:09.348Z
sensor.plug_4_puissance,3.0,2026-08-09T06:40:24.348Z
sensor.plug_4_puissance,2.0,2026-08-09T06:40:29.349Z
sensor.plug_4_puissance,3.0,2026-08-09T06:40:34.350Z
sensor.plug_4_puissance,2.0,2026-08-09T06:40:39.350Z
sensor.plug_4_puissance,3.0,2026-08-09T06:41:04.352Z
sensor.plug_4_puissance,2.0,2026-08-09T06:41:09.352Z
sensor.plug_4_puissance,3.0,2026-08-09T06:41:25.354Z
sensor.plug_4_puissance,2.0,2026-08-09T06:41:30.351Z
sensor.plug_4_puissance,3.0,2026-08-09T06:41:35.353Z
sensor.plug_4_puissance,2.0,2026-08-09T06:41:40.353Z
sensor.plug_4_puissance,3.0,2026-08-09T06:41:53.365Z
sensor.plug_4_puissance,2.0,2026-08-09T06:41:58.362Z
sensor.plug_4_puissance,3.0,2026-08-09T06:42:38.364Z
sensor.plug_4_puissance,2.0,2026-08-09T06:42:43.366Z
sensor.plug_4_puissance,4.0,2026-08-09T06:42:54.373Z
sensor.plug_4_puissance,2.0,2026-08-09T06:42:59.371Z
sensor.plug_4_puissance,0.0,2026-08-09T06:43:10.367Z
sensor.plug_4_puissance,2.0,2026-08-09T06:43:15.368Z
sensor.plug_4_puissance,3.0,2026-08-09T06:43:27.366Z
sensor.plug_4_puissance,2.0,2026-08-09T06:43:34.367Z
sensor.plug_4_puissance,3.0,2026-08-09T06:44:00.375Z
sensor.plug_4_puissance,2.0,2026-08-09T06:44:05.376Z
sensor.plug_4_puissance,3.0,2026-08-09T06:44:11.379Z
sensor.plug_4_puissance,2.0,2026-08-09T06:44:16.380Z
sensor.plug_4_puissance,3.0,2026-08-09T06:44:36.384Z
sensor.plug_4_puissance,2.0,2026-08-09T06:44:41.385Z
sensor.plug_4_puissance,0.0,2026-08-09T06:44:46.383Z
sensor.plug_4_puissance,2.0,2026-08-09T06:44:51.384Z
sensor.plug_4_puissance,3.0,2026-08-09T06:44:56.385Z
sensor.plug_4_puissance,2.0,2026-08-09T06:45:01.385Z
sensor.plug_4_puissance,0.0,2026-08-09T06:45:06.386Z
sensor.plug_4_puissance,3.0,2026-08-09T06:45:11.380Z
sensor.plug_4_puissance,2.0,2026-08-09T06:45:21.379Z
sensor.plug_4_puissance,0.0,2026-08-09T06:45:48.381Z
sensor.plug_4_puissance,2.0,2026-08-09T06:45:53.381Z
sensor.plug_4_puissance,3.0,2026-08-09T06:46:20.382Z
sensor.plug_4_puissance,2.0,2026-08-09T06:46:25.383Z
sensor.plug_4_puissance,0.0,2026-08-09T06:47:13.389Z
sensor.plug_4_puissance,2.0,2026-08-09T06:47:18.390Z
sensor.plug_4_puissance,0.0,2026-08-09T06:49:27.406Z
sensor.plug_4_puissance,2.0,2026-08-09T06:49:32.405Z
sensor.plug_4_puissance,0.0,2026-08-09T06:50:02.419Z
sensor.plug_4_puissance,2.0,2026-08-09T06:50:07.419Z
sensor.plug_4_puissance,3.0,2026-08-09T06:50:14.418Z
sensor.plug_4_puissance,2.0,2026-08-09T06:50:19.418Z
sensor.plug_4_puissance,0.0,2026-08-09T06:51:53.227Z
sensor.plug_4_puissance,2.0,2026-08-09T06:51:58.227Z
sensor.plug_4_puissance,0.0,2026-08-09T06:52:04.228Z
sensor.plug_4_puissance,2.0,2026-08-09T06:52:09.228Z
sensor.plug_4_puissance,3.0,2026-08-09T06:52:41.221Z
sensor.plug_4_puissance,2.0,2026-08-09T06:52:46.221Z
sensor.plug_4_puissance,0.0,2026-08-09T06:52:51.222Z
sensor.plug_4_puissance,2.0,2026-08-09T06:52:56.223Z
sensor.plug_4_puissance,0.0,2026-08-09T06:53:08.233Z
sensor.plug_4_puissance,2.0,2026-08-09T06:53:13.233Z
sensor.plug_4_puissance,3.0,2026-08-09T06:53:18.224Z
sensor.plug_4_puissance,0.0,2026-08-09T06:53:23.224Z
sensor.plug_4_puissance,2.0,2026-08-09T06:53:28.224Z
sensor.plug_4_puissance,0.0,2026-08-09T06:53:49.236Z
sensor.plug_4_puissance,2.0,2026-08-09T06:53:54.235Z
sensor.plug_4_puissance,3.0,2026-08-09T06:53:59.227Z
sensor.plug_4_puissance,2.0,2026-08-09T06:54:04.227Z
sensor.plug_4_puissance,3.0,2026-08-09T06:54:09.228Z
sensor.plug_4_puissance,2.0,2026-08-09T06:54:14.230Z
sensor.plug_4_puissance,0.0,2026-08-09T06:54:30.235Z
sensor.plug_4_puissance,2.0,2026-08-09T06:54:35.238Z
sensor.plug_4_puissance,0.0,2026-08-09T06:54:42.238Z
sensor.plug_4_puissance,2.0,2026-08-09T06:54:47.237Z
sensor.plug_4_puissance,0.0,2026-08-09T06:55:41.231Z
sensor.plug_4_puissance,2.0,2026-08-09T06:55:46.231Z
sensor.plug_4_puissance,0.0,2026-08-09T06:55:53.239Z
sensor.plug_4_puissance,2.0,2026-08-09T06:55:58.239Z
sensor.plug_4_puissance,3.0,2026-08-09T06:56:15.236Z
sensor.plug_4_puissance,2.0,2026-08-09T06:56:20.233Z
sensor.plug_4_puissance,4.0,2026-08-09T06:56:25.234Z
sensor.plug_4_puissance,2.0,2026-08-09T06:56:29.858Z
sensor.plug_4_puissance,0.0,2026-08-09T06:56:41.245Z
sensor.plug_4_puissance,3.0,2026-08-09T06:56:46.245Z
sensor.plug_4_puissance,2.0,2026-08-09T06:56:56.236Z
sensor.plug_4_puissance,0.0,2026-08-09T06:57:07.247Z
sensor.plug_4_puissance,2.0,2026-08-09T06:57:11.987Z
sensor.plug_4_puissance,0.0,2026-08-09T06:57:18.251Z
sensor.plug_4_puissance,2.0,2026-08-09T06:57:23.248Z
sensor.plug_4_puissance,3.0,2026-08-09T06:57:37.239Z
sensor.plug_4_puissance,4.0,2026-08-09T06:57:43.245Z
sensor.plug_4_puissance,2.0,2026-08-09T06:57:48.247Z
sensor.plug_4_puissance,0.0,2026-08-09T06:57:58.253Z
sensor.plug_4_puissance,2.0,2026-08-09T06:58:03.253Z
sensor.plug_4_puissance,0.0,2026-08-09T06:58:08.254Z
sensor.plug_4_puissance,2.0,2026-08-09T06:58:13.250Z
sensor.plug_4_puissance,0.0,2026-08-09T06:58:52.242Z
sensor.plug_4_puissance,2.0,2026-08-09T06:58:57.242Z
sensor.plug_4_puissance,3.0,2026-08-09T06:59:02.242Z
sensor.plug_4_puissance,2.0,2026-08-09T06:59:07.241Z
sensor.plug_4_puissance,3.0,2026-08-09T06:59:50.244Z
sensor.plug_4_puissance,4.0,2026-08-09T06:59:55.244Z
sensor.plug_4_puissance,2.0,2026-08-09T07:00:00.245Z
sensor.plug_4_puissance,4.0,2026-08-09T07:00:56.246Z
sensor.plug_4_puissance,0.0,2026-08-09T07:01:03.260Z
sensor.plug_4_puissance,3.0,2026-08-09T07:01:08.257Z
sensor.plug_4_puissance,2.0,2026-08-09T07:01:13.257Z
sensor.plug_4_puissance,4.0,2026-08-09T07:01:19.249Z
sensor.plug_4_puissance,2.0,2026-08-09T07:01:24.250Z
sensor.plug_4_puissance,3.0,2026-08-09T07:01:29.251Z
sensor.plug_4_puissance,2.0,2026-08-09T07:01:34.249Z
sensor.plug_4_puissance,0.0,2026-08-09T07:01:41.259Z
sensor.plug_4_puissance,2.0,2026-08-09T07:01:46.259Z
sensor.plug_4_puissance,0.0,2026-08-09T07:02:15.259Z
sensor.plug_4_puissance,2.0,2026-08-09T07:02:20.259Z
sensor.plug_4_puissance,3.0,2026-08-09T07:02:31.252Z
sensor.plug_4_puissance,2.0,2026-08-09T07:02:36.252Z
sensor.plug_4_puissance,3.0,2026-08-09T07:02:45.256Z
sensor.plug_4_puissance,2.0,2026-08-09T07:02:48.927Z
sensor.plug_4_puissance,5.0,2026-08-09T07:02:56.253Z
sensor.plug_4_puissance,2.0,2026-08-09T07:03:01.253Z
sensor.plug_4_puissance,4.0,2026-08-09T07:03:07.253Z
sensor.plug_4_puissance,2.0,2026-08-09T07:03:12.253Z
sensor.plug_4_puissance,0.0,2026-08-09T07:03:22.256Z
sensor.plug_4_puissance,2.0,2026-08-09T07:03:27.262Z
sensor.plug_4_puissance,0.0,2026-08-09T07:03:42.269Z
sensor.plug_4_puissance,2.0,2026-08-09T07:03:47.265Z
sensor.plug_4_puissance,3.0,2026-08-09T07:04:43.255Z
sensor.plug_4_puissance,2.0,2026-08-09T07:04:48.255Z
sensor.plug_4_puissance,3.0,2026-08-09T07:06:19.260Z
sensor.plug_4_puissance,0.0,2026-08-09T07:06:24.260Z
sensor.plug_4_puissance,2.0,2026-08-09T07:06:29.260Z
sensor.plug_4_puissance,0.0,2026-08-09T07:06:50.270Z
sensor.plug_4_puissance,2.0,2026-08-09T07:06:55.269Z
sensor.plug_4_puissance,3.0,2026-08-09T07:07:07.262Z
sensor.plug_4_puissance,2.0,2026-08-09T07:07:13.262Z
sensor.plug_4_puissance,0.0,2026-08-09T07:08:07.265Z
sensor.plug_4_puissance,2.0,2026-08-09T07:08:12.265Z
sensor.plug_4_puissance,0.0,2026-08-09T07:09:10.279Z
sensor.plug_4_puissance,2.0,2026-08-09T07:09:15.279Z
sensor.plug_4_puissance,4.0,2026-08-09T07:09:32.268Z
sensor.plug_4_puissance,2.0,2026-08-09T07:09:37.268Z
sensor.plug_4_puissance,3.0,2026-08-09T07:09:42.269Z
sensor.plug_4_puissance,2.0,2026-08-09T07:09:47.272Z
sensor.plug_4_puissance,0.0,2026-08-09T07:09:58.278Z
sensor.plug_4_puissance,2.0,2026-08-09T07:10:03.280Z
sensor.plug_4_puissance,0.0,2026-08-09T07:10:14.273Z
sensor.plug_4_puissance,2.0,2026-08-09T07:10:19.273Z
sensor.plug_4_puissance,4.0,2026-08-09T07:10:24.275Z
sensor.plug_4_puissance,2.0,2026-08-09T07:10:29.278Z
sensor.plug_4_puissance,0.0,2026-08-09T07:10:32.251Z
sensor.plug_4_puissance,2.0,2026-08-09T07:10:39.276Z
sensor.plug_4_puissance,0.0,2026-08-09T07:10:46.286Z
sensor.plug_4_puissance,3.0,2026-08-09T07:10:53.285Z
sensor.plug_4_puissance,2.0,2026-08-09T07:10:58.276Z
sensor.plug_4_puissance,4.0,2026-08-09T07:11:03.276Z
sensor.plug_4_puissance,2.0,2026-08-09T07:11:08.276Z
sensor.plug_4_puissance,3.0,2026-08-09T07:11:26.276Z
sensor.plug_4_puissance,2.0,2026-08-09T07:11:31.277Z
sensor.plug_4_puissance,3.0,2026-08-09T07:11:41.277Z
sensor.plug_4_puissance,0.0,2026-08-09T07:11:46.277Z
sensor.plug_4_puissance,2.0,2026-08-09T07:11:51.279Z
sensor.plug_4_puissance,0.0,2026-08-09T07:11:58.294Z
sensor.plug_4_puissance,2.0,2026-08-09T07:12:03.295Z
sensor.plug_4_puissance,4.0,2026-08-09T07:14:03.295Z
sensor.plug_4_puissance,2.0,2026-08-09T07:14:08.296Z
sensor.plug_4_puissance,3.0,2026-08-09T07:14:18.297Z
sensor.plug_4_puissance,0.0,2026-08-09T07:14:23.297Z
sensor.plug_4_puissance,2.0,2026-08-09T07:14:28.293Z
sensor.plug_4_puissance,0.0,2026-08-09T07:14:33.304Z
sensor.plug_4_puissance,2.0,2026-08-09T07:14:38.300Z
sensor.plug_4_puissance,0.0,2026-08-09T07:14:48.300Z
sensor.plug_4_puissance,2.0,2026-08-09T07:14:53.299Z
sensor.plug_4_puissance,0.0,2026-08-09T07:15:03.299Z
sensor.plug_4_puissance,2.0,2026-08-09T07:15:08.301Z
sensor.plug_4_puissance,3.0,2026-08-09T07:16:05.298Z
sensor.plug_4_puissance,2.0,2026-08-09T07:16:09.216Z
sensor.plug_4_puissance,0.0,2026-08-09T07:17:15.318Z
sensor.plug_4_puissance,2.0,2026-08-09T07:17:20.318Z
sensor.plug_4_puissance,0.0,2026-08-09T07:17:25.315Z
sensor.plug_4_puissance,2.0,2026-08-09T07:17:30.317Z
sensor.plug_4_puissance,3.0,2026-08-09T07:18:01.311Z
sensor.plug_4_puissance,0.0,2026-08-09T07:18:06.311Z
sensor.plug_4_puissance,2.0,2026-08-09T07:18:11.311Z
sensor.plug_4_puissance,0.0,2026-08-09T07:18:39.322Z
sensor.plug_4_puissance,2.0,2026-08-09T07:18:44.322Z
sensor.plug_4_puissance,0.0,2026-08-09T07:18:51.315Z
sensor.plug_4_puissance,2.0,2026-08-09T07:18:56.316Z
sensor.plug_4_puissance,3.0,2026-08-09T07:19:01.316Z
sensor.plug_4_puissance,2.0,2026-08-09T07:19:06.316Z
sensor.plug_4_puissance,3.0,2026-08-09T07:19:12.316Z
sensor.plug_4_puissance,2.0,2026-08-09T07:19:17.316Z
sensor.plug_4_puissance,0.0,2026-08-09T07:19:24.324Z
sensor.plug_4_puissance,2.0,2026-08-09T07:19:29.326Z
sensor.plug_4_puissance,4.0,2026-08-09T07:19:35.328Z
sensor.plug_4_puissance,2.0,2026-08-09T07:19:39.809Z
sensor.plug_4_puissance,0.0,2026-08-09T07:20:02.321Z
sensor.plug_4_puissance,2.0,2026-08-09T07:20:07.322Z
sensor.plug_4_puissance,3.0,2026-08-09T07:20:13.323Z
sensor.plug_4_puissance,0.0,2026-08-09T07:20:18.322Z
sensor.plug_4_puissance,2.0,2026-08-09T07:20:21.930Z
sensor.plug_4_puissance,0.0,2026-08-09T07:20:46.333Z
sensor.plug_4_puissance,2.0,2026-08-09T07:20:51.334Z
sensor.plug_4_puissance,0.0,2026-08-09T07:21:09.334Z
sensor.plug_4_puissance,2.0,2026-08-09T07:21:14.335Z
sensor.plug_4_puissance,0.0,2026-08-09T07:21:40.336Z
sensor.plug_4_puissance,2.0,2026-08-09T07:21:45.337Z
sensor.plug_4_puissance,3.0,2026-08-09T07:21:50.329Z
sensor.plug_4_puissance,2.0,2026-08-09T07:21:55.329Z
sensor.plug_4_puissance,0.0,2026-08-09T07:22:07.337Z
sensor.plug_4_puissance,2.0,2026-08-09T07:22:12.341Z
sensor.plug_4_puissance,4.0,2026-08-09T07:22:29.328Z
sensor.plug_4_puissance,3.0,2026-08-09T07:22:34.333Z
sensor.plug_4_puissance,2.0,2026-08-09T07:22:39.333Z
sensor.plug_4_puissance,4.0,2026-08-09T07:22:50.342Z
sensor.plug_4_puissance,2.0,2026-08-09T07:22:55.342Z
sensor.plug_4_puissance,0.0,2026-08-09T07:23:05.343Z
sensor.plug_4_puissance,2.0,2026-08-09T07:23:10.347Z
sensor.plug_4_puissance,0.0,2026-08-09T07:23:21.336Z
sensor.plug_4_puissance,2.0,2026-08-09T07:23:26.336Z
sensor.plug_4_puissance,3.0,2026-08-09T07:23:32.337Z
sensor.plug_4_puissance,2.0,2026-08-09T07:23:37.337Z
sensor.plug_4_puissance,5.0,2026-08-09T07:23:46.348Z
sensor.plug_4_puissance,3.0,2026-08-09T07:23:51.348Z
sensor.plug_4_puissance,0.0,2026-08-09T07:23:57.349Z
sensor.plug_4_puissance,2.0,2026-08-09T07:24:02.349Z
sensor.plug_4_puissance,3.0,2026-08-09T07:24:07.341Z
sensor.plug_4_puissance,2.0,2026-08-09T07:24:12.342Z
sensor.plug_4_puissance,4.0,2026-08-09T07:24:30.349Z
sensor.plug_4_puissance,3.0,2026-08-09T07:24:36.343Z
sensor.plug_4_puissance,2.0,2026-08-09T07:24:41.343Z
sensor.plug_4_puissance,3.0,2026-08-09T07:24:47.351Z
sensor.plug_4_puissance,2.0,2026-08-09T07:24:52.340Z
sensor.plug_4_puissance,0.0,2026-08-09T07:24:57.344Z
sensor.plug_4_puissance,2.0,2026-08-09T07:25:02.344Z
sensor.plug_4_puissance,0.0,2026-08-09T07:25:30.356Z
sensor.plug_4_puissance,2.0,2026-08-09T07:25:35.361Z
sensor.plug_4_puissance,3.0,2026-08-09T07:25:52.347Z
sensor.plug_4_puissance,2.0,2026-08-09T07:25:57.357Z
sensor.plug_4_puissance,0.0,2026-08-09T07:26:07.359Z
sensor.plug_4_puissance,2.0,2026-08-09T07:26:12.357Z
sensor.plug_4_puissance,4.0,2026-08-09T07:26:25.357Z
sensor.plug_4_puissance,2.0,2026-08-09T07:26:30.358Z
sensor.plug_4_puissance,0.0,2026-08-09T07:26:35.357Z
sensor.plug_4_puissance,2.0,2026-08-09T07:26:40.358Z
sensor.plug_4_puissance,4.0,2026-08-09T07:27:05.351Z
sensor.plug_4_puissance,2.0,2026-08-09T07:27:10.351Z
sensor.plug_4_puissance,4.0,2026-08-09T07:27:16.359Z
sensor.plug_4_puissance,2.0,2026-08-09T07:27:21.359Z
sensor.plug_4_puissance,3.0,2026-08-09T07:27:42.352Z
sensor.plug_4_puissance,2.0,2026-08-09T07:27:47.351Z
sensor.plug_4_puissance,4.0,2026-08-09T07:28:25.355Z
sensor.plug_4_puissance,2.0,2026-08-09T07:28:30.357Z
sensor.plug_4_puissance,4.0,2026-08-09T07:28:46.367Z
sensor.plug_4_puissance,2.0,2026-08-09T07:28:53.353Z
sensor.plug_4_puissance,0.0,2026-08-09T07:29:07.363Z
sensor.plug_4_puissance,4.0,2026-08-09T07:29:12.366Z
sensor.plug_4_puissance,2.0,2026-08-09T07:29:17.360Z
sensor.plug_4_puissance,0.0,2026-08-09T07:29:29.368Z
sensor.plug_4_puissance,2.0,2026-08-09T07:29:34.369Z
sensor.plug_4_puissance,3.0,2026-08-09T07:29:39.370Z
sensor.plug_4_puissance,2.0,2026-08-09T07:29:44.362Z
sensor.plug_4_puissance,0.0,2026-08-09T07:29:49.361Z
sensor.plug_4_puissance,4.0,2026-08-09T07:29:54.357Z
sensor.plug_4_puissance,2.0,2026-08-09T07:29:59.362Z
sensor.plug_4_puissance,3.0,2026-08-09T07:30:06.363Z
sensor.plug_4_puissance,2.0,2026-08-09T07:30:11.363Z
sensor.plug_4_puissance,0.0,2026-08-09T07:30:19.375Z
sensor.plug_4_puissance,2.0,2026-08-09T07:30:24.370Z
sensor.plug_4_puissance,3.0,2026-08-09T07:30:29.375Z
sensor.plug_4_puissance,0.0,2026-08-09T07:30:34.375Z
sensor.plug_4_puissance,2.0,2026-08-09T07:30:39.376Z
sensor.plug_4_puissance,0.0,2026-08-09T07:30:50.376Z
sensor.plug_4_puissance,2.0,2026-08-09T07:30:53.743Z
sensor.plug_4_puissance,3.0,2026-08-09T07:31:00.369Z
sensor.plug_4_puissance,2.0,2026-08-09T07:31:08.376Z
sensor.plug_4_puissance,5.0,2026-08-09T07:31:18.381Z
sensor.plug_4_puissance,3.0,2026-08-09T07:31:23.381Z
sensor.plug_4_puissance,2.0,2026-08-09T07:31:28.377Z
sensor.plug_4_puissance,4.0,2026-08-09T07:31:40.375Z
sensor.plug_4_puissance,2.0,2026-08-09T07:31:45.375Z
sensor.plug_4_puissance,5.0,2026-08-09T07:31:50.383Z
sensor.plug_4_puissance,0.0,2026-08-09T07:31:55.385Z
sensor.plug_4_puissance,2.0,2026-08-09T07:32:02.391Z
sensor.plug_4_puissance,4.0,2026-08-09T07:32:15.376Z
sensor.plug_4_puissance,2.0,2026-08-09T07:32:20.377Z
sensor.plug_4_puissance,3.0,2026-08-09T07:32:25.377Z
sensor.plug_4_puissance,2.0,2026-08-09T07:32:30.377Z
sensor.plug_4_puissance,4.0,2026-08-09T07:32:54.381Z
sensor.plug_4_puissance,2.0,2026-08-09T07:32:59.383Z
sensor.plug_4_puissance,5.0,2026-08-09T07:33:05.383Z
sensor.plug_4_puissance,2.0,2026-08-09T07:33:10.383Z
sensor.plug_4_puissance,3.0,2026-08-09T07:33:19.391Z
sensor.plug_4_puissance,0.0,2026-08-09T07:33:24.394Z
sensor.plug_4_puissance,3.0,2026-08-09T07:33:29.393Z
sensor.plug_4_puissance,2.0,2026-08-09T07:33:34.393Z
sensor.plug_4_puissance,4.0,2026-08-09T07:33:39.396Z
sensor.plug_4_puissance,2.0,2026-08-09T07:33:44.386Z
sensor.plug_4_puissance,0.0,2026-08-09T07:34:07.397Z
sensor.plug_4_puissance,4.0,2026-08-09T07:34:12.398Z
sensor.plug_4_puissance,0.0,2026-08-09T07:34:17.397Z
sensor.plug_4_puissance,2.0,2026-08-09T07:34:22.398Z
sensor.plug_4_puissance,0.0,2026-08-09T07:34:29.399Z
sensor.plug_4_puissance,2.0,2026-08-09T07:34:34.399Z
sensor.plug_4_puissance,4.0,2026-08-09T07:34:51.392Z
sensor.plug_4_puissance,0.0,2026-08-09T07:34:56.392Z
sensor.plug_4_puissance,2.0,2026-08-09T07:35:01.395Z
sensor.plug_4_puissance,0.0,2026-08-09T07:35:06.393Z
sensor.plug_4_puissance,2.0,2026-08-09T07:35:11.396Z
sensor.plug_4_puissance,0.0,2026-08-09T07:35:45.409Z
sensor.plug_4_puissance,5.0,2026-08-09T07:35:48.599Z
sensor.plug_4_puissance,2.0,2026-08-09T07:35:55.408Z
sensor.plug_4_puissance,5.0,2026-08-09T07:36:03.409Z
sensor.plug_4_puissance,2.0,2026-08-09T07:36:08.410Z
sensor.plug_4_puissance,3.0,2026-08-09T07:36:13.409Z
sensor.plug_4_puissance,0.0,2026-08-09T07:36:18.410Z
sensor.plug_4_puissance,3.0,2026-08-09T07:36:23.411Z
sensor.plug_4_puissance,2.0,2026-08-09T07:36:28.410Z
sensor.plug_4_puissance,0.0,2026-08-09T07:36:40.403Z
sensor.plug_4_puissance,5.0,2026-08-09T07:36:45.413Z
sensor.plug_4_puissance,0.0,2026-08-09T07:36:50.412Z
sensor.plug_4_puissance,4.0,2026-08-09T07:36:55.407Z
sensor.plug_4_puissance,2.0,2026-08-09T07:37:00.406Z
sensor.plug_4_puissance,3.0,2026-08-09T07:37:11.408Z
sensor.plug_4_puissance,0.0,2026-08-09T07:37:16.409Z
sensor.plug_4_puissance,4.0,2026-08-09T07:37:21.408Z
sensor.plug_4_puissance,2.0,2026-08-09T07:37:26.410Z
sensor.plug_4_puissance,0.0,2026-08-09T07:37:37.425Z
sensor.plug_4_puissance,3.0,2026-08-09T07:37:45.419Z
sensor.plug_4_puissance,0.0,2026-08-09T07:37:50.420Z
sensor.plug_4_puissance,3.0,2026-08-09T07:37:54.971Z
sensor.plug_4_puissance,2.0,2026-08-09T07:38:00.422Z
sensor.plug_4_puissance,0.0,2026-08-09T07:38:13.424Z
sensor.plug_4_puissance,3.0,2026-08-09T07:38:18.424Z
sensor.plug_4_puissance,2.0,2026-08-09T07:38:23.424Z
sensor.plug_4_puissance,3.0,2026-08-09T07:38:30.424Z
sensor.plug_4_puissance,2.0,2026-08-09T07:38:35.417Z
sensor.plug_4_puissance,3.0,2026-08-09T07:38:40.418Z
sensor.plug_4_puissance,2.0,2026-08-09T07:38:45.417Z
sensor.plug_4_puissance,5.0,2026-08-09T07:38:50.419Z
sensor.plug_4_puissance,2.0,2026-08-09T07:38:55.418Z
sensor.plug_4_puissance,0.0,2026-08-09T07:39:29.423Z
sensor.plug_4_puissance,2.0,2026-08-09T07:39:34.424Z
sensor.plug_4_puissance,4.0,2026-08-09T07:39:41.425Z
sensor.plug_4_puissance,0.0,2026-08-09T07:39:47.436Z
sensor.plug_4_puissance,2.0,2026-08-09T07:39:52.436Z
sensor.plug_4_puissance,0.0,2026-08-09T07:39:57.436Z
sensor.plug_4_puissance,2.0,2026-08-09T07:40:01.325Z
sensor.plug_4_puissance,0.0,2026-08-09T07:40:29.441Z
sensor.plug_4_puissance,2.0,2026-08-09T07:40:34.444Z
sensor.plug_4_puissance,0.0,2026-08-09T07:40:39.439Z
sensor.plug_4_puissance,2.0,2026-08-09T07:40:43.449Z
sensor.plug_4_puissance,5.0,2026-08-09T07:41:00.441Z
sensor.plug_4_puissance,2.0,2026-08-09T07:41:05.446Z
sensor.plug_4_puissance,3.0,2026-08-09T07:41:10.445Z
sensor.plug_4_puissance,0.0,2026-08-09T07:41:15.444Z
sensor.plug_4_puissance,2.0,2026-08-09T07:41:20.445Z
sensor.plug_4_puissance,3.0,2026-08-09T07:41:34.436Z
sensor.plug_4_puissance,0.0,2026-08-09T07:41:39.435Z
sensor.plug_4_puissance,3.0,2026-08-09T07:41:44.436Z
sensor.plug_4_puissance,0.0,2026-08-09T07:41:49.435Z
sensor.plug_4_puissance,2.0,2026-08-09T07:41:54.436Z
sensor.plug_4_puissance,4.0,2026-08-09T07:42:17.437Z
sensor.plug_4_puissance,2.0,2026-08-09T07:42:22.446Z
sensor.plug_4_puissance,0.0,2026-08-09T07:42:44.445Z
sensor.plug_4_puissance,2.0,2026-08-09T07:42:49.448Z
sensor.plug_4_puissance,3.0,2026-08-09T07:43:09.437Z
sensor.plug_4_puissance,2.0,2026-08-09T07:43:14.438Z
sensor.plug_4_puissance,0.0,2026-08-09T07:43:31.457Z
sensor.plug_4_puissance,2.0,2026-08-09T07:43:36.451Z
sensor.plug_4_puissance,0.0,2026-08-09T07:43:46.448Z
sensor.plug_4_puissance,2.0,2026-08-09T07:43:51.450Z
sensor.plug_4_puissance,0.0,2026-08-09T07:44:09.441Z
sensor.plug_4_puissance,2.0,2026-08-09T07:44:14.048Z
sensor.plug_4_puissance,4.0,2026-08-09T07:44:23.442Z
sensor.plug_4_puissance,2.0,2026-08-09T07:44:28.443Z
sensor.plug_4_puissance,4.0,2026-08-09T07:44:37.443Z
sensor.plug_4_puissance,5.0,2026-08-09T07:44:42.453Z
sensor.plug_4_puissance,2.0,2026-08-09T07:44:47.444Z
sensor.plug_4_puissance,4.0,2026-08-09T07:45:04.445Z
sensor.plug_4_puissance,2.0,2026-08-09T07:45:09.454Z
sensor.plug_4_puissance,0.0,2026-08-09T07:45:16.455Z
sensor.plug_4_puissance,2.0,2026-08-09T07:45:21.455Z
sensor.plug_4_puissance,0.0,2026-08-09T07:46:16.457Z
sensor.plug_4_puissance,2.0,2026-08-09T07:46:20.392Z
sensor.plug_4_puissance,0.0,2026-08-09T07:46:43.452Z
sensor.plug_4_puissance,2.0,2026-08-09T07:46:51.462Z
sensor.plug_4_puissance,3.0,2026-08-09T07:47:16.466Z
sensor.plug_4_puissance,2.0,2026-08-09T07:47:21.466Z
sensor.plug_4_puissance,0.0,2026-08-09T07:47:27.466Z
sensor.plug_4_puissance,2.0,2026-08-09T07:47:32.465Z
sensor.plug_4_puissance,3.0,2026-08-09T07:47:37.473Z
sensor.plug_4_puissance,2.0,2026-08-09T07:47:42.469Z
sensor.plug_4_puissance,0.0,2026-08-09T07:48:08.459Z
sensor.plug_4_puissance,2.0,2026-08-09T07:48:13.459Z
sensor.plug_4_puissance,4.0,2026-08-09T07:49:27.463Z
sensor.plug_4_puissance,2.0,2026-08-09T07:49:32.464Z
sensor.plug_4_puissance,3.0,2026-08-09T07:49:37.464Z
sensor.plug_4_puissance,2.0,2026-08-09T07:49:42.473Z
sensor.plug_4_puissance,0.0,2026-08-09T07:49:57.479Z
sensor.plug_4_puissance,3.0,2026-08-09T07:50:02.474Z
sensor.plug_4_puissance,2.0,2026-08-09T07:50:07.479Z
sensor.plug_4_puissance,4.0,2026-08-09T07:50:12.474Z
sensor.plug_4_puissance,0.0,2026-08-09T07:50:17.465Z
sensor.plug_4_puissance,3.0,2026-08-09T07:50:22.465Z
sensor.plug_4_puissance,2.0,2026-08-09T07:50:27.467Z
sensor.plug_4_puissance,0.0,2026-08-09T07:51:07.476Z
sensor.plug_4_puissance,2.0,2026-08-09T07:51:12.476Z
sensor.plug_4_puissance,0.0,2026-08-09T07:51:15.241Z
sensor.plug_4_puissance,2.0,2026-08-09T07:51:22.475Z
sensor.plug_4_puissance,3.0,2026-08-09T07:51:42.482Z
sensor.plug_4_puissance,0.0,2026-08-09T07:51:47.478Z
sensor.plug_4_puissance,5.0,2026-08-09T07:51:52.484Z
sensor.plug_4_puissance,2.0,2026-08-09T07:51:57.363Z
sensor.plug_4_puissance,0.0,2026-08-09T07:52:14.485Z
sensor.plug_4_puissance,2.0,2026-08-09T07:52:19.484Z
sensor.plug_4_puissance,3.0,2026-08-09T07:52:24.485Z
sensor.plug_4_puissance,0.0,2026-08-09T07:52:29.485Z
sensor.plug_4_puissance,3.0,2026-08-09T07:52:34.482Z
sensor.plug_4_puissance,2.0,2026-08-09T07:52:39.479Z
sensor.plug_4_puissance,4.0,2026-08-09T07:52:54.475Z
sensor.plug_4_puissance,5.0,2026-08-09T07:52:59.470Z
sensor.plug_4_puissance,2.0,2026-08-09T07:53:04.475Z
sensor.plug_4_puissance,3.0,2026-08-09T07:53:17.488Z
sensor.plug_4_puissance,2.0,2026-08-09T07:53:21.598Z
sensor.plug_4_puissance,3.0,2026-08-09T07:53:43.276Z
sensor.plug_4_puissance,2.0,2026-08-09T07:53:48.279Z
sensor.plug_4_puissance,0.0,2026-08-09T07:53:55.290Z
sensor.plug_4_puissance,3.0,2026-08-09T07:54:00.283Z
sensor.plug_4_puissance,2.0,2026-08-09T07:54:03.719Z
sensor.plug_4_puissance,3.0,2026-08-09T07:54:43.279Z
sensor.plug_4_puissance,2.0,2026-08-09T07:54:48.283Z
sensor.plug_4_puissance,0.0,2026-08-09T07:55:01.299Z
sensor.plug_4_puissance,2.0,2026-08-09T07:55:06.301Z
sensor.plug_4_puissance,0.0,2026-08-09T07:55:19.293Z
sensor.plug_4_puissance,2.0,2026-08-09T07:55:24.293Z
sensor.plug_4_puissance,3.0,2026-08-09T07:55:36.296Z
sensor.plug_4_puissance,2.0,2026-08-09T07:55:41.293Z
sensor.plug_4_puissance,4.0,2026-08-09T07:55:46.300Z
sensor.plug_4_puissance,2.0,2026-08-09T07:55:51.297Z
sensor.plug_4_puissance,3.0,2026-08-09T07:56:02.287Z
sensor.plug_4_puissance,2.0,2026-08-09T07:56:07.287Z
sensor.plug_4_puissance,3.0,2026-08-09T07:56:13.286Z
sensor.plug_4_puissance,2.0,2026-08-09T07:56:18.288Z
sensor.plug_4_puissance,4.0,2026-08-09T07:56:30.288Z
sensor.plug_4_puissance,2.0,2026-08-09T07:56:35.291Z
sensor.plug_4_puissance,3.0,2026-08-09T07:56:40.293Z
sensor.plug_4_puissance,2.0,2026-08-09T07:56:45.285Z
sensor.plug_4_puissance,5.0,2026-08-09T07:56:50.286Z
sensor.plug_4_puissance,2.0,2026-08-09T07:56:52.214Z
sensor.plug_4_puissance,3.0,2026-08-09T07:57:06.298Z
sensor.plug_4_puissance,2.0,2026-08-09T07:57:11.301Z
sensor.plug_4_puissance,0.0,2026-08-09T07:57:16.300Z
sensor.plug_4_puissance,3.0,2026-08-09T07:57:21.301Z
sensor.plug_4_puissance,2.0,2026-08-09T07:57:26.302Z
sensor.plug_4_puissance,3.0,2026-08-09T07:58:06.296Z
sensor.plug_4_puissance,0.0,2026-08-09T07:58:11.304Z
sensor.plug_4_puissance,2.0,2026-08-09T07:58:16.305Z
sensor.plug_4_puissance,4.0,2026-08-09T07:58:21.305Z
sensor.plug_4_puissance,2.0,2026-08-09T07:58:26.306Z
sensor.plug_4_puissance,3.0,2026-08-09T07:58:53.295Z
sensor.plug_4_puissance,2.0,2026-08-09T07:58:58.299Z
sensor.plug_4_puissance,3.0,2026-08-09T07:59:20.297Z
sensor.plug_4_puissance,4.0,2026-08-09T07:59:25.300Z
sensor.plug_4_puissance,3.0,2026-08-09T07:59:30.298Z
sensor.plug_4_puissance,4.0,2026-08-09T07:59:39.302Z
sensor.plug_4_puissance,2.0,2026-08-09T07:59:44.311Z
sensor.plug_4_puissance,6.0,2026-08-09T08:00:00.298Z
sensor.plug_4_puissance,2.0,2026-08-09T08:00:05.304Z
sensor.plug_4_puissance,0.0,2026-08-09T08:00:12.314Z
sensor.plug_4_puissance,4.0,2026-08-09T08:00:18.314Z
sensor.plug_4_puissance,3.0,2026-08-09T08:00:22.817Z
sensor.plug_4_puissance,5.0,2026-08-09T08:00:28.316Z
sensor.plug_4_puissance,2.0,2026-08-09T08:00:33.306Z
sensor.plug_4_puissance,0.0,2026-08-09T08:01:04.936Z
sensor.plug_4_puissance,2.0,2026-08-09T08:01:10.324Z
sensor.plug_4_puissance,0.0,2026-08-09T08:01:31.317Z
sensor.plug_4_puissance,2.0,2026-08-09T08:01:36.316Z
sensor.plug_4_puissance,3.0,2026-08-09T08:01:41.317Z
sensor.plug_4_puissance,2.0,2026-08-09T08:01:46.309Z
sensor.plug_4_puissance,3.0,2026-08-09T08:02:04.309Z
sensor.plug_4_puissance,2.0,2026-08-09T08:02:09.310Z
sensor.plug_4_puissance,3.0,2026-08-09T08:02:22.311Z
sensor.plug_4_puissance,2.0,2026-08-09T08:02:27.319Z
sensor.plug_4_puissance,3.0,2026-08-09T08:02:32.311Z
sensor.plug_4_puissance,2.0,2026-08-09T08:02:37.311Z
sensor.plug_4_puissance,3.0,2026-08-09T08:02:42.313Z
sensor.plug_4_puissance,4.0,2026-08-09T08:02:47.313Z
sensor.plug_4_puissance,2.0,2026-08-09T08:02:52.314Z
sensor.plug_4_puissance,0.0,2026-08-09T08:03:06.324Z
sensor.plug_4_puissance,2.0,2026-08-09T08:03:11.293Z
sensor.plug_4_puissance,5.0,2026-08-09T08:03:33.323Z
sensor.plug_4_puissance,2.0,2026-08-09T08:03:38.323Z
sensor.plug_4_puissance,0.0,2026-08-09T08:04:04.325Z
sensor.plug_4_puissance,2.0,2026-08-09T08:04:09.325Z
sensor.plug_4_puissance,0.0,2026-08-09T08:04:31.326Z
sensor.plug_4_puissance,3.0,2026-08-09T08:04:35.524Z
sensor.plug_4_puissance,2.0,2026-08-09T08:04:42.317Z
sensor.plug_4_puissance,0.0,2026-08-09T08:05:05.327Z
sensor.plug_4_puissance,2.0,2026-08-09T08:05:10.333Z
sensor.plug_4_puissance,3.0,2026-08-09T08:05:17.329Z
sensor.plug_4_puissance,2.0,2026-08-09T08:05:22.328Z
sensor.plug_4_puissance,4.0,2026-08-09T08:05:27.322Z
sensor.plug_4_puissance,0.0,2026-08-09T08:05:32.322Z
sensor.plug_4_puissance,2.0,2026-08-09T08:05:37.321Z
sensor.plug_4_puissance,3.0,2026-08-09T08:05:47.323Z
sensor.plug_4_puissance,2.0,2026-08-09T08:05:52.323Z
sensor.plug_4_puissance,3.0,2026-08-09T08:05:57.324Z
sensor.plug_4_puissance,5.0,2026-08-09T08:06:02.323Z
sensor.plug_4_puissance,3.0,2026-08-09T08:06:07.325Z
sensor.plug_4_puissance,2.0,2026-08-09T08:06:12.326Z
sensor.plug_4_puissance,3.0,2026-08-09T08:06:17.326Z
sensor.plug_4_puissance,2.0,2026-08-09T08:06:22.324Z
sensor.plug_4_puissance,3.0,2026-08-09T08:06:43.327Z
sensor.plug_4_puissance,2.0,2026-08-09T08:06:48.329Z
sensor.plug_4_puissance,0.0,2026-08-09T08:07:14.340Z
sensor.plug_4_puissance,2.0,2026-08-09T08:07:19.341Z
sensor.plug_4_puissance,4.0,2026-08-09T08:07:46.331Z
sensor.plug_4_puissance,2.0,2026-08-09T08:07:51.341Z
sensor.plug_4_puissance,3.0,2026-08-09T08:07:56.341Z
sensor.plug_4_puissance,2.0,2026-08-09T08:08:11.347Z
sensor.plug_4_puissance,0.0,2026-08-09T08:08:16.343Z
sensor.plug_4_puissance,4.0,2026-08-09T08:08:21.343Z
sensor.plug_4_puissance,3.0,2026-08-09T08:08:26.343Z
sensor.plug_4_puissance,2.0,2026-08-09T08:08:31.335Z
sensor.plug_4_puissance,3.0,2026-08-09T08:08:36.333Z
sensor.plug_4_puissance,2.0,2026-08-09T08:08:41.338Z
sensor.plug_4_puissance,3.0,2026-08-09T08:09:26.347Z
sensor.plug_4_puissance,2.0,2026-08-09T08:09:30.372Z
sensor.plug_4_puissance,3.0,2026-08-09T08:09:58.342Z
sensor.plug_4_puissance,2.0,2026-08-09T08:10:03.352Z
sensor.plug_4_puissance,4.0,2026-08-09T08:10:10.344Z
sensor.plug_4_puissance,2.0,2026-08-09T08:10:12.495Z
sensor.plug_4_puissance,3.0,2026-08-09T08:10:28.344Z
sensor.plug_4_puissance,4.0,2026-08-09T08:10:33.345Z
sensor.plug_4_puissance,2.0,2026-08-09T08:10:38.346Z
sensor.plug_4_puissance,4.0,2026-08-09T08:10:52.349Z
sensor.plug_4_puissance,2.0,2026-08-09T08:10:57.348Z
sensor.plug_4_puissance,5.0,2026-08-09T08:11:05.349Z
sensor.plug_4_puissance,2.0,2026-08-09T08:11:10.348Z
sensor.plug_4_puissance,0.0,2026-08-09T08:11:30.364Z
sensor.plug_4_puissance,2.0,2026-08-09T08:11:35.361Z
sensor.plug_4_puissance,3.0,2026-08-09T08:11:46.349Z
sensor.plug_4_puissance,2.0,2026-08-09T08:11:51.352Z
sensor.plug_4_puissance,4.0,2026-08-09T08:11:56.352Z
sensor.plug_4_puissance,2.0,2026-08-09T08:12:01.358Z
sensor.plug_4_puissance,4.0,2026-08-09T08:12:06.355Z
sensor.plug_4_puissance,0.0,2026-08-09T08:12:11.354Z
sensor.plug_4_puissance,2.0,2026-08-09T08:12:16.362Z
sensor.plug_4_puissance,3.0,2026-08-09T08:12:18.851Z
sensor.plug_4_puissance,2.0,2026-08-09T08:12:26.356Z
sensor.plug_4_puissance,3.0,2026-08-09T08:12:31.355Z
sensor.plug_4_puissance,2.0,2026-08-09T08:12:36.355Z
sensor.plug_4_puissance,0.0,2026-08-09T08:12:53.370Z
sensor.plug_4_puissance,3.0,2026-08-09T08:12:58.372Z
sensor.plug_4_puissance,2.0,2026-08-09T08:13:00.977Z
sensor.plug_4_puissance,0.0,2026-08-09T08:13:17.364Z
sensor.plug_4_puissance,2.0,2026-08-09T08:13:22.367Z
sensor.plug_4_puissance,3.0,2026-08-09T08:13:57.372Z
sensor.plug_4_puissance,2.0,2026-08-09T08:14:02.369Z
sensor.plug_4_puissance,3.0,2026-08-09T08:14:15.371Z
sensor.plug_4_puissance,2.0,2026-08-09T08:14:20.376Z
sensor.plug_4_puissance,4.0,2026-08-09T08:14:28.372Z
sensor.plug_4_puissance,3.0,2026-08-09T08:14:33.371Z
sensor.plug_4_puissance,2.0,2026-08-09T08:14:38.375Z
sensor.plug_4_puissance,3.0,2026-08-09T08:14:53.378Z
sensor.plug_4_puissance,5.0,2026-08-09T08:14:58.378Z
sensor.plug_4_puissance,2.0,2026-08-09T08:15:03.375Z
sensor.plug_4_puissance,3.0,2026-08-09T08:15:07.328Z
sensor.plug_4_puissance,2.0,2026-08-09T08:15:13.380Z
sensor.plug_4_puissance,3.0,2026-08-09T08:15:18.381Z
sensor.plug_4_puissance,2.0,2026-08-09T08:15:26.388Z
sensor.plug_4_puissance,0.0,2026-08-09T08:15:34.391Z
sensor.plug_4_puissance,4.0,2026-08-09T08:15:39.394Z
sensor.plug_4_puissance,2.0,2026-08-09T08:15:44.384Z
sensor.plug_4_puissance,4.0,2026-08-09T08:15:56.382Z
sensor.plug_4_puissance,0.0,2026-08-09T08:16:01.381Z
sensor.plug_4_puissance,3.0,2026-08-09T08:16:06.383Z
sensor.plug_4_puissance,4.0,2026-08-09T08:16:11.384Z
sensor.plug_4_puissance,2.0,2026-08-09T08:16:16.387Z
sensor.plug_4_puissance,4.0,2026-08-09T08:16:27.391Z
sensor.plug_4_puissance,2.0,2026-08-09T08:16:31.565Z
sensor.plug_4_puissance,0.0,2026-08-09T08:16:48.402Z
sensor.plug_4_puissance,2.0,2026-08-09T08:16:53.405Z
sensor.plug_4_puissance,0.0,2026-08-09T08:16:58.409Z
sensor.plug_4_puissance,2.0,2026-08-09T08:17:03.411Z
sensor.plug_4_puissance,3.0,2026-08-09T08:17:23.404Z
sensor.plug_4_puissance,0.0,2026-08-09T08:17:28.395Z
sensor.plug_4_puissance,2.0,2026-08-09T08:17:33.394Z
sensor.plug_4_puissance,0.0,2026-08-09T08:17:38.395Z
sensor.plug_4_puissance,2.0,2026-08-09T08:17:43.399Z
sensor.plug_4_puissance,0.0,2026-08-09T08:17:53.406Z
sensor.plug_4_puissance,2.0,2026-08-09T08:17:58.406Z
sensor.plug_4_puissance,4.0,2026-08-09T08:18:03.397Z
sensor.plug_4_puissance,3.0,2026-08-09T08:18:09.399Z
sensor.plug_4_puissance,2.0,2026-08-09T08:18:14.399Z
sensor.plug_4_puissance,4.0,2026-08-09T08:18:20.409Z
sensor.plug_4_puissance,2.0,2026-08-09T08:18:25.411Z
sensor.plug_4_puissance,4.0,2026-08-09T08:18:33.399Z
sensor.plug_4_puissance,3.0,2026-08-09T08:18:37.918Z
sensor.plug_4_puissance,2.0,2026-08-09T08:18:44.403Z
sensor.plug_4_puissance,0.0,2026-08-09T08:18:51.414Z
sensor.plug_4_puissance,2.0,2026-08-09T08:18:56.413Z
sensor.plug_4_puissance,0.0,2026-08-09T08:19:06.416Z
sensor.plug_4_puissance,2.0,2026-08-09T08:19:11.416Z
sensor.plug_4_puissance,5.0,2026-08-09T08:19:16.417Z
sensor.plug_4_puissance,2.0,2026-08-09T08:19:20.034Z
sensor.plug_4_puissance,3.0,2026-08-09T08:19:26.407Z
sensor.plug_4_puissance,2.0,2026-08-09T08:19:31.407Z
sensor.plug_4_puissance,0.0,2026-08-09T08:19:39.415Z
sensor.plug_4_puissance,4.0,2026-08-09T08:19:44.420Z
sensor.plug_4_puissance,2.0,2026-08-09T08:19:49.420Z
sensor.plug_4_puissance,3.0,2026-08-09T08:20:10.415Z
sensor.plug_4_puissance,2.0,2026-08-09T08:20:16.414Z
sensor.plug_4_puissance,5.0,2026-08-09T08:20:21.416Z
sensor.plug_4_puissance,2.0,2026-08-09T08:20:26.415Z
sensor.plug_4_puissance,3.0,2026-08-09T08:20:37.415Z
sensor.plug_4_puissance,2.0,2026-08-09T08:20:42.418Z
sensor.plug_4_puissance,4.0,2026-08-09T08:20:47.420Z
sensor.plug_4_puissance,2.0,2026-08-09T08:20:52.420Z
sensor.plug_4_puissance,3.0,2026-08-09T08:21:21.423Z
sensor.plug_4_puissance,2.0,2026-08-09T08:21:26.389Z
sensor.plug_4_puissance,0.0,2026-08-09T08:21:31.422Z
sensor.plug_4_puissance,5.0,2026-08-09T08:21:36.422Z
sensor.plug_4_puissance,3.0,2026-08-09T08:21:41.424Z
sensor.plug_4_puissance,2.0,2026-08-09T08:21:46.424Z
sensor.plug_4_puissance,3.0,2026-08-09T08:21:51.427Z
sensor.plug_4_puissance,2.0,2026-08-09T08:21:56.427Z
sensor.plug_4_puissance,0.0,2026-08-09T08:22:01.428Z
sensor.plug_4_puissance,2.0,2026-08-09T08:22:06.431Z
sensor.plug_4_puissance,0.0,2026-08-09T08:22:08.509Z
sensor.plug_4_puissance,4.0,2026-08-09T08:22:19.429Z
sensor.plug_4_puissance,0.0,2026-08-09T08:22:24.438Z
sensor.plug_4_puissance,2.0,2026-08-09T08:22:31.429Z
sensor.plug_4_puissance,0.0,2026-08-09T08:22:36.431Z
sensor.plug_4_puissance,2.0,2026-08-09T08:22:41.431Z
sensor.plug_4_puissance,4.0,2026-08-09T08:22:47.431Z
sensor.plug_4_puissance,0.0,2026-08-09T08:22:52.432Z
sensor.plug_4_puissance,2.0,2026-08-09T08:22:57.433Z
sensor.plug_4_puissance,3.0,2026-08-09T08:23:12.433Z
sensor.plug_4_puissance,2.0,2026-08-09T08:23:17.433Z
sensor.plug_4_puissance,3.0,2026-08-09T08:23:22.433Z
sensor.plug_4_puissance,2.0,2026-08-09T08:23:27.433Z
sensor.plug_4_puissance,4.0,2026-08-09T08:23:42.435Z
sensor.plug_4_puissance,2.0,2026-08-09T08:23:47.435Z
sensor.plug_4_puissance,3.0,2026-08-09T08:23:52.436Z
sensor.plug_4_puissance,2.0,2026-08-09T08:23:57.436Z
sensor.plug_4_puissance,4.0,2026-08-09T08:24:03.447Z
sensor.plug_4_puissance,0.0,2026-08-09T08:24:08.448Z
sensor.plug_4_puissance,2.0,2026-08-09T08:24:14.860Z
sensor.plug_4_puissance,4.0,2026-08-09T08:24:18.454Z
sensor.plug_4_puissance,2.0,2026-08-09T08:24:23.452Z
sensor.plug_4_puissance,3.0,2026-08-09T08:24:28.448Z
sensor.plug_4_puissance,5.0,2026-08-09T08:24:33.447Z
sensor.plug_4_puissance,2.0,2026-08-09T08:24:38.448Z
sensor.plug_4_puissance,5.0,2026-08-09T08:24:59.442Z
sensor.plug_4_puissance,2.0,2026-08-09T08:25:04.443Z
sensor.plug_4_puissance,0.0,2026-08-09T08:25:10.468Z
sensor.plug_4_puissance,2.0,2026-08-09T08:25:15.451Z
sensor.plug_4_puissance,3.0,2026-08-09T08:25:21.444Z
sensor.plug_4_puissance,2.0,2026-08-09T08:25:26.444Z
sensor.plug_4_puissance,0.0,2026-08-09T08:25:31.444Z
sensor.plug_4_puissance,2.0,2026-08-09T08:25:36.444Z
sensor.plug_4_puissance,0.0,2026-08-09T08:25:41.444Z
sensor.plug_4_puissance,2.0,2026-08-09T08:25:46.445Z
sensor.plug_4_puissance,4.0,2026-08-09T08:25:51.445Z
sensor.plug_4_puissance,0.0,2026-08-09T08:25:56.446Z
sensor.plug_4_puissance,2.0,2026-08-09T08:26:01.446Z
sensor.plug_4_puissance,3.0,2026-08-09T08:26:08.454Z
sensor.plug_4_puissance,2.0,2026-08-09T08:26:13.457Z
sensor.plug_4_puissance,3.0,2026-08-09T08:26:18.451Z
sensor.plug_4_puissance,2.0,2026-08-09T08:26:21.212Z
sensor.plug_4_puissance,4.0,2026-08-09T08:26:31.450Z
sensor.plug_4_puissance,0.0,2026-08-09T08:26:36.451Z
sensor.plug_4_puissance,2.0,2026-08-09T08:26:41.452Z
sensor.plug_4_puissance,3.0,2026-08-09T08:26:46.453Z
sensor.plug_4_puissance,5.0,2026-08-09T08:26:51.454Z
sensor.plug_4_puissance,2.0,2026-08-09T08:26:56.454Z
sensor.plug_4_puissance,3.0,2026-08-09T08:27:07.464Z
sensor.plug_4_puissance,2.0,2026-08-09T08:27:12.464Z
sensor.plug_4_puissance,4.0,2026-08-09T08:27:17.462Z
sensor.plug_4_puissance,0.0,2026-08-09T08:27:22.464Z
sensor.plug_4_puissance,2.0,2026-08-09T08:27:27.464Z
sensor.plug_4_puissance,4.0,2026-08-09T08:27:37.466Z
sensor.plug_4_puissance,2.0,2026-08-09T08:27:42.457Z
sensor.plug_4_puissance,3.0,2026-08-09T08:28:30.458Z
sensor.plug_4_puissance,2.0,2026-08-09T08:28:35.463Z
sensor.plug_4_puissance,3.0,2026-08-09T08:28:41.463Z
sensor.plug_4_puissance,2.0,2026-08-09T08:28:46.464Z
sensor.plug_4_puissance,5.0,2026-08-09T08:29:14.466Z
sensor.plug_4_puissance,2.0,2026-08-09T08:29:19.467Z
sensor.plug_4_puissance,4.0,2026-08-09T08:29:58.470Z
sensor.plug_4_puissance,2.0,2026-08-09T08:30:03.467Z
sensor.plug_4_puissance,4.0,2026-08-09T08:30:58.473Z
sensor.plug_4_puissance,2.0,2026-08-09T08:31:04.481Z
sensor.plug_4_puissance,3.0,2026-08-09T08:31:11.473Z
sensor.plug_4_puissance,4.0,2026-08-09T08:31:16.040Z
sensor.plug_4_puissance,2.0,2026-08-09T08:31:21.475Z
sensor.plug_4_puissance,3.0,2026-08-09T08:31:31.490Z
sensor.plug_4_puissance,2.0,2026-08-09T08:31:38.479Z
sensor.plug_4_puissance,3.0,2026-08-09T08:31:45.478Z
sensor.plug_4_puissance,2.0,2026-08-09T08:31:50.477Z
sensor.plug_4_puissance,0.0,2026-08-09T08:32:06.491Z
sensor.plug_4_puissance,2.0,2026-08-09T08:32:11.493Z
sensor.plug_4_puissance,0.0,2026-08-09T08:32:40.506Z
sensor.plug_4_puissance,2.0,2026-08-09T08:32:48.496Z
sensor.plug_4_puissance,0.0,2026-08-09T08:32:53.491Z
sensor.plug_4_puissance,4.0,2026-08-09T08:32:58.496Z
sensor.plug_4_puissance,3.0,2026-08-09T08:33:03.487Z
sensor.plug_4_puissance,2.0,2026-08-09T08:33:08.489Z
sensor.plug_4_puissance,3.0,2026-08-09T08:33:13.486Z
sensor.plug_4_puissance,2.0,2026-08-09T08:33:21.489Z
sensor.plug_4_puissance,5.0,2026-08-09T08:33:35.492Z
sensor.plug_4_puissance,4.0,2026-08-09T08:33:40.501Z
sensor.plug_4_puissance,2.0,2026-08-09T08:33:45.493Z
sensor.plug_4_puissance,0.0,2026-08-09T08:33:50.493Z
sensor.plug_4_puissance,2.0,2026-08-09T08:33:55.493Z
sensor.plug_4_puissance,3.0,2026-08-09T08:34:02.495Z
sensor.plug_4_puissance,2.0,2026-08-09T08:34:07.495Z
sensor.plug_4_puissance,4.0,2026-08-09T08:34:46.623Z
sensor.plug_4_puissance,2.0,2026-08-09T08:34:52.499Z
sensor.plug_4_puissance,3.0,2026-08-09T08:35:09.496Z
sensor.plug_4_puissance,4.0,2026-08-09T08:35:14.499Z
sensor.plug_4_puissance,2.0,2026-08-09T08:35:19.499Z
sensor.plug_4_puissance,0.0,2026-08-09T08:36:20.511Z
sensor.plug_4_puissance,2.0,2026-08-09T08:36:25.511Z
sensor.plug_4_puissance,3.0,2026-08-09T08:36:30.505Z
sensor.plug_4_puissance,2.0,2026-08-09T08:36:35.504Z
sensor.plug_4_puissance,0.0,2026-08-09T08:37:35.508Z
sensor.plug_4_puissance,2.0,2026-08-09T08:37:40.518Z
sensor.plug_4_puissance,3.0,2026-08-09T08:40:22.523Z
sensor.plug_4_puissance,2.0,2026-08-09T08:40:27.524Z
sensor.plug_4_puissance,3.0,2026-08-09T08:42:44.334Z
sensor.plug_4_puissance,2.0,2026-08-09T08:42:49.336Z
sensor.plug_4_puissance,0.0,2026-08-09T08:45:37.363Z
sensor.plug_4_puissance,2.0,2026-08-09T08:45:42.367Z
sensor.plug_4_puissance,0.0,2026-08-09T08:48:49.377Z
sensor.plug_4_puissance,2.0,2026-08-09T08:48:54.383Z
sensor.plug_4_puissance,0.0,2026-08-09T08:49:08.370Z
sensor.plug_4_puissance,2.0,2026-08-09T08:49:13.370Z
sensor.plug_4_puissance,3.0,2026-08-09T08:50:43.379Z
sensor.plug_4_puissance,2.0,2026-08-09T08:50:48.380Z
sensor.plug_4_puissance,3.0,2026-08-09T08:51:01.380Z
sensor.plug_4_puissance,2.0,2026-08-09T08:51:06.380Z
sensor.plug_4_puissance,0.0,2026-08-09T08:51:56.390Z
sensor.plug_4_puissance,2.0,2026-08-09T08:52:01.391Z
sensor.plug_4_puissance,3.0,2026-08-09T08:52:06.383Z
sensor.plug_4_puissance,2.0,2026-08-09T08:52:11.384Z
sensor.plug_4_puissance,0.0,2026-08-09T08:53:31.399Z
sensor.plug_4_puissance,2.0,2026-08-09T08:53:36.399Z
sensor.plug_4_puissance,3.0,2026-08-09T08:54:04.392Z
sensor.plug_4_puissance,0.0,2026-08-09T08:54:09.391Z
sensor.plug_4_puissance,3.0,2026-08-09T08:54:14.392Z
sensor.plug_4_puissance,2.0,2026-08-09T08:54:19.392Z
sensor.plug_4_puissance,3.0,2026-08-09T08:54:45.393Z
sensor.plug_4_puissance,2.0,2026-08-09T08:54:50.393Z
sensor.plug_4_puissance,0.0,2026-08-09T08:57:41.416Z
sensor.plug_4_puissance,2.0,2026-08-09T08:57:46.418Z
sensor.plug_4_puissance,4.0,2026-08-09T08:57:51.417Z
sensor.plug_4_puissance,2.0,2026-08-09T08:57:56.418Z
sensor.plug_4_puissance,3.0,2026-08-09T08:58:01.416Z
sensor.plug_4_puissance,0.0,2026-08-09T08:58:06.416Z
sensor.plug_4_puissance,2.0,2026-08-09T08:58:13.417Z
sensor.plug_4_puissance,0.0,2026-08-09T08:59:05.420Z
sensor.plug_4_puissance,2.0,2026-08-09T08:59:10.421Z
sensor.plug_4_puissance,0.0,2026-08-09T08:59:24.421Z
sensor.plug_4_puissance,2.0,2026-08-09T08:59:29.423Z
sensor.plug_4_puissance,4.0,2026-08-09T08:59:38.414Z
sensor.plug_4_puissance,2.0,2026-08-09T08:59:43.414Z
sensor.plug_4_puissance,3.0,2026-08-09T08:59:48.414Z
sensor.plug_4_puissance,2.0,2026-08-09T08:59:53.415Z
sensor.plug_4_puissance,3.0,2026-08-09T09:00:03.416Z
sensor.plug_4_puissance,2.0,2026-08-09T09:00:08.416Z
sensor.plug_4_puissance,3.0,2026-08-09T09:00:18.416Z
sensor.plug_4_puissance,2.0,2026-08-09T09:00:23.417Z
sensor.plug_4_puissance,4.0,2026-08-09T09:00:36.428Z
sensor.plug_4_puissance,2.0,2026-08-09T09:00:41.431Z
sensor.plug_4_puissance,3.0,2026-08-09T09:00:45.083Z
sensor.plug_4_puissance,5.0,2026-08-09T09:01:09.423Z
sensor.plug_4_puissance,2.0,2026-08-09T09:01:14.423Z
sensor.plug_4_puissance,0.0,2026-08-09T09:01:26.438Z
sensor.plug_4_puissance,2.0,2026-08-09T09:01:31.433Z
sensor.plug_4_puissance,0.0,2026-08-09T09:01:36.439Z
sensor.plug_4_puissance,2.0,2026-08-09T09:01:41.440Z
sensor.plug_4_puissance,3.0,2026-08-09T09:02:29.436Z
sensor.plug_4_puissance,2.0,2026-08-09T09:02:34.435Z
sensor.plug_4_puissance,3.0,2026-08-09T09:02:43.428Z
sensor.plug_4_puissance,2.0,2026-08-09T09:02:48.428Z
sensor.plug_4_puissance,3.0,2026-08-09T09:03:02.428Z
sensor.plug_4_puissance,2.0,2026-08-09T09:03:07.429Z
sensor.plug_4_puissance,0.0,2026-08-09T09:03:20.443Z
sensor.plug_4_puissance,2.0,2026-08-09T09:03:25.443Z
sensor.plug_4_puissance,0.0,2026-08-09T09:03:54.432Z
sensor.plug_4_puissance,2.0,2026-08-09T09:03:59.431Z
sensor.plug_4_puissance,0.0,2026-08-09T09:04:35.440Z
sensor.plug_4_puissance,2.0,2026-08-09T09:04:40.439Z
sensor.plug_4_puissance,4.0,2026-08-09T09:04:45.440Z
sensor.plug_4_puissance,2.0,2026-08-09T09:04:50.440Z
sensor.plug_4_puissance,0.0,2026-08-09T09:06:38.450Z
sensor.plug_4_puissance,2.0,2026-08-09T09:06:43.448Z
sensor.plug_4_puissance,3.0,2026-08-09T09:07:31.443Z
sensor.plug_4_puissance,2.0,2026-08-09T09:07:36.443Z
sensor.plug_4_puissance,0.0,2026-08-09T09:08:59.456Z
sensor.plug_4_puissance,2.0,2026-08-09T09:09:04.458Z
sensor.plug_4_puissance,3.0,2026-08-09T09:09:35.458Z
sensor.plug_4_puissance,2.0,2026-08-09T09:09:40.458Z
sensor.plug_4_puissance,0.0,2026-08-09T09:09:46.450Z
sensor.plug_4_puissance,2.0,2026-08-09T09:09:51.450Z
sensor.plug_4_puissance,3.0,2026-08-09T09:12:12.463Z
sensor.plug_4_puissance,2.0,2026-08-09T09:12:17.465Z
sensor.plug_4_puissance,3.0,2026-08-09T09:13:01.466Z
sensor.plug_4_puissance,2.0,2026-08-09T09:13:06.466Z
sensor.plug_4_puissance,0.0,2026-08-09T09:13:26.477Z
sensor.plug_4_puissance,2.0,2026-08-09T09:13:31.476Z
sensor.plug_4_puissance,0.0,2026-08-09T09:14:19.477Z
sensor.plug_4_puissance,2.0,2026-08-09T09:14:24.479Z
sensor.plug_4_puissance,3.0,2026-08-09T09:14:33.471Z
sensor.plug_4_puissance,2.0,2026-08-09T09:14:38.481Z
sensor.plug_4_puissance,0.0,2026-08-09T09:14:56.472Z
sensor.plug_4_puissance,2.0,2026-08-09T09:15:01.472Z
sensor.plug_4_puissance,3.0,2026-08-09T09:15:06.473Z
sensor.plug_4_puissance,0.0,2026-08-09T09:15:14.473Z
sensor.plug_4_puissance,2.0,2026-08-09T09:15:19.473Z
sensor.plug_4_puissance,5.0,2026-08-09T09:15:24.474Z
sensor.plug_4_puissance,2.0,2026-08-09T09:15:29.482Z
sensor.plug_4_puissance,0.0,2026-08-09T09:15:55.476Z
sensor.plug_4_puissance,2.0,2026-08-09T09:16:00.476Z
sensor.plug_4_puissance,3.0,2026-08-09T09:17:02.493Z
sensor.plug_4_puissance,0.0,2026-08-09T09:17:07.494Z
sensor.plug_4_puissance,2.0,2026-08-09T09:17:12.493Z
sensor.plug_4_puissance,0.0,2026-08-09T09:17:17.499Z
sensor.plug_4_puissance,2.0,2026-08-09T09:17:22.496Z
sensor.plug_4_puissance,0.0,2026-08-09T09:18:36.497Z
sensor.plug_4_puissance,2.0,2026-08-09T09:18:41.497Z
sensor.plug_4_puissance,0.0,2026-08-09T09:19:10.489Z
sensor.plug_4_puissance,2.0,2026-08-09T09:19:15.489Z
sensor.plug_4_puissance,3.0,2026-08-09T09:21:17.497Z
sensor.plug_4_puissance,2.0,2026-08-09T09:21:22.497Z
sensor.plug_4_puissance,0.0,2026-08-09T09:22:49.510Z
sensor.plug_4_puissance,2.0,2026-08-09T09:22:54.509Z
sensor.plug_4_puissance,3.0,2026-08-09T09:22:59.510Z
sensor.plug_4_puissance,2.0,2026-08-09T09:23:08.505Z
sensor.plug_4_puissance,3.0,2026-08-09T09:23:23.505Z
sensor.plug_4_puissance,0.0,2026-08-09T09:23:28.515Z
sensor.plug_4_puissance,2.0,2026-08-09T09:23:33.517Z
sensor.plug_4_puissance,0.0,2026-08-09T09:24:15.510Z
sensor.plug_4_puissance,2.0,2026-08-09T09:24:20.510Z
sensor.plug_4_puissance,3.0,2026-08-09T09:24:53.525Z
sensor.plug_4_puissance,2.0,2026-08-09T09:24:58.520Z
sensor.plug_4_puissance,3.0,2026-08-09T09:26:34.530Z
sensor.plug_4_puissance,2.0,2026-08-09T09:26:39.523Z
sensor.plug_4_puissance,0.0,2026-08-09T09:27:26.545Z
sensor.plug_4_puissance,2.0,2026-08-09T09:27:31.545Z
sensor.plug_4_puissance,0.0,2026-08-09T09:28:26.542Z
sensor.plug_4_puissance,3.0,2026-08-09T09:28:34.545Z
sensor.plug_4_puissance,2.0,2026-08-09T09:28:39.542Z
sensor.plug_4_puissance,3.0,2026-08-09T09:29:08.539Z
sensor.plug_4_puissance,2.0,2026-08-09T09:29:13.537Z
sensor.plug_4_puissance,3.0,2026-08-09T09:29:34.540Z
sensor.plug_4_puissance,2.0,2026-08-09T09:29:39.540Z
sensor.plug_4_puissance,3.0,2026-08-09T09:30:11.542Z
sensor.plug_4_puissance,2.0,2026-08-09T09:30:16.543Z
sensor.plug_4_puissance,3.0,2026-08-09T09:30:33.543Z
sensor.plug_4_puissance,2.0,2026-08-09T09:30:38.544Z
sensor.plug_4_puissance,3.0,2026-08-09T09:31:13.547Z
sensor.plug_4_puissance,2.0,2026-08-09T09:31:18.548Z
sensor.plug_4_puissance,3.0,2026-08-09T09:32:31.552Z
sensor.plug_4_puissance,2.0,2026-08-09T09:32:36.551Z
sensor.plug_4_puissance,3.0,2026-08-09T09:32:42.553Z
sensor.plug_4_puissance,2.0,2026-08-09T09:32:47.553Z
sensor.plug_4_puissance,0.0,2026-08-09T09:32:56.560Z
sensor.plug_4_puissance,2.0,2026-08-09T09:33:04.563Z
sensor.plug_4_puissance,0.0,2026-08-09T09:33:11.561Z
sensor.plug_4_puissance,2.0,2026-08-09T09:33:16.561Z
sensor.plug_4_puissance,0.0,2026-08-09T09:33:27.569Z
sensor.plug_4_puissance,2.0,2026-08-09T09:33:32.566Z
sensor.plug_4_puissance,0.0,2026-08-09T09:34:32.566Z
sensor.plug_4_puissance,2.0,2026-08-09T09:34:37.569Z
sensor.plug_4_puissance,0.0,2026-08-09T09:34:58.568Z
sensor.plug_4_puissance,2.0,2026-08-09T09:35:03.569Z
sensor.plug_4_puissance,0.0,2026-08-09T09:35:23.571Z
sensor.plug_4_puissance,2.0,2026-08-09T09:35:28.571Z
sensor.plug_4_puissance,3.0,2026-08-09T09:36:41.567Z
sensor.plug_4_puissance,2.0,2026-08-09T09:36:46.567Z
sensor.plug_4_puissance,3.0,2026-08-09T09:36:56.575Z
sensor.plug_4_puissance,2.0,2026-08-09T09:37:01.567Z
sensor.plug_4_puissance,3.0,2026-08-09T09:37:40.569Z
sensor.plug_4_puissance,2.0,2026-08-09T09:37:45.569Z
sensor.plug_4_puissance,0.0,2026-08-09T09:39:31.589Z
sensor.plug_4_puissance,2.0,2026-08-09T09:39:36.585Z
sensor.plug_4_puissance,3.0,2026-08-09T09:41:08.577Z
sensor.plug_4_puissance,2.0,2026-08-09T09:41:13.578Z
sensor.plug_4_puissance,0.0,2026-08-09T09:42:59.594Z
sensor.plug_4_puissance,2.0,2026-08-09T09:43:04.595Z
sensor.plug_4_puissance,3.0,2026-08-09T09:43:37.588Z
sensor.plug_4_puissance,2.0,2026-08-09T09:43:42.588Z
sensor.plug_4_puissance,0.0,2026-08-09T09:45:24.589Z
sensor.plug_4_puissance,2.0,2026-08-09T09:45:29.590Z
sensor.plug_4_puissance,3.0,2026-08-09T09:45:39.590Z
sensor.plug_4_puissance,2.0,2026-08-09T09:45:46.599Z
sensor.plug_4_puissance,3.0,2026-08-09T09:46:12.600Z
sensor.plug_4_puissance,2.0,2026-08-09T09:46:17.600Z
sensor.plug_4_puissance,0.0,2026-08-09T09:46:43.395Z
sensor.plug_4_puissance,2.0,2026-08-09T09:46:48.395Z
sensor.plug_4_puissance,3.0,2026-08-09T09:46:53.395Z
sensor.plug_4_puissance,2.0,2026-08-09T09:46:58.395Z
sensor.plug_4_puissance,0.0,2026-08-09T09:47:04.395Z
sensor.plug_4_puissance,2.0,2026-08-09T09:47:09.395Z
sensor.plug_4_puissance,0.0,2026-08-09T09:47:19.395Z
sensor.plug_4_puissance,2.0,2026-08-09T09:47:24.395Z
sensor.plug_4_puissance,3.0,2026-08-09T09:47:30.396Z
sensor.plug_4_puissance,2.0,2026-08-09T09:47:35.396Z
sensor.plug_4_puissance,3.0,2026-08-09T09:49:32.403Z
sensor.plug_4_puissance,2.0,2026-08-09T09:49:37.403Z
sensor.plug_4_puissance,0.0,2026-08-09T09:50:09.413Z
sensor.plug_4_puissance,2.0,2026-08-09T09:50:14.412Z
sensor.plug_4_puissance,3.0,2026-08-09T09:50:43.414Z
sensor.plug_4_puissance,2.0,2026-08-09T09:50:48.405Z
sensor.plug_4_puissance,3.0,2026-08-09T09:51:05.407Z
sensor.plug_4_puissance,2.0,2026-08-09T09:51:10.407Z
sensor.plug_4_puissance,0.0,2026-08-09T09:52:55.417Z
sensor.plug_4_puissance,2.0,2026-08-09T09:53:00.416Z
sensor.plug_4_puissance,3.0,2026-08-09T09:53:29.412Z
sensor.plug_4_puissance,2.0,2026-08-09T09:53:34.412Z
sensor.plug_4_puissance,0.0,2026-08-09T09:54:02.424Z
sensor.plug_4_puissance,3.0,2026-08-09T09:54:06.142Z
sensor.plug_4_puissance,0.0,2026-08-09T09:54:13.427Z
sensor.plug_4_puissance,2.0,2026-08-09T09:54:18.431Z
sensor.plug_4_puissance,3.0,2026-08-09T09:54:32.421Z
sensor.plug_4_puissance,2.0,2026-08-09T09:54:37.416Z
sensor.plug_4_puissance,0.0,2026-08-09T09:55:03.432Z
sensor.plug_4_puissance,3.0,2026-08-09T09:55:08.430Z
sensor.plug_4_puissance,2.0,2026-08-09T09:55:13.428Z
sensor.plug_4_puissance,0.0,2026-08-09T09:55:20.420Z
sensor.plug_4_puissance,5.0,2026-08-09T09:55:25.420Z
sensor.plug_4_puissance,2.0,2026-08-09T09:55:30.382Z
sensor.plug_4_puissance,4.0,2026-08-09T09:55:37.428Z
sensor.plug_4_puissance,2.0,2026-08-09T09:55:42.427Z
sensor.plug_4_puissance,3.0,2026-08-09T09:56:21.421Z
sensor.plug_4_puissance,2.0,2026-08-09T09:56:26.420Z
sensor.plug_4_puissance,3.0,2026-08-09T09:56:33.423Z
sensor.plug_4_puissance,2.0,2026-08-09T09:56:38.433Z
sensor.plug_4_puissance,3.0,2026-08-09T09:57:25.423Z
sensor.plug_4_puissance,2.0,2026-08-09T09:57:30.423Z
sensor.plug_4_puissance,0.0,2026-08-09T09:58:16.440Z
sensor.plug_4_puissance,2.0,2026-08-09T09:58:18.879Z
sensor.plug_4_puissance,3.0,2026-08-09T09:58:52.427Z
sensor.plug_4_puissance,0.0,2026-08-09T09:58:57.427Z
sensor.plug_4_puissance,2.0,2026-08-09T09:59:01.013Z
sensor.plug_4_puissance,4.0,2026-08-09T09:59:07.430Z
sensor.plug_4_puissance,2.0,2026-08-09T09:59:12.429Z
sensor.plug_4_puissance,0.0,2026-08-09T09:59:44.439Z
sensor.plug_4_puissance,2.0,2026-08-09T09:59:49.439Z
sensor.plug_4_puissance,0.0,2026-08-09T10:00:11.439Z
sensor.plug_4_puissance,2.0,2026-08-09T10:00:16.439Z
sensor.plug_4_puissance,3.0,2026-08-09T10:00:21.430Z
sensor.plug_4_puissance,2.0,2026-08-09T10:00:25.257Z
sensor.plug_4_puissance,0.0,2026-08-09T10:01:37.442Z
sensor.plug_4_puissance,2.0,2026-08-09T10:01:42.441Z
sensor.plug_4_puissance,0.0,2026-08-09T10:01:47.443Z
sensor.plug_4_puissance,2.0,2026-08-09T10:01:49.498Z
sensor.plug_4_puissance,3.0,2026-08-09T10:02:29.442Z
sensor.plug_4_puissance,2.0,2026-08-09T10:02:34.441Z
sensor.plug_4_puissance,0.0,2026-08-09T10:02:44.451Z
sensor.plug_4_puissance,2.0,2026-08-09T10:02:49.450Z
sensor.plug_4_puissance,0.0,2026-08-09T10:03:14.451Z
sensor.plug_4_puissance,2.0,2026-08-09T10:03:19.451Z
sensor.plug_4_puissance,3.0,2026-08-09T10:03:24.453Z
sensor.plug_4_puissance,2.0,2026-08-09T10:03:29.444Z
sensor.plug_4_puissance,3.0,2026-08-09T10:03:34.445Z
sensor.plug_4_puissance,2.0,2026-08-09T10:03:39.445Z
sensor.plug_4_puissance,3.0,2026-08-09T10:03:48.446Z
sensor.plug_4_puissance,2.0,2026-08-09T10:03:55.455Z
sensor.plug_4_puissance,0.0,2026-08-09T10:04:29.455Z
sensor.plug_4_puissance,2.0,2026-08-09T10:04:34.455Z
sensor.plug_4_puissance,3.0,2026-08-09T10:04:40.457Z
sensor.plug_4_puissance,2.0,2026-08-09T10:04:45.459Z
sensor.plug_4_puissance,3.0,2026-08-09T10:04:53.450Z
sensor.plug_4_puissance,2.0,2026-08-09T10:04:58.449Z
sensor.plug_4_puissance,5.0,2026-08-09T10:05:07.453Z
sensor.plug_4_puissance,2.0,2026-08-09T10:05:12.454Z
sensor.plug_4_puissance,3.0,2026-08-09T10:05:22.452Z
sensor.plug_4_puissance,2.0,2026-08-09T10:05:27.453Z
sensor.plug_4_puissance,4.0,2026-08-09T10:05:59.463Z
sensor.plug_4_puissance,2.0,2026-08-09T10:06:04.461Z
sensor.plug_4_puissance,3.0,2026-08-09T10:06:13.456Z
sensor.plug_4_puissance,2.0,2026-08-09T10:06:18.457Z
sensor.plug_4_puissance,3.0,2026-08-09T10:06:23.457Z
sensor.plug_4_puissance,2.0,2026-08-09T10:06:28.459Z
sensor.plug_4_puissance,0.0,2026-08-09T10:06:39.465Z
sensor.plug_4_puissance,2.0,2026-08-09T10:06:44.329Z
sensor.plug_4_puissance,4.0,2026-08-09T10:06:50.467Z
sensor.plug_4_puissance,2.0,2026-08-09T10:06:55.469Z
sensor.plug_4_puissance,0.0,2026-08-09T10:07:02.459Z
sensor.plug_4_puissance,2.0,2026-08-09T10:07:09.460Z
sensor.plug_4_puissance,0.0,2026-08-09T10:07:17.470Z
sensor.plug_4_puissance,3.0,2026-08-09T10:07:24.468Z
sensor.plug_4_puissance,2.0,2026-08-09T10:07:29.461Z
sensor.plug_4_puissance,0.0,2026-08-09T10:07:47.458Z
sensor.plug_4_puissance,2.0,2026-08-09T10:07:52.462Z
sensor.plug_4_puissance,0.0,2026-08-09T10:07:59.469Z
sensor.plug_4_puissance,2.0,2026-08-09T10:08:04.469Z
sensor.plug_4_puissance,0.0,2026-08-09T10:09:10.465Z
sensor.plug_4_puissance,2.0,2026-08-09T10:09:15.466Z
sensor.plug_4_puissance,0.0,2026-08-09T10:11:09.472Z
sensor.plug_4_puissance,2.0,2026-08-09T10:11:14.472Z
sensor.plug_4_puissance,3.0,2026-08-09T10:12:50.476Z
sensor.plug_4_puissance,2.0,2026-08-09T10:12:55.476Z
sensor.plug_4_puissance,3.0,2026-08-09T10:13:04.484Z
sensor.plug_4_puissance,2.0,2026-08-09T10:13:12.477Z
sensor.plug_4_puissance,3.0,2026-08-09T10:13:45.478Z
sensor.plug_4_puissance,2.0,2026-08-09T10:13:50.492Z
sensor.plug_4_puissance,3.0,2026-08-09T10:13:55.480Z
sensor.plug_4_puissance,0.0,2026-08-09T10:14:00.488Z
sensor.plug_4_puissance,2.0,2026-08-09T10:14:05.488Z
sensor.plug_4_puissance,0.0,2026-08-09T10:14:23.489Z
sensor.plug_4_puissance,2.0,2026-08-09T10:14:27.641Z
sensor.plug_4_puissance,3.0,2026-08-09T10:14:35.481Z
sensor.plug_4_puissance,2.0,2026-08-09T10:14:40.481Z
sensor.plug_4_puissance,3.0,2026-08-09T10:15:11.488Z
sensor.plug_4_puissance,2.0,2026-08-09T10:15:16.482Z
sensor.plug_4_puissance,0.0,2026-08-09T10:15:27.491Z
sensor.plug_4_puissance,2.0,2026-08-09T10:15:32.491Z
sensor.plug_4_puissance,3.0,2026-08-09T10:15:38.482Z
sensor.plug_4_puissance,2.0,2026-08-09T10:15:43.483Z
sensor.plug_4_puissance,3.0,2026-08-09T10:15:53.483Z
sensor.plug_4_puissance,2.0,2026-08-09T10:15:58.491Z
sensor.plug_4_puissance,3.0,2026-08-09T10:16:22.485Z
sensor.plug_4_puissance,2.0,2026-08-09T10:16:27.485Z
sensor.plug_4_puissance,0.0,2026-08-09T10:16:32.485Z
sensor.plug_4_puissance,2.0,2026-08-09T10:16:34.007Z
sensor.plug_4_puissance,0.0,2026-08-09T10:17:08.498Z
sensor.plug_4_puissance,2.0,2026-08-09T10:17:13.497Z
sensor.plug_4_puissance,0.0,2026-08-09T10:17:50.496Z
sensor.plug_4_puissance,2.0,2026-08-09T10:17:55.498Z
sensor.plug_4_puissance,3.0,2026-08-09T10:18:42.499Z
sensor.plug_4_puissance,2.0,2026-08-09T10:18:47.499Z
sensor.plug_4_puissance,0.0,2026-08-09T10:19:31.502Z
sensor.plug_4_puissance,2.0,2026-08-09T10:19:36.501Z
sensor.plug_4_puissance,3.0,2026-08-09T10:20:16.495Z
sensor.plug_4_puissance,2.0,2026-08-09T10:20:21.496Z
sensor.plug_4_puissance,0.0,2026-08-09T10:20:28.505Z
sensor.plug_4_puissance,3.0,2026-08-09T10:20:33.506Z
sensor.plug_4_puissance,2.0,2026-08-09T10:20:39.496Z
sensor.plug_4_puissance,3.0,2026-08-09T10:20:44.497Z
sensor.plug_4_puissance,2.0,2026-08-09T10:20:46.740Z
sensor.plug_4_puissance,0.0,2026-08-09T10:21:01.508Z
sensor.plug_4_puissance,2.0,2026-08-09T10:21:06.505Z
sensor.plug_4_puissance,0.0,2026-08-09T10:21:16.507Z
sensor.plug_4_puissance,3.0,2026-08-09T10:21:21.508Z
sensor.plug_4_puissance,2.0,2026-08-09T10:21:26.499Z
sensor.plug_4_puissance,3.0,2026-08-09T10:21:31.500Z
sensor.plug_4_puissance,2.0,2026-08-09T10:21:36.500Z
sensor.plug_4_puissance,3.0,2026-08-09T10:22:03.501Z
sensor.plug_4_puissance,2.0,2026-08-09T10:22:10.982Z
sensor.plug_4_puissance,3.0,2026-08-09T10:22:25.504Z
sensor.plug_4_puissance,0.0,2026-08-09T10:22:30.505Z
sensor.plug_4_puissance,2.0,2026-08-09T10:22:36.517Z
sensor.plug_4_puissance,3.0,2026-08-09T10:22:43.505Z
sensor.plug_4_puissance,2.0,2026-08-09T10:22:48.505Z
sensor.plug_4_puissance,4.0,2026-08-09T10:22:53.505Z
sensor.plug_4_puissance,2.0,2026-08-09T10:22:58.507Z
sensor.plug_4_puissance,0.0,2026-08-09T10:23:27.523Z
sensor.plug_4_puissance,2.0,2026-08-09T10:23:32.524Z
sensor.plug_4_puissance,3.0,2026-08-09T10:23:35.217Z
sensor.plug_4_puissance,2.0,2026-08-09T10:23:42.519Z
sensor.plug_4_puissance,5.0,2026-08-09T10:23:49.514Z
sensor.plug_4_puissance,4.0,2026-08-09T10:23:54.513Z
sensor.plug_4_puissance,2.0,2026-08-09T10:23:59.513Z
sensor.plug_4_puissance,3.0,2026-08-09T10:24:12.521Z
sensor.plug_4_puissance,0.0,2026-08-09T10:24:17.338Z
sensor.plug_4_puissance,2.0,2026-08-09T10:24:22.522Z
sensor.plug_4_puissance,3.0,2026-08-09T10:25:05.517Z
sensor.plug_4_puissance,2.0,2026-08-09T10:25:10.517Z
sensor.plug_4_puissance,0.0,2026-08-09T10:25:28.534Z
sensor.plug_4_puissance,3.0,2026-08-09T10:25:33.529Z
sensor.plug_4_puissance,0.0,2026-08-09T10:25:38.533Z
sensor.plug_4_puissance,2.0,2026-08-09T10:25:41.579Z
sensor.plug_4_puissance,4.0,2026-08-09T10:25:49.521Z
sensor.plug_4_puissance,2.0,2026-08-09T10:25:54.520Z
sensor.plug_4_puissance,0.0,2026-08-09T10:26:57.523Z
sensor.plug_4_puissance,2.0,2026-08-09T10:27:02.523Z
sensor.plug_4_puissance,3.0,2026-08-09T10:29:26.545Z
sensor.plug_4_puissance,2.0,2026-08-09T10:29:31.541Z
sensor.plug_4_puissance,3.0,2026-08-09T10:29:48.536Z
sensor.plug_4_puissance,2.0,2026-08-09T10:29:53.537Z
sensor.plug_4_puissance,3.0,2026-08-09T10:29:58.537Z
sensor.plug_4_puissance,2.0,2026-08-09T10:30:03.536Z
sensor.plug_4_puissance,0.0,2026-08-09T10:30:08.534Z
sensor.plug_4_puissance,2.0,2026-08-09T10:30:13.545Z
sensor.plug_4_puissance,3.0,2026-08-09T10:30:37.536Z
sensor.plug_4_puissance,2.0,2026-08-09T10:30:42.538Z
sensor.plug_4_puissance,3.0,2026-08-09T10:30:56.547Z
sensor.plug_4_puissance,2.0,2026-08-09T10:31:01.545Z
sensor.plug_4_puissance,3.0,2026-08-09T10:31:13.538Z
sensor.plug_4_puissance,2.0,2026-08-09T10:31:18.533Z
sensor.plug_4_puissance,3.0,2026-08-09T10:31:27.540Z
sensor.plug_4_puissance,0.0,2026-08-09T10:31:32.539Z
sensor.plug_4_puissance,2.0,2026-08-09T10:31:37.538Z
sensor.plug_4_puissance,0.0,2026-08-09T10:32:00.558Z
sensor.plug_4_puissance,2.0,2026-08-09T10:32:05.551Z
sensor.plug_4_puissance,3.0,2026-08-09T10:32:44.549Z
sensor.plug_4_puissance,2.0,2026-08-09T10:32:49.540Z
sensor.plug_4_puissance,4.0,2026-08-09T10:33:34.545Z
sensor.plug_4_puissance,2.0,2026-08-09T10:33:39.553Z
sensor.plug_4_puissance,3.0,2026-08-09T10:33:44.554Z
sensor.plug_4_puissance,2.0,2026-08-09T10:33:49.545Z
sensor.plug_4_puissance,4.0,2026-08-09T10:34:21.553Z
sensor.plug_4_puissance,2.0,2026-08-09T10:34:26.553Z
sensor.plug_4_puissance,3.0,2026-08-09T10:34:33.545Z
sensor.plug_4_puissance,2.0,2026-08-09T10:34:38.547Z
sensor.plug_4_puissance,3.0,2026-08-09T10:34:43.545Z
sensor.plug_4_puissance,2.0,2026-08-09T10:34:48.546Z
sensor.plug_4_puissance,3.0,2026-08-09T10:35:09.546Z
sensor.plug_4_puissance,2.0,2026-08-09T10:35:14.546Z
sensor.plug_4_puissance,3.0,2026-08-09T10:36:46.551Z
sensor.plug_4_puissance,4.0,2026-08-09T10:36:51.551Z
sensor.plug_4_puissance,2.0,2026-08-09T10:36:55.506Z
sensor.plug_4_puissance,4.0,2026-08-09T10:37:07.560Z
sensor.plug_4_puissance,2.0,2026-08-09T10:37:12.561Z
sensor.plug_4_puissance,3.0,2026-08-09T10:37:26.557Z
sensor.plug_4_puissance,2.0,2026-08-09T10:37:32.557Z
sensor.plug_4_puissance,0.0,2026-08-09T10:37:55.565Z
sensor.plug_4_puissance,2.0,2026-08-09T10:38:00.567Z
sensor.plug_4_puissance,0.0,2026-08-09T10:39:13.574Z
sensor.plug_4_puissance,2.0,2026-08-09T10:39:18.572Z
sensor.plug_4_puissance,3.0,2026-08-09T10:39:57.564Z
sensor.plug_4_puissance,0.0,2026-08-09T10:40:04.575Z
sensor.plug_4_puissance,2.0,2026-08-09T10:40:09.572Z
sensor.plug_4_puissance,0.0,2026-08-09T10:40:31.573Z
sensor.plug_4_puissance,2.0,2026-08-09T10:40:39.575Z
sensor.plug_4_puissance,3.0,2026-08-09T10:40:44.567Z
sensor.plug_4_puissance,2.0,2026-08-09T10:40:49.567Z
sensor.plug_4_puissance,0.0,2026-08-09T10:40:54.575Z
sensor.plug_4_puissance,2.0,2026-08-09T10:40:59.577Z
sensor.plug_4_puissance,0.0,2026-08-09T10:41:21.578Z
sensor.plug_4_puissance,2.0,2026-08-09T10:41:26.578Z
sensor.plug_4_puissance,3.0,2026-08-09T10:42:05.582Z
sensor.plug_4_puissance,2.0,2026-08-09T10:42:10.572Z
sensor.plug_4_puissance,0.0,2026-08-09T10:42:15.572Z
sensor.plug_4_puissance,2.0,2026-08-09T10:42:20.572Z
sensor.plug_4_puissance,0.0,2026-08-09T10:42:28.582Z
sensor.plug_4_puissance,2.0,2026-08-09T10:42:33.589Z
sensor.plug_4_puissance,0.0,2026-08-09T10:42:38.589Z
sensor.plug_4_puissance,2.0,2026-08-09T10:42:43.585Z
sensor.plug_4_puissance,0.0,2026-08-09T10:43:07.584Z
sensor.plug_4_puissance,2.0,2026-08-09T10:43:12.585Z
sensor.plug_4_puissance,3.0,2026-08-09T10:43:18.590Z
sensor.plug_4_puissance,2.0,2026-08-09T10:43:23.591Z
sensor.plug_4_puissance,0.0,2026-08-09T10:43:53.592Z
sensor.plug_4_puissance,2.0,2026-08-09T10:43:56.698Z
sensor.plug_4_puissance,5.0,2026-08-09T10:44:15.586Z
sensor.plug_4_puissance,2.0,2026-08-09T10:44:20.585Z
sensor.plug_4_puissance,0.0,2026-08-09T10:44:44.594Z
sensor.plug_4_puissance,2.0,2026-08-09T10:44:49.595Z
sensor.plug_4_puissance,0.0,2026-08-09T10:44:54.594Z
sensor.plug_4_puissance,2.0,2026-08-09T10:44:59.594Z
sensor.plug_4_puissance,0.0,2026-08-09T10:46:07.592Z
sensor.plug_4_puissance,2.0,2026-08-09T10:46:12.589Z
sensor.plug_4_puissance,3.0,2026-08-09T10:46:17.589Z
sensor.plug_4_puissance,2.0,2026-08-09T10:46:22.589Z
sensor.plug_4_puissance,3.0,2026-08-09T10:46:30.600Z
sensor.plug_4_puissance,2.0,2026-08-09T10:46:35.600Z
sensor.plug_4_puissance,5.0,2026-08-09T10:47:23.607Z
sensor.plug_4_puissance,0.0,2026-08-09T10:47:27.308Z
sensor.plug_4_puissance,2.0,2026-08-09T10:47:33.602Z
sensor.plug_4_puissance,3.0,2026-08-09T10:47:46.596Z
sensor.plug_4_puissance,2.0,2026-08-09T10:47:51.597Z
sensor.plug_4_puissance,0.0,2026-08-09T10:48:14.608Z
sensor.plug_4_puissance,2.0,2026-08-09T10:48:19.608Z
sensor.plug_4_puissance,4.0,2026-08-09T10:48:40.601Z
sensor.plug_4_puissance,2.0,2026-08-09T10:48:45.603Z
sensor.plug_4_puissance,0.0,2026-08-09T10:49:02.613Z
sensor.plug_4_puissance,2.0,2026-08-09T10:49:07.613Z
sensor.plug_4_puissance,0.0,2026-08-09T10:49:17.613Z
sensor.plug_4_puissance,2.0,2026-08-09T10:49:22.613Z
sensor.plug_4_puissance,0.0,2026-08-09T10:49:31.604Z
sensor.plug_4_puissance,3.0,2026-08-09T10:49:36.605Z
sensor.plug_4_puissance,2.0,2026-08-09T10:49:41.606Z
sensor.plug_4_puissance,0.0,2026-08-09T10:49:52.609Z
sensor.plug_4_puissance,2.0,2026-08-09T10:49:57.609Z
sensor.plug_4_puissance,0.0,2026-08-09T10:50:07.612Z
sensor.plug_4_puissance,2.0,2026-08-09T10:50:12.611Z
sensor.plug_4_puissance,3.0,2026-08-09T10:50:18.617Z
sensor.plug_4_puissance,2.0,2026-08-09T10:50:23.619Z
sensor.plug_4_puissance,0.0,2026-08-09T10:50:28.621Z
sensor.plug_4_puissance,2.0,2026-08-09T10:50:33.621Z
sensor.plug_4_puissance,5.0,2026-08-09T10:50:47.616Z
sensor.plug_4_puissance,2.0,2026-08-09T10:50:52.615Z
sensor.plug_4_puissance,0.0,2026-08-09T10:51:06.628Z
sensor.plug_4_puissance,2.0,2026-08-09T10:51:11.624Z
sensor.plug_4_puissance,4.0,2026-08-09T10:51:16.616Z
sensor.plug_4_puissance,2.0,2026-08-09T10:51:21.617Z
sensor.plug_4_puissance,3.0,2026-08-09T10:51:26.615Z
sensor.plug_4_puissance,2.0,2026-08-09T10:51:31.618Z
sensor.plug_4_puissance,0.0,2026-08-09T10:51:36.619Z
sensor.plug_4_puissance,2.0,2026-08-09T10:51:40.037Z
sensor.plug_4_puissance,0.0,2026-08-09T10:51:46.619Z
sensor.plug_4_puissance,3.0,2026-08-09T10:51:51.623Z
sensor.plug_4_puissance,2.0,2026-08-09T10:51:56.622Z
sensor.plug_4_puissance,3.0,2026-08-09T10:52:01.622Z
sensor.plug_4_puissance,2.0,2026-08-09T10:52:06.621Z
sensor.plug_4_puissance,0.0,2026-08-09T10:52:11.622Z
sensor.plug_4_puissance,3.0,2026-08-09T10:52:16.622Z
sensor.plug_4_puissance,0.0,2026-08-09T10:52:21.636Z
sensor.plug_4_puissance,2.0,2026-08-09T10:52:29.632Z
sensor.plug_4_puissance,0.0,2026-08-09T10:52:40.632Z
sensor.plug_4_puissance,2.0,2026-08-09T10:52:45.632Z
sensor.plug_4_puissance,0.0,2026-08-09T10:53:00.638Z
sensor.plug_4_puissance,2.0,2026-08-09T10:53:08.634Z
sensor.plug_4_puissance,3.0,2026-08-09T10:53:19.635Z
sensor.plug_4_puissance,2.0,2026-08-09T10:53:24.635Z
sensor.plug_4_puissance,3.0,2026-08-09T10:53:37.634Z
sensor.plug_4_puissance,2.0,2026-08-09T10:53:42.626Z
sensor.plug_4_puissance,3.0,2026-08-09T10:55:12.633Z
sensor.plug_4_puissance,2.0,2026-08-09T10:55:17.633Z
sensor.plug_4_puissance,0.0,2026-08-09T10:57:26.647Z
sensor.plug_4_puissance,2.0,2026-08-09T10:57:31.647Z
sensor.plug_4_puissance,0.0,2026-08-09T10:57:41.646Z
sensor.plug_4_puissance,2.0,2026-08-09T10:57:46.649Z
sensor.plug_4_puissance,3.0,2026-08-09T10:57:53.652Z
sensor.plug_4_puissance,2.0,2026-08-09T10:57:58.650Z
sensor.plug_4_puissance,0.0,2026-08-09T10:58:26.642Z
sensor.plug_4_puissance,2.0,2026-08-09T10:58:31.642Z
sensor.plug_4_puissance,3.0,2026-08-09T10:58:36.644Z
sensor.plug_4_puissance,2.0,2026-08-09T10:58:41.214Z
sensor.plug_4_puissance,0.0,2026-08-09T10:58:48.653Z
sensor.plug_4_puissance,3.0,2026-08-09T10:58:55.653Z
sensor.plug_4_puissance,2.0,2026-08-09T10:59:00.643Z
sensor.plug_4_puissance,0.0,2026-08-09T10:59:11.654Z
sensor.plug_4_puissance,2.0,2026-08-09T10:59:16.653Z
sensor.plug_4_puissance,0.0,2026-08-09T11:00:24.654Z
sensor.plug_4_puissance,2.0,2026-08-09T11:00:29.654Z
sensor.plug_4_puissance,0.0,2026-08-09T11:02:49.665Z
sensor.plug_4_puissance,2.0,2026-08-09T11:02:53.922Z
sensor.plug_4_puissance,4.0,2026-08-09T11:03:07.659Z
sensor.plug_4_puissance,2.0,2026-08-09T11:03:12.659Z
sensor.plug_4_puissance,3.0,2026-08-09T11:03:21.670Z
sensor.plug_4_puissance,2.0,2026-08-09T11:03:26.669Z
sensor.plug_4_puissance,5.0,2026-08-09T11:03:38.661Z
sensor.plug_4_puissance,2.0,2026-08-09T11:03:43.661Z
sensor.plug_4_puissance,0.0,2026-08-09T11:04:27.676Z
sensor.plug_4_puissance,2.0,2026-08-09T11:04:32.671Z
sensor.plug_4_puissance,3.0,2026-08-09T11:04:45.664Z
sensor.plug_4_puissance,2.0,2026-08-09T11:04:50.665Z
sensor.plug_4_puissance,0.0,2026-08-09T11:06:18.681Z
sensor.plug_4_puissance,2.0,2026-08-09T11:06:23.482Z
sensor.plug_4_puissance,0.0,2026-08-09T11:07:11.528Z
sensor.plug_4_puissance,2.0,2026-08-09T11:07:16.490Z
sensor.plug_4_puissance,0.0,2026-08-09T11:07:22.487Z
sensor.plug_4_puissance,2.0,2026-08-09T11:07:27.492Z
sensor.plug_4_puissance,0.0,2026-08-09T11:07:52.491Z
sensor.plug_4_puissance,2.0,2026-08-09T11:07:57.491Z
sensor.plug_4_puissance,3.0,2026-08-09T11:08:11.494Z
sensor.plug_4_puissance,2.0,2026-08-09T11:08:16.483Z
sensor.plug_4_puissance,0.0,2026-08-09T11:08:26.483Z
sensor.plug_4_puissance,2.0,2026-08-09T11:08:30.873Z
sensor.plug_4_puissance,0.0,2026-08-09T11:09:48.486Z
sensor.plug_4_puissance,2.0,2026-08-09T11:09:53.487Z
sensor.plug_4_puissance,0.0,2026-08-09T11:10:30.497Z
sensor.plug_4_puissance,2.0,2026-08-09T11:10:35.495Z
sensor.plug_4_puissance,0.0,2026-08-09T11:10:52.498Z
sensor.plug_4_puissance,2.0,2026-08-09T11:10:57.497Z
sensor.plug_4_puissance,5.0,2026-08-09T11:11:58.494Z
sensor.plug_4_puissance,2.0,2026-08-09T11:12:03.494Z
sensor.plug_4_puissance,0.0,2026-08-09T11:12:10.495Z
sensor.plug_4_puissance,2.0,2026-08-09T11:12:15.495Z
sensor.plug_4_puissance,0.0,2026-08-09T11:12:47.506Z
sensor.plug_4_puissance,2.0,2026-08-09T11:12:52.507Z
sensor.plug_4_puissance,0.0,2026-08-09T11:12:58.507Z
sensor.plug_4_puissance,2.0,2026-08-09T11:13:03.508Z
sensor.plug_4_puissance,0.0,2026-08-09T11:13:58.515Z
sensor.plug_4_puissance,2.0,2026-08-09T11:14:03.516Z
sensor.plug_4_puissance,3.0,2026-08-09T11:14:07.873Z
sensor.plug_4_puissance,2.0,2026-08-09T11:14:13.509Z
sensor.plug_4_puissance,3.0,2026-08-09T11:14:49.989Z
sensor.plug_4_puissance,2.0,2026-08-09T11:14:55.511Z
sensor.plug_4_puissance,3.0,2026-08-09T11:15:08.511Z
sensor.plug_4_puissance,2.0,2026-08-09T11:15:13.506Z
sensor.plug_4_puissance,0.0,2026-08-09T11:15:39.521Z
sensor.plug_4_puissance,2.0,2026-08-09T11:15:44.516Z
sensor.plug_4_puissance,3.0,2026-08-09T11:15:50.513Z
sensor.plug_4_puissance,2.0,2026-08-09T11:15:55.512Z
sensor.plug_4_puissance,3.0,2026-08-09T11:16:02.523Z
sensor.plug_4_puissance,2.0,2026-08-09T11:16:07.526Z
sensor.plug_4_puissance,0.0,2026-08-09T11:17:05.523Z
sensor.plug_4_puissance,2.0,2026-08-09T11:17:12.523Z
sensor.plug_4_puissance,3.0,2026-08-09T11:17:33.517Z
sensor.plug_4_puissance,2.0,2026-08-09T11:17:38.454Z
sensor.plug_4_puissance,0.0,2026-08-09T11:17:56.526Z
sensor.plug_4_puissance,2.0,2026-08-09T11:18:01.548Z
sensor.plug_4_puissance,0.0,2026-08-09T11:19:18.533Z
sensor.plug_4_puissance,2.0,2026-08-09T11:19:23.533Z
sensor.plug_4_puissance,3.0,2026-08-09T11:19:48.530Z
sensor.plug_4_puissance,2.0,2026-08-09T11:19:53.530Z
sensor.plug_4_puissance,3.0,2026-08-09T11:20:06.532Z
sensor.plug_4_puissance,2.0,2026-08-09T11:20:11.548Z
sensor.plug_4_puissance,4.0,2026-08-09T11:20:17.542Z
sensor.plug_4_puissance,0.0,2026-08-09T11:20:22.534Z
sensor.plug_4_puissance,2.0,2026-08-09T11:20:26.929Z
sensor.plug_4_puissance,0.0,2026-08-09T11:20:32.542Z
sensor.plug_4_puissance,2.0,2026-08-09T11:20:37.539Z
sensor.plug_4_puissance,0.0,2026-08-09T11:21:28.550Z
sensor.plug_4_puissance,2.0,2026-08-09T11:21:33.551Z
sensor.plug_4_puissance,3.0,2026-08-09T11:21:38.551Z
sensor.plug_4_puissance,2.0,2026-08-09T11:21:43.543Z
sensor.plug_4_puissance,0.0,2026-08-09T11:21:48.543Z
sensor.plug_4_puissance,2.0,2026-08-09T11:21:51.166Z
sensor.plug_4_puissance,3.0,2026-08-09T11:22:24.555Z
sensor.plug_4_puissance,2.0,2026-08-09T11:22:29.550Z
sensor.plug_4_puissance,3.0,2026-08-09T11:25:46.571Z
sensor.plug_4_puissance,2.0,2026-08-09T11:25:51.590Z
sensor.plug_4_puissance,4.0,2026-08-09T11:25:56.572Z
sensor.plug_4_puissance,2.0,2026-08-09T11:26:01.595Z
sensor.plug_4_puissance,3.0,2026-08-09T11:26:42.575Z
sensor.plug_4_puissance,2.0,2026-08-09T11:26:46.027Z
sensor.plug_4_puissance,3.0,2026-08-09T11:27:19.579Z
sensor.plug_4_puissance,2.0,2026-08-09T11:27:24.590Z
sensor.plug_4_puissance,0.0,2026-08-09T11:27:44.596Z
sensor.plug_4_puissance,2.0,2026-08-09T11:27:49.588Z
sensor.plug_4_puissance,0.0,2026-08-09T11:28:03.595Z
sensor.plug_4_puissance,2.0,2026-08-09T11:28:08.593Z
sensor.plug_4_puissance,0.0,2026-08-09T11:28:48.592Z
sensor.plug_4_puissance,2.0,2026-08-09T11:28:52.381Z
sensor.plug_4_puissance,3.0,2026-08-09T11:29:07.583Z
sensor.plug_4_puissance,2.0,2026-08-09T11:29:12.585Z
sensor.plug_4_puissance,0.0,2026-08-09T11:30:29.598Z
sensor.plug_4_puissance,2.0,2026-08-09T11:30:34.595Z
sensor.plug_4_puissance,0.0,2026-08-09T11:30:48.593Z
sensor.plug_4_puissance,2.0,2026-08-09T11:30:53.593Z
sensor.plug_4_puissance,3.0,2026-08-09T11:31:18.600Z
sensor.plug_4_puissance,2.0,2026-08-09T11:31:23.598Z
sensor.plug_4_puissance,0.0,2026-08-09T11:31:29.599Z
sensor.plug_4_puissance,2.0,2026-08-09T11:31:34.599Z
sensor.plug_4_puissance,0.0,2026-08-09T11:31:51.601Z
sensor.plug_4_puissance,4.0,2026-08-09T11:31:56.601Z
sensor.plug_4_puissance,2.0,2026-08-09T11:32:01.602Z
sensor.plug_4_puissance,4.0,2026-08-09T11:32:27.614Z
sensor.plug_4_puissance,2.0,2026-08-09T11:32:32.612Z
sensor.plug_4_puissance,3.0,2026-08-09T11:32:45.605Z
sensor.plug_4_puissance,2.0,2026-08-09T11:32:50.604Z
sensor.plug_4_puissance,4.0,2026-08-09T11:32:58.607Z
sensor.plug_4_puissance,2.0,2026-08-09T11:33:03.607Z
sensor.plug_4_puissance,3.0,2026-08-09T11:33:12.615Z
sensor.plug_4_puissance,4.0,2026-08-09T11:33:17.617Z
sensor.plug_4_puissance,2.0,2026-08-09T11:33:22.615Z
sensor.plug_4_puissance,0.0,2026-08-09T11:33:45.609Z
sensor.plug_4_puissance,2.0,2026-08-09T11:33:50.608Z
sensor.plug_4_puissance,3.0,2026-08-09T11:34:00.610Z
sensor.plug_4_puissance,2.0,2026-08-09T11:34:05.610Z
sensor.plug_4_puissance,3.0,2026-08-09T11:34:27.613Z
sensor.plug_4_puissance,2.0,2026-08-09T11:34:32.613Z
sensor.plug_4_puissance,0.0,2026-08-09T11:36:11.622Z
sensor.plug_4_puissance,2.0,2026-08-09T11:36:16.621Z
sensor.plug_4_puissance,3.0,2026-08-09T11:36:30.624Z
sensor.plug_4_puissance,2.0,2026-08-09T11:36:35.624Z
sensor.plug_4_puissance,3.0,2026-08-09T11:36:48.626Z
sensor.plug_4_puissance,2.0,2026-08-09T11:36:53.628Z
sensor.plug_4_puissance,3.0,2026-08-09T11:37:13.629Z
sensor.plug_4_puissance,2.0,2026-08-09T11:37:17.859Z
sensor.plug_4_puissance,0.0,2026-08-09T11:38:06.644Z
sensor.plug_4_puissance,2.0,2026-08-09T11:38:11.644Z
sensor.plug_4_puissance,3.0,2026-08-09T11:38:16.635Z
sensor.plug_4_puissance,0.0,2026-08-09T11:38:21.636Z
sensor.plug_4_puissance,2.0,2026-08-09T11:38:26.637Z
sensor.plug_4_puissance,0.0,2026-08-09T11:39:55.656Z
sensor.plug_4_puissance,2.0,2026-08-09T11:40:00.657Z
sensor.plug_4_puissance,0.0,2026-08-09T11:40:33.658Z
sensor.plug_4_puissance,2.0,2026-08-09T11:40:38.661Z
sensor.plug_4_puissance,4.0,2026-08-09T11:40:48.459Z
sensor.plug_4_puissance,2.0,2026-08-09T11:40:53.648Z
sensor.plug_4_puissance,0.0,2026-08-09T11:41:13.658Z
sensor.plug_4_puissance,2.0,2026-08-09T11:41:18.658Z
sensor.plug_4_puissance,3.0,2026-08-09T11:41:59.651Z
sensor.plug_4_puissance,2.0,2026-08-09T11:42:06.651Z
sensor.plug_4_puissance,3.0,2026-08-09T11:42:39.654Z
sensor.plug_4_puissance,2.0,2026-08-09T11:42:44.667Z
sensor.plug_4_puissance,3.0,2026-08-09T11:43:13.659Z
sensor.plug_4_puissance,2.0,2026-08-09T11:43:18.661Z
sensor.plug_4_puissance,3.0,2026-08-09T11:44:33.679Z
sensor.plug_4_puissance,2.0,2026-08-09T11:44:38.671Z
sensor.plug_4_puissance,0.0,2026-08-09T11:44:52.674Z
sensor.plug_4_puissance,2.0,2026-08-09T11:44:57.674Z
sensor.plug_4_puissance,0.0,2026-08-09T11:47:02.706Z
sensor.plug_4_puissance,2.0,2026-08-09T11:47:07.517Z
sensor.plug_4_puissance,3.0,2026-08-09T11:47:12.688Z
sensor.plug_4_puissance,2.0,2026-08-09T11:47:17.688Z
sensor.plug_4_puissance,3.0,2026-08-09T11:51:11.524Z
sensor.plug_4_puissance,2.0,2026-08-09T11:51:16.525Z
sensor.plug_4_puissance,3.0,2026-08-09T11:51:20.238Z
sensor.plug_4_puissance,0.0,2026-08-09T11:51:25.536Z
sensor.plug_4_puissance,2.0,2026-08-09T11:51:30.542Z
sensor.plug_4_puissance,0.0,2026-08-09T11:51:37.535Z
sensor.plug_4_puissance,3.0,2026-08-09T11:51:42.537Z
sensor.plug_4_puissance,2.0,2026-08-09T11:51:47.528Z
sensor.plug_4_puissance,0.0,2026-08-09T11:52:37.543Z
sensor.plug_4_puissance,2.0,2026-08-09T11:52:42.545Z
sensor.plug_4_puissance,3.0,2026-08-09T11:53:55.537Z
sensor.plug_4_puissance,2.0,2026-08-09T11:54:00.538Z
sensor.plug_4_puissance,0.0,2026-08-09T11:54:22.550Z
sensor.plug_4_puissance,2.0,2026-08-09T11:54:27.549Z
sensor.plug_4_puissance,0.0,2026-08-09T11:54:56.551Z
sensor.plug_4_puissance,2.0,2026-08-09T11:55:01.549Z
sensor.plug_4_puissance,0.0,2026-08-09T11:55:18.541Z
sensor.plug_4_puissance,2.0,2026-08-09T11:55:23.541Z
sensor.plug_4_puissance,0.0,2026-08-09T11:56:48.556Z
sensor.plug_4_puissance,2.0,2026-08-09T11:56:53.556Z
sensor.plug_4_puissance,3.0,2026-08-09T11:57:32.547Z
sensor.plug_4_puissance,2.0,2026-08-09T11:57:37.547Z
sensor.plug_4_puissance,0.0,2026-08-09T11:57:55.555Z
sensor.plug_4_puissance,2.0,2026-08-09T11:58:00.557Z
sensor.plug_4_puissance,4.0,2026-08-09T11:58:13.557Z
sensor.plug_4_puissance,2.0,2026-08-09T11:58:18.559Z
sensor.plug_4_puissance,0.0,2026-08-09T11:58:21.424Z
sensor.plug_4_puissance,2.0,2026-08-09T11:58:28.560Z
sensor.plug_4_puissance,4.0,2026-08-09T11:58:46.552Z
sensor.plug_4_puissance,2.0,2026-08-09T11:58:51.552Z
sensor.plug_4_puissance,0.0,2026-08-09T12:00:23.570Z
sensor.plug_4_puissance,2.0,2026-08-09T12:00:27.783Z
sensor.plug_4_puissance,0.0,2026-08-09T12:02:06.567Z
sensor.plug_4_puissance,2.0,2026-08-09T12:02:11.565Z
sensor.plug_4_puissance,3.0,2026-08-09T12:02:35.570Z
sensor.plug_4_puissance,2.0,2026-08-09T12:02:40.571Z
sensor.plug_4_puissance,3.0,2026-08-09T12:04:22.588Z
sensor.plug_4_puissance,2.0,2026-08-09T12:04:27.588Z
sensor.plug_4_puissance,0.0,2026-08-09T12:05:44.601Z
sensor.plug_4_puissance,2.0,2026-08-09T12:05:52.611Z
sensor.plug_4_puissance,3.0,2026-08-09T12:06:49.616Z
sensor.plug_4_puissance,2.0,2026-08-09T12:06:54.608Z
sensor.plug_4_puissance,5.0,2026-08-09T12:07:42.611Z
sensor.plug_4_puissance,3.0,2026-08-09T12:07:47.612Z
sensor.plug_4_puissance,2.0,2026-08-09T12:07:52.613Z
sensor.plug_4_puissance,0.0,2026-08-09T12:08:27.622Z
sensor.plug_4_puissance,2.0,2026-08-09T12:08:32.622Z
sensor.plug_4_puissance,3.0,2026-08-09T12:10:04.621Z
sensor.plug_4_puissance,2.0,2026-08-09T12:10:09.622Z
sensor.plug_4_puissance,3.0,2026-08-09T12:10:34.624Z
sensor.plug_4_puissance,2.0,2026-08-09T12:10:39.627Z
sensor.plug_4_puissance,0.0,2026-08-09T12:10:52.636Z
sensor.plug_4_puissance,2.0,2026-08-09T12:10:57.637Z
sensor.plug_4_puissance,3.0,2026-08-09T12:12:02.632Z
sensor.plug_4_puissance,2.0,2026-08-09T12:12:07.634Z
sensor.plug_4_puissance,3.0,2026-08-09T12:15:03.651Z
sensor.plug_4_puissance,2.0,2026-08-09T12:15:08.652Z
sensor.plug_4_puissance,0.0,2026-08-09T12:15:40.667Z
sensor.plug_4_puissance,2.0,2026-08-09T12:15:45.663Z
sensor.plug_4_puissance,0.0,2026-08-09T12:15:50.663Z
sensor.plug_4_puissance,2.0,2026-08-09T12:15:54.390Z
sensor.plug_4_puissance,3.0,2026-08-09T12:16:35.655Z
sensor.plug_4_puissance,2.0,2026-08-09T12:16:40.664Z
sensor.plug_4_puissance,3.0,2026-08-09T12:19:36.668Z
sensor.plug_4_puissance,2.0,2026-08-09T12:19:41.669Z
sensor.plug_4_puissance,0.0,2026-08-09T12:19:51.684Z
sensor.plug_4_puissance,2.0,2026-08-09T12:19:56.679Z
sensor.plug_4_puissance,4.0,2026-08-09T12:21:31.335Z
sensor.plug_4_puissance,2.0,2026-08-09T12:21:36.681Z
sensor.plug_4_puissance,0.0,2026-08-09T12:21:42.681Z
sensor.plug_4_puissance,3.0,2026-08-09T12:21:47.681Z
sensor.plug_4_puissance,2.0,2026-08-09T12:21:52.682Z
sensor.plug_4_puissance,3.0,2026-08-09T12:22:22.674Z
sensor.plug_4_puissance,2.0,2026-08-09T12:22:27.684Z
sensor.plug_4_puissance,3.0,2026-08-09T12:25:19.683Z
sensor.plug_4_puissance,2.0,2026-08-09T12:25:24.683Z
sensor.plug_4_puissance,0.0,2026-08-09T12:25:29.682Z
sensor.plug_4_puissance,2.0,2026-08-09T12:25:34.682Z
sensor.plug_4_puissance,0.0,2026-08-09T12:28:51.710Z
sensor.plug_4_puissance,2.0,2026-08-09T12:28:56.709Z
sensor.plug_4_puissance,0.0,2026-08-09T12:30:36.707Z
sensor.plug_4_puissance,2.0,2026-08-09T12:30:41.708Z
sensor.plug_4_puissance,3.0,2026-08-09T12:34:06.740Z
sensor.plug_4_puissance,2.0,2026-08-09T12:34:11.740Z
sensor.plug_4_puissance,3.0,2026-08-09T12:34:54.757Z
sensor.plug_4_puissance,2.0,2026-08-09T12:34:59.749Z
sensor.plug_4_puissance,0.0,2026-08-09T12:35:30.753Z
sensor.plug_4_puissance,2.0,2026-08-09T12:35:35.764Z
sensor.plug_4_puissance,3.0,2026-08-09T12:38:11.575Z
sensor.plug_4_puissance,2.0,2026-08-09T12:38:16.586Z
sensor.plug_4_puissance,4.0,2026-08-09T12:40:31.600Z
sensor.plug_4_puissance,2.0,2026-08-09T12:40:36.602Z
sensor.plug_4_puissance,3.0,2026-08-09T12:42:10.608Z
sensor.plug_4_puissance,2.0,2026-08-09T12:42:15.609Z
sensor.plug_4_puissance,3.0,2026-08-09T12:42:32.612Z
sensor.plug_4_puissance,2.0,2026-08-09T12:42:37.614Z
sensor.plug_4_puissance,3.0,2026-08-09T12:42:59.618Z
sensor.plug_4_puissance,2.0,2026-08-09T12:43:04.618Z
sensor.plug_4_puissance,0.0,2026-08-09T12:43:09.618Z
sensor.plug_4_puissance,2.0,2026-08-09T12:43:14.620Z
sensor.plug_4_puissance,0.0,2026-08-09T12:43:35.633Z
sensor.plug_4_puissance,2.0,2026-08-09T12:43:40.632Z
sensor.plug_4_puissance,3.0,2026-08-09T13:13:59.565Z
sensor.plug_4_puissance,4.0,2026-08-09T13:14:03.857Z
sensor.plug_4_puissance,2.0,2026-08-09T13:14:09.588Z
sensor.plug_4_puissance,4.0,2026-08-09T13:14:14.588Z
sensor.plug_4_puissance,5.0,2026-08-09T13:14:19.588Z
sensor.plug_4_puissance,4.0,2026-08-09T13:14:24.590Z
sensor.plug_4_puissance,2.0,2026-08-09T13:14:29.591Z
sensor.plug_4_puissance,5.0,2026-08-09T13:14:31.331Z
sensor.plug_4_puissance,3.0,2026-08-09T13:14:34.592Z
sensor.plug_4_puissance,2.0,2026-08-09T13:14:39.592Z
sensor.plug_4_puissance,3.0,2026-08-09T13:14:46.595Z
sensor.plug_4_puissance,0.0,2026-08-09T13:14:51.605Z
sensor.plug_4_puissance,4.0,2026-08-09T13:14:56.605Z
sensor.plug_4_puissance,3.0,2026-08-09T13:15:01.610Z
sensor.plug_4_puissance,5.0,2026-08-09T13:15:05.454Z
sensor.plug_4_puissance,2.0,2026-08-09T13:15:11.610Z
sensor.plug_4_puissance,5.0,2026-08-09T13:15:16.611Z
sensor.plug_4_puissance,2.0,2026-08-09T13:15:21.610Z
sensor.plug_4_puissance,5.0,2026-08-09T13:15:26.611Z
sensor.plug_4_puissance,2.0,2026-08-09T13:15:31.612Z
sensor.plug_4_puissance,3.0,2026-08-09T13:15:36.604Z
sensor.plug_4_puissance,6.0,2026-08-09T13:15:39.574Z
sensor.plug_4_puissance,2.0,2026-08-09T13:15:46.614Z
sensor.plug_4_puissance,0.0,2026-08-09T13:15:51.618Z
sensor.plug_4_puissance,4.0,2026-08-09T13:15:56.615Z
sensor.plug_4_puissance,2.0,2026-08-09T13:16:01.615Z
sensor.plug_4_puissance,4.0,2026-08-09T13:16:07.615Z
sensor.plug_4_puissance,0.0,2026-08-09T13:16:12.617Z
sensor.plug_4_puissance,2.0,2026-08-09T13:16:17.619Z
sensor.plug_4_puissance,3.0,2026-08-09T13:16:22.609Z
sensor.plug_4_puissance,2.0,2026-08-09T13:16:27.610Z
sensor.plug_4_puissance,4.0,2026-08-09T13:16:32.610Z
sensor.plug_4_puissance,2.0,2026-08-09T13:16:37.609Z
sensor.plug_4_puissance,5.0,2026-08-09T13:16:48.621Z
sensor.plug_4_puissance,4.0,2026-08-09T13:16:53.612Z
sensor.plug_4_puissance,2.0,2026-08-09T13:16:58.612Z
sensor.plug_4_puissance,4.0,2026-08-09T13:17:03.613Z
sensor.plug_4_puissance,2.0,2026-08-09T13:17:08.614Z
sensor.plug_4_puissance,0.0,2026-08-09T13:17:19.623Z
sensor.plug_4_puissance,2.0,2026-08-09T13:17:24.624Z
sensor.plug_4_puissance,3.0,2026-08-09T13:17:49.619Z
sensor.plug_4_puissance,2.0,2026-08-09T13:17:56.619Z
sensor.plug_4_puissance,5.0,2026-08-09T13:18:01.620Z
sensor.plug_4_puissance,2.0,2026-08-09T13:18:06.620Z
sensor.plug_4_puissance,3.0,2026-08-09T13:18:11.620Z
sensor.plug_4_puissance,4.0,2026-08-09T13:18:19.623Z
sensor.plug_4_puissance,2.0,2026-08-09T13:18:24.624Z
sensor.plug_4_puissance,3.0,2026-08-09T13:18:30.155Z
sensor.plug_4_puissance,5.0,2026-08-09T13:18:35.635Z
sensor.plug_4_puissance,2.0,2026-08-09T13:18:40.637Z
sensor.plug_4_puissance,0.0,2026-08-09T13:18:45.638Z
sensor.plug_4_puissance,2.0,2026-08-09T13:18:50.637Z
sensor.plug_4_puissance,4.0,2026-08-09T13:18:59.630Z
sensor.plug_4_puissance,5.0,2026-08-09T13:19:04.271Z
sensor.plug_4_puissance,4.0,2026-08-09T13:19:09.636Z
sensor.plug_4_puissance,2.0,2026-08-09T13:19:14.638Z
sensor.plug_4_puissance,5.0,2026-08-09T13:19:19.639Z
sensor.plug_4_puissance,0.0,2026-08-09T13:19:24.638Z
sensor.plug_4_puissance,2.0,2026-08-09T13:19:33.646Z
sensor.plug_4_puissance,4.0,2026-08-09T13:19:40.647Z
sensor.plug_4_puissance,2.0,2026-08-09T13:19:45.651Z
sensor.plug_4_puissance,0.0,2026-08-09T13:19:54.642Z
sensor.plug_4_puissance,3.0,2026-08-09T13:19:59.642Z
sensor.plug_4_puissance,5.0,2026-08-09T13:20:04.644Z
sensor.plug_4_puissance,2.0,2026-08-09T13:20:09.446Z
sensor.plug_4_puissance,4.0,2026-08-09T13:20:15.454Z
sensor.plug_4_puissance,2.0,2026-08-09T13:20:20.458Z
sensor.plug_4_puissance,4.0,2026-08-09T13:20:30.459Z
sensor.plug_4_puissance,2.0,2026-08-09T13:20:37.452Z
sensor.plug_4_puissance,3.0,2026-08-09T13:20:42.460Z
sensor.plug_4_puissance,6.0,2026-08-09T13:20:46.634Z
sensor.plug_4_puissance,0.0,2026-08-09T13:20:52.460Z
sensor.plug_4_puissance,4.0,2026-08-09T13:20:57.460Z
sensor.plug_4_puissance,2.0,2026-08-09T13:21:02.462Z
sensor.plug_4_puissance,4.0,2026-08-09T13:21:09.460Z
sensor.plug_4_puissance,2.0,2026-08-09T13:21:14.462Z
sensor.plug_4_puissance,4.0,2026-08-09T13:21:26.456Z
sensor.plug_4_puissance,2.0,2026-08-09T13:21:31.457Z
sensor.plug_4_puissance,3.0,2026-08-09T13:21:36.457Z
sensor.plug_4_puissance,2.0,2026-08-09T13:21:41.458Z
sensor.plug_4_puissance,4.0,2026-08-09T13:21:46.459Z
sensor.plug_4_puissance,2.0,2026-08-09T13:21:51.461Z
sensor.plug_4_puissance,4.0,2026-08-09T13:21:54.867Z
sensor.plug_4_puissance,5.0,2026-08-09T13:21:56.460Z
sensor.plug_4_puissance,3.0,2026-08-09T13:22:01.462Z
sensor.plug_4_puissance,2.0,2026-08-09T13:22:06.462Z
sensor.plug_4_puissance,3.0,2026-08-09T13:22:11.462Z
sensor.plug_4_puissance,2.0,2026-08-09T13:22:16.464Z
sensor.plug_4_puissance,5.0,2026-08-09T13:22:28.466Z
sensor.plug_4_puissance,4.0,2026-08-09T13:22:33.464Z
sensor.plug_4_puissance,2.0,2026-08-09T13:22:41.467Z
sensor.plug_4_puissance,0.0,2026-08-09T13:22:52.468Z
sensor.plug_4_puissance,2.0,2026-08-09T13:22:57.465Z
sensor.plug_4_puissance,0.0,2026-08-09T13:23:04.468Z
sensor.plug_4_puissance,2.0,2026-08-09T13:23:09.468Z
sensor.plug_4_puissance,4.0,2026-08-09T13:23:18.471Z
sensor.plug_4_puissance,5.0,2026-08-09T13:23:23.472Z
sensor.plug_4_puissance,2.0,2026-08-09T13:23:28.472Z
sensor.plug_4_puissance,0.0,2026-08-09T13:23:39.482Z
sensor.plug_4_puissance,2.0,2026-08-09T13:23:44.483Z
sensor.plug_4_puissance,4.0,2026-08-09T13:23:50.484Z
sensor.plug_4_puissance,2.0,2026-08-09T13:23:55.485Z
sensor.plug_4_puissance,3.0,2026-08-09T13:24:31.487Z
sensor.plug_4_puissance,0.0,2026-08-09T13:24:36.494Z
sensor.plug_4_puissance,2.0,2026-08-09T13:24:41.488Z
sensor.plug_4_puissance,4.0,2026-08-09T13:24:46.480Z
sensor.plug_4_puissance,2.0,2026-08-09T13:24:51.481Z
sensor.plug_4_puissance,4.0,2026-08-09T13:24:56.483Z
sensor.plug_4_puissance,0.0,2026-08-09T13:25:01.481Z
sensor.plug_4_puissance,2.0,2026-08-09T13:25:06.483Z
sensor.plug_4_puissance,0.0,2026-08-09T13:25:23.492Z
sensor.plug_4_puissance,2.0,2026-08-09T13:25:28.494Z
sensor.plug_4_puissance,0.0,2026-08-09T13:25:37.496Z
sensor.plug_4_puissance,2.0,2026-08-09T13:25:42.496Z
sensor.plug_4_puissance,0.0,2026-08-09T13:25:53.499Z
sensor.plug_4_puissance,3.0,2026-08-09T13:25:58.499Z
sensor.plug_4_puissance,0.0,2026-08-09T13:26:03.498Z
sensor.plug_4_puissance,2.0,2026-08-09T13:26:08.498Z
sensor.plug_4_puissance,3.0,2026-08-09T13:26:18.491Z
sensor.plug_4_puissance,2.0,2026-08-09T13:26:23.492Z
sensor.plug_4_puissance,5.0,2026-08-09T13:27:05.504Z
sensor.plug_4_puissance,4.0,2026-08-09T13:27:10.507Z
sensor.plug_4_puissance,0.0,2026-08-09T13:27:15.510Z
sensor.plug_4_puissance,4.0,2026-08-09T13:27:20.511Z
sensor.plug_4_puissance,2.0,2026-08-09T13:27:25.508Z
sensor.plug_4_puissance,3.0,2026-08-09T13:27:37.502Z
sensor.plug_4_puissance,2.0,2026-08-09T13:27:42.503Z
sensor.plug_4_puissance,4.0,2026-08-09T13:28:05.503Z
sensor.plug_4_puissance,2.0,2026-08-09T13:28:15.505Z
sensor.plug_4_puissance,0.0,2026-08-09T13:28:22.506Z
sensor.plug_4_puissance,2.0,2026-08-09T13:28:27.508Z
sensor.plug_4_puissance,3.0,2026-08-09T13:28:45.509Z
sensor.plug_4_puissance,2.0,2026-08-09T13:28:50.519Z
sensor.plug_4_puissance,5.0,2026-08-09T13:29:29.514Z
sensor.plug_4_puissance,2.0,2026-08-09T13:29:34.520Z
sensor.plug_4_puissance,3.0,2026-08-09T13:30:03.516Z
sensor.plug_4_puissance,2.0,2026-08-09T13:30:08.516Z
sensor.plug_4_puissance,3.0,2026-08-09T13:30:13.516Z
sensor.plug_4_puissance,2.0,2026-08-09T13:30:18.518Z
sensor.plug_4_puissance,0.0,2026-08-09T13:31:18.532Z
sensor.plug_4_puissance,2.0,2026-08-09T13:31:23.530Z
sensor.plug_4_puissance,4.0,2026-08-09T13:32:06.524Z
sensor.plug_4_puissance,2.0,2026-08-09T13:32:11.525Z
sensor.plug_4_puissance,4.0,2026-08-09T13:32:17.527Z
sensor.plug_4_puissance,2.0,2026-08-09T13:32:22.527Z
sensor.plug_4_puissance,4.0,2026-08-09T13:32:27.537Z
sensor.plug_4_puissance,2.0,2026-08-09T13:32:32.536Z
sensor.plug_4_puissance,5.0,2026-08-09T13:32:38.538Z
sensor.plug_4_puissance,0.0,2026-08-09T13:32:43.107Z
sensor.plug_4_puissance,2.0,2026-08-09T13:32:48.537Z
sensor.plug_4_puissance,0.0,2026-08-09T13:33:03.540Z
sensor.plug_4_puissance,4.0,2026-08-09T13:33:08.540Z
sensor.plug_4_puissance,2.0,2026-08-09T13:33:13.539Z
sensor.plug_4_puissance,0.0,2026-08-09T13:33:17.245Z
sensor.plug_4_puissance,3.0,2026-08-09T13:33:23.541Z
sensor.plug_4_puissance,2.0,2026-08-09T13:33:28.542Z
sensor.plug_4_puissance,0.0,2026-08-09T13:33:46.542Z
sensor.plug_4_puissance,2.0,2026-08-09T13:33:51.367Z
sensor.plug_4_puissance,4.0,2026-08-09T13:34:04.545Z
sensor.plug_4_puissance,2.0,2026-08-09T13:34:11.537Z
sensor.plug_4_puissance,3.0,2026-08-09T13:34:23.535Z
sensor.plug_4_puissance,2.0,2026-08-09T13:34:28.537Z
sensor.plug_4_puissance,4.0,2026-08-09T13:34:42.539Z
sensor.plug_4_puissance,0.0,2026-08-09T13:34:47.539Z
sensor.plug_4_puissance,4.0,2026-08-09T13:34:57.547Z
sensor.plug_4_puissance,2.0,2026-08-09T13:35:02.535Z
sensor.plug_4_puissance,3.0,2026-08-09T13:35:18.541Z
sensor.plug_4_puissance,2.0,2026-08-09T13:35:25.539Z
sensor.plug_4_puissance,4.0,2026-08-09T13:35:36.550Z
sensor.plug_4_puissance,2.0,2026-08-09T13:35:41.542Z
sensor.plug_4_puissance,3.0,2026-08-09T13:36:05.541Z
sensor.plug_4_puissance,2.0,2026-08-09T13:36:10.550Z
sensor.plug_4_puissance,3.0,2026-08-09T13:36:16.542Z
sensor.plug_4_puissance,2.0,2026-08-09T13:36:21.543Z
sensor.plug_4_puissance,5.0,2026-08-09T13:36:41.544Z
sensor.plug_4_puissance,2.0,2026-08-09T13:36:46.552Z
sensor.plug_4_puissance,3.0,2026-08-09T13:36:51.554Z
sensor.plug_4_puissance,2.0,2026-08-09T13:36:56.556Z
sensor.plug_4_puissance,0.0,2026-08-09T13:37:05.547Z
sensor.plug_4_puissance,2.0,2026-08-09T13:37:10.546Z
sensor.plug_4_puissance,3.0,2026-08-09T13:37:26.555Z
sensor.plug_4_puissance,2.0,2026-08-09T13:37:37.556Z
sensor.plug_4_puissance,0.0,2026-08-09T13:37:42.557Z
sensor.plug_4_puissance,2.0,2026-08-09T13:37:47.557Z
sensor.plug_4_puissance,3.0,2026-08-09T13:37:50.213Z
sensor.plug_4_puissance,4.0,2026-08-09T13:37:57.560Z
sensor.plug_4_puissance,2.0,2026-08-09T13:38:02.565Z
sensor.plug_4_puissance,3.0,2026-08-09T13:38:26.555Z
sensor.plug_4_puissance,2.0,2026-08-09T13:38:31.556Z
sensor.plug_4_puissance,4.0,2026-08-09T13:38:43.565Z
sensor.plug_4_puissance,2.0,2026-08-09T13:38:48.565Z
sensor.plug_4_puissance,5.0,2026-08-09T13:38:53.566Z
sensor.plug_4_puissance,2.0,2026-08-09T13:38:58.451Z
sensor.plug_4_puissance,0.0,2026-08-09T13:39:06.568Z
sensor.plug_4_puissance,2.0,2026-08-09T13:39:11.566Z
sensor.plug_4_puissance,4.0,2026-08-09T13:39:21.558Z
sensor.plug_4_puissance,0.0,2026-08-09T13:39:26.559Z
sensor.plug_4_puissance,4.0,2026-08-09T13:39:31.559Z
sensor.plug_4_puissance,0.0,2026-08-09T13:39:36.559Z
sensor.plug_4_puissance,3.0,2026-08-09T13:39:41.559Z
sensor.plug_4_puissance,2.0,2026-08-09T13:39:46.559Z
sensor.plug_4_puissance,4.0,2026-08-09T13:39:51.560Z
sensor.plug_4_puissance,2.0,2026-08-09T13:39:56.561Z
sensor.plug_4_puissance,0.0,2026-08-09T13:40:14.570Z
sensor.plug_4_puissance,2.0,2026-08-09T13:40:19.570Z
sensor.plug_4_puissance,0.0,2026-08-09T13:40:52.566Z
sensor.plug_4_puissance,4.0,2026-08-09T13:40:57.574Z
sensor.plug_4_puissance,2.0,2026-08-09T13:41:02.566Z
sensor.plug_4_puissance,0.0,2026-08-09T13:41:21.577Z
sensor.plug_4_puissance,3.0,2026-08-09T13:41:26.576Z
sensor.plug_4_puissance,2.0,2026-08-09T13:41:31.567Z
sensor.plug_4_puissance,4.0,2026-08-09T13:41:58.570Z
sensor.plug_4_puissance,2.0,2026-08-09T13:42:03.569Z
sensor.plug_4_puissance,0.0,2026-08-09T13:42:21.570Z
sensor.plug_4_puissance,2.0,2026-08-09T13:42:26.571Z
sensor.plug_4_puissance,0.0,2026-08-09T13:42:38.580Z
sensor.plug_4_puissance,3.0,2026-08-09T13:42:43.580Z
sensor.plug_4_puissance,2.0,2026-08-09T13:42:48.571Z
sensor.plug_4_puissance,0.0,2026-08-09T13:43:12.581Z
sensor.plug_4_puissance,3.0,2026-08-09T13:43:17.581Z
sensor.plug_4_puissance,2.0,2026-08-09T13:43:22.573Z
sensor.plug_4_puissance,5.0,2026-08-09T13:43:53.574Z
sensor.plug_4_puissance,2.0,2026-08-09T13:43:58.573Z
sensor.plug_4_puissance,3.0,2026-08-09T13:44:03.582Z
sensor.plug_4_puissance,2.0,2026-08-09T13:44:05.539Z
sensor.plug_4_puissance,3.0,2026-08-09T13:44:38.576Z
sensor.plug_4_puissance,2.0,2026-08-09T13:44:43.576Z
sensor.plug_4_puissance,3.0,2026-08-09T13:44:51.578Z
sensor.plug_4_puissance,0.0,2026-08-09T13:44:56.578Z
sensor.plug_4_puissance,2.0,2026-08-09T13:45:01.579Z
sensor.plug_4_puissance,3.0,2026-08-09T13:45:09.589Z
sensor.plug_4_puissance,2.0,2026-08-09T13:45:13.778Z
sensor.plug_4_puissance,3.0,2026-08-09T13:45:30.582Z
sensor.plug_4_puissance,2.0,2026-08-09T13:45:35.582Z
sensor.plug_4_puissance,0.0,2026-08-09T13:45:42.591Z
sensor.plug_4_puissance,2.0,2026-08-09T13:45:47.598Z
sensor.plug_4_puissance,3.0,2026-08-09T13:46:00.585Z
sensor.plug_4_puissance,0.0,2026-08-09T13:46:07.593Z
sensor.plug_4_puissance,2.0,2026-08-09T13:46:12.595Z
sensor.plug_4_puissance,4.0,2026-08-09T13:46:17.594Z
sensor.plug_4_puissance,0.0,2026-08-09T13:46:22.015Z
sensor.plug_4_puissance,2.0,2026-08-09T13:46:27.595Z
sensor.plug_4_puissance,3.0,2026-08-09T13:47:13.596Z
sensor.plug_4_puissance,2.0,2026-08-09T13:47:18.596Z
sensor.plug_4_puissance,3.0,2026-08-09T13:47:39.602Z
sensor.plug_4_puissance,4.0,2026-08-09T13:47:44.611Z
sensor.plug_4_puissance,2.0,2026-08-09T13:47:49.609Z
sensor.plug_4_puissance,0.0,2026-08-09T13:48:19.615Z
sensor.plug_4_puissance,2.0,2026-08-09T13:48:24.613Z
sensor.plug_4_puissance,0.0,2026-08-09T13:48:58.605Z
sensor.plug_4_puissance,2.0,2026-08-09T13:49:10.615Z
sensor.plug_4_puissance,3.0,2026-08-09T13:49:15.615Z
sensor.plug_4_puissance,2.0,2026-08-09T13:49:20.607Z
sensor.plug_4_puissance,0.0,2026-08-09T13:49:28.607Z
sensor.plug_4_puissance,2.0,2026-08-09T13:49:33.608Z
sensor.plug_4_puissance,3.0,2026-08-09T13:49:38.608Z
sensor.plug_4_puissance,2.0,2026-08-09T13:49:43.607Z
sensor.plug_4_puissance,3.0,2026-08-09T13:49:50.608Z
sensor.plug_4_puissance,2.0,2026-08-09T13:49:55.608Z
sensor.plug_4_puissance,0.0,2026-08-09T13:50:02.617Z
sensor.plug_4_puissance,2.0,2026-08-09T13:50:07.617Z
sensor.plug_4_puissance,3.0,2026-08-09T13:50:43.609Z
sensor.plug_4_puissance,2.0,2026-08-09T13:50:48.608Z
sensor.plug_4_puissance,0.0,2026-08-09T13:51:19.617Z
sensor.plug_4_puissance,5.0,2026-08-09T13:51:24.616Z
sensor.plug_4_puissance,2.0,2026-08-09T13:51:29.080Z
sensor.plug_4_puissance,0.0,2026-08-09T13:51:34.618Z
sensor.plug_4_puissance,2.0,2026-08-09T13:51:41.617Z
sensor.plug_4_puissance,3.0,2026-08-09T13:51:53.612Z
sensor.plug_4_puissance,4.0,2026-08-09T13:51:58.621Z
sensor.plug_4_puissance,2.0,2026-08-09T13:52:06.610Z
sensor.plug_4_puissance,3.0,2026-08-09T13:52:11.610Z
sensor.plug_4_puissance,2.0,2026-08-09T13:52:16.610Z
sensor.plug_4_puissance,5.0,2026-08-09T13:52:21.613Z
sensor.plug_4_puissance,2.0,2026-08-09T13:52:26.613Z
sensor.plug_4_puissance,3.0,2026-08-09T13:53:01.613Z
sensor.plug_4_puissance,2.0,2026-08-09T13:53:06.613Z
sensor.plug_4_puissance,0.0,2026-08-09T13:53:16.625Z
sensor.plug_4_puissance,2.0,2026-08-09T13:53:21.620Z
sensor.plug_4_puissance,3.0,2026-08-09T13:53:38.611Z
sensor.plug_4_puissance,2.0,2026-08-09T13:53:43.612Z
sensor.plug_4_puissance,0.0,2026-08-09T13:54:42.614Z
sensor.plug_4_puissance,2.0,2026-08-09T13:54:47.614Z
sensor.plug_4_puissance,0.0,2026-08-09T13:54:56.623Z
sensor.plug_4_puissance,3.0,2026-08-09T13:55:01.621Z
sensor.plug_4_puissance,2.0,2026-08-09T13:55:06.614Z
sensor.plug_4_puissance,3.0,2026-08-09T13:55:11.614Z
sensor.plug_4_puissance,2.0,2026-08-09T13:55:16.623Z
sensor.plug_4_puissance,3.0,2026-08-09T13:55:21.623Z
sensor.plug_4_puissance,2.0,2026-08-09T13:55:26.614Z
sensor.plug_4_puissance,0.0,2026-08-09T13:55:55.618Z
sensor.plug_4_puissance,2.0,2026-08-09T13:56:00.619Z
sensor.plug_4_puissance,4.0,2026-08-09T13:56:13.618Z
sensor.plug_4_puissance,2.0,2026-08-09T13:56:18.618Z
sensor.plug_4_puissance,3.0,2026-08-09T13:56:23.618Z
sensor.plug_4_puissance,2.0,2026-08-09T13:56:28.618Z
sensor.plug_4_puissance,3.0,2026-08-09T13:56:35.619Z
sensor.plug_4_puissance,2.0,2026-08-09T13:56:40.618Z
sensor.plug_4_puissance,3.0,2026-08-09T13:56:53.618Z
sensor.plug_4_puissance,2.0,2026-08-09T13:57:00.618Z
sensor.plug_4_puissance,0.0,2026-08-09T13:57:12.628Z
sensor.plug_4_puissance,2.0,2026-08-09T13:57:17.627Z
sensor.plug_4_puissance,0.0,2026-08-09T13:57:34.627Z
sensor.plug_4_puissance,2.0,2026-08-09T13:57:39.627Z
sensor.plug_4_puissance,4.0,2026-08-09T13:57:56.635Z
sensor.plug_4_puissance,3.0,2026-08-09T13:58:01.631Z
sensor.plug_4_puissance,2.0,2026-08-09T13:58:07.627Z
sensor.plug_4_puissance,3.0,2026-08-09T13:59:28.620Z
sensor.plug_4_puissance,2.0,2026-08-09T13:59:33.621Z
sensor.plug_4_puissance,3.0,2026-08-09T13:59:42.622Z
sensor.plug_4_puissance,2.0,2026-08-09T13:59:47.624Z
sensor.plug_4_puissance,3.0,2026-08-09T14:00:28.626Z
sensor.plug_4_puissance,2.0,2026-08-09T14:00:33.626Z
sensor.plug_4_puissance,0.0,2026-08-09T14:01:20.638Z
sensor.plug_4_puissance,2.0,2026-08-09T14:01:25.639Z
sensor.plug_4_puissance,3.0,2026-08-09T14:02:01.643Z
sensor.plug_4_puissance,2.0,2026-08-09T14:02:06.644Z
sensor.plug_4_puissance,0.0,2026-08-09T14:05:33.655Z
sensor.plug_4_puissance,2.0,2026-08-09T14:05:38.654Z
sensor.plug_4_puissance,0.0,2026-08-09T14:05:49.654Z
sensor.plug_4_puissance,2.0,2026-08-09T14:05:54.656Z
sensor.plug_4_puissance,0.0,2026-08-09T14:06:20.665Z
sensor.plug_4_puissance,2.0,2026-08-09T14:06:25.665Z
sensor.plug_4_puissance,4.0,2026-08-09T14:07:51.667Z
sensor.plug_4_puissance,2.0,2026-08-09T14:07:56.669Z
sensor.plug_4_puissance,0.0,2026-08-09T14:08:29.685Z
sensor.plug_4_puissance,3.0,2026-08-09T14:08:32.636Z
sensor.plug_4_puissance,0.0,2026-08-09T14:08:39.682Z
sensor.plug_4_puissance,4.0,2026-08-09T14:08:44.683Z
sensor.plug_4_puissance,3.0,2026-08-09T14:08:49.683Z
sensor.plug_4_puissance,2.0,2026-08-09T14:08:54.684Z
sensor.plug_4_puissance,3.0,2026-08-09T14:09:08.688Z
sensor.plug_4_puissance,2.0,2026-08-09T14:09:13.686Z
sensor.plug_4_puissance,0.0,2026-08-09T14:09:20.684Z
sensor.plug_4_puissance,4.0,2026-08-09T14:09:25.687Z
sensor.plug_4_puissance,2.0,2026-08-09T14:09:30.694Z
sensor.plug_4_puissance,3.0,2026-08-09T14:09:37.681Z
sensor.plug_4_puissance,2.0,2026-08-09T14:09:42.683Z
sensor.plug_4_puissance,4.0,2026-08-09T14:10:14.684Z
sensor.plug_4_puissance,2.0,2026-08-09T14:10:19.685Z
sensor.plug_4_puissance,0.0,2026-08-09T14:10:30.693Z
sensor.plug_4_puissance,2.0,2026-08-09T14:10:35.695Z
sensor.plug_4_puissance,4.0,2026-08-09T14:10:52.695Z
sensor.plug_4_puissance,0.0,2026-08-09T14:10:57.695Z
sensor.plug_4_puissance,2.0,2026-08-09T14:11:02.694Z
sensor.plug_4_puissance,0.0,2026-08-09T14:11:22.696Z
sensor.plug_4_puissance,2.0,2026-08-09T14:11:27.694Z
sensor.plug_4_puissance,3.0,2026-08-09T14:11:47.695Z
sensor.plug_4_puissance,2.0,2026-08-09T14:11:52.695Z
sensor.plug_4_puissance,5.0,2026-08-09T14:11:57.347Z
sensor.plug_4_puissance,2.0,2026-08-09T14:12:02.694Z
sensor.plug_4_puissance,3.0,2026-08-09T14:12:39.690Z
sensor.plug_4_puissance,2.0,2026-08-09T14:12:50.690Z
sensor.plug_4_puissance,3.0,2026-08-09T14:14:00.701Z
sensor.plug_4_puissance,0.0,2026-08-09T14:14:05.702Z
sensor.plug_4_puissance,2.0,2026-08-09T14:14:10.705Z
sensor.plug_4_puissance,3.0,2026-08-09T14:14:15.705Z
sensor.plug_4_puissance,2.0,2026-08-09T14:14:26.497Z
sensor.plug_4_puissance,3.0,2026-08-09T14:14:52.503Z
sensor.plug_4_puissance,2.0,2026-08-09T14:14:57.502Z
sensor.plug_4_puissance,0.0,2026-08-09T14:15:47.514Z
sensor.plug_4_puissance,2.0,2026-08-09T14:15:52.516Z
sensor.plug_4_puissance,3.0,2026-08-09T14:15:56.181Z
sensor.plug_4_puissance,2.0,2026-08-09T14:16:02.514Z
sensor.plug_4_puissance,3.0,2026-08-09T14:16:20.506Z
sensor.plug_4_puissance,2.0,2026-08-09T14:16:25.506Z
sensor.plug_4_puissance,3.0,2026-08-09T14:16:35.508Z
sensor.plug_4_puissance,5.0,2026-08-09T14:16:40.510Z
sensor.plug_4_puissance,2.0,2026-08-09T14:16:45.511Z
sensor.plug_4_puissance,4.0,2026-08-09T14:17:02.520Z
sensor.plug_4_puissance,2.0,2026-08-09T14:17:07.518Z
sensor.plug_4_puissance,3.0,2026-08-09T14:17:12.521Z
sensor.plug_4_puissance,2.0,2026-08-09T14:17:17.521Z
sensor.plug_4_puissance,0.0,2026-08-09T14:17:55.531Z
sensor.plug_4_puissance,4.0,2026-08-09T14:18:00.532Z
sensor.plug_4_puissance,2.0,2026-08-09T14:18:05.523Z
sensor.plug_4_puissance,4.0,2026-08-09T14:18:12.539Z
sensor.plug_4_puissance,2.0,2026-08-09T14:18:17.535Z
sensor.plug_4_puissance,0.0,2026-08-09T14:18:24.540Z
sensor.plug_4_puissance,2.0,2026-08-09T14:18:29.536Z
sensor.plug_4_puissance,0.0,2026-08-09T14:18:34.536Z
sensor.plug_4_puissance,2.0,2026-08-09T14:18:39.540Z
sensor.plug_4_puissance,0.0,2026-08-09T14:18:44.536Z
sensor.plug_4_puissance,2.0,2026-08-09T14:18:46.776Z
sensor.plug_4_puissance,3.0,2026-08-09T14:19:17.532Z
sensor.plug_4_puissance,2.0,2026-08-09T14:19:20.896Z
sensor.plug_4_puissance,0.0,2026-08-09T14:19:28.543Z
sensor.plug_4_puissance,2.0,2026-08-09T14:19:33.544Z
sensor.plug_4_puissance,0.0,2026-08-09T14:19:59.548Z
sensor.plug_4_puissance,2.0,2026-08-09T14:20:04.549Z
sensor.plug_4_puissance,0.0,2026-08-09T14:20:36.544Z
sensor.plug_4_puissance,2.0,2026-08-09T14:20:41.544Z
sensor.plug_4_puissance,0.0,2026-08-09T14:20:47.553Z
sensor.plug_4_puissance,3.0,2026-08-09T14:20:52.554Z
sensor.plug_4_puissance,2.0,2026-08-09T14:20:57.546Z
sensor.plug_4_puissance,3.0,2026-08-09T14:21:02.545Z
sensor.plug_4_puissance,2.0,2026-08-09T14:21:07.545Z
sensor.plug_4_puissance,3.0,2026-08-09T14:21:43.553Z
sensor.plug_4_puissance,0.0,2026-08-09T14:21:48.555Z
sensor.plug_4_puissance,2.0,2026-08-09T14:21:53.556Z
sensor.plug_4_puissance,0.0,2026-08-09T14:22:28.564Z
sensor.plug_4_puissance,2.0,2026-08-09T14:22:33.565Z
sensor.plug_4_puissance,3.0,2026-08-09T14:23:02.566Z
sensor.plug_4_puissance,2.0,2026-08-09T14:23:07.568Z
sensor.plug_4_puissance,3.0,2026-08-09T14:23:35.561Z
sensor.plug_4_puissance,2.0,2026-08-09T14:23:40.561Z
sensor.plug_4_puissance,3.0,2026-08-09T14:24:41.567Z
sensor.plug_4_puissance,2.0,2026-08-09T14:24:46.567Z
sensor.plug_4_puissance,0.0,2026-08-09T14:25:03.578Z
sensor.plug_4_puissance,2.0,2026-08-09T14:25:08.581Z
sensor.plug_4_puissance,3.0,2026-08-09T14:28:02.595Z
sensor.plug_4_puissance,2.0,2026-08-09T14:28:07.594Z
sensor.plug_4_puissance,3.0,2026-08-09T14:28:12.595Z
sensor.plug_4_puissance,2.0,2026-08-09T14:28:17.598Z
sensor.plug_4_puissance,0.0,2026-08-09T14:28:39.609Z
sensor.plug_4_puissance,2.0,2026-08-09T14:28:44.607Z
sensor.plug_4_puissance,0.0,2026-08-09T14:29:13.611Z
sensor.plug_4_puissance,2.0,2026-08-09T14:29:18.611Z
sensor.plug_4_puissance,3.0,2026-08-09T14:29:25.605Z
sensor.plug_4_puissance,2.0,2026-08-09T14:29:30.614Z
sensor.plug_4_puissance,3.0,2026-08-09T14:29:36.608Z
sensor.plug_4_puissance,2.0,2026-08-09T14:29:41.607Z
sensor.plug_4_puissance,3.0,2026-08-09T14:30:13.615Z
sensor.plug_4_puissance,2.0,2026-08-09T14:30:18.615Z
sensor.plug_4_puissance,3.0,2026-08-09T14:30:31.617Z
sensor.plug_4_puissance,2.0,2026-08-09T14:30:36.625Z
sensor.plug_4_puissance,0.0,2026-08-09T14:32:23.638Z
sensor.plug_4_puissance,3.0,2026-08-09T14:32:28.640Z
sensor.plug_4_puissance,2.0,2026-08-09T14:32:33.642Z
sensor.plug_4_puissance,3.0,2026-08-09T14:32:41.633Z
sensor.plug_4_puissance,2.0,2026-08-09T14:32:46.644Z
sensor.plug_4_puissance,0.0,2026-08-09T14:33:33.871Z
sensor.plug_4_puissance,2.0,2026-08-09T14:33:39.646Z
sensor.plug_4_puissance,5.0,2026-08-09T14:34:07.650Z
sensor.plug_4_puissance,2.0,2026-08-09T14:34:12.649Z
sensor.plug_4_puissance,3.0,2026-08-09T14:34:17.651Z
sensor.plug_4_puissance,2.0,2026-08-09T14:34:22.651Z
sensor.plug_4_puissance,0.0,2026-08-09T14:34:27.651Z
sensor.plug_4_puissance,2.0,2026-08-09T14:34:32.651Z
sensor.plug_4_puissance,0.0,2026-08-09T14:34:37.653Z
sensor.plug_4_puissance,2.0,2026-08-09T14:34:42.110Z
sensor.plug_4_puissance,0.0,2026-08-09T14:34:54.654Z
sensor.plug_4_puissance,2.0,2026-08-09T14:34:59.655Z
sensor.plug_4_puissance,0.0,2026-08-09T14:35:06.670Z
sensor.plug_4_puissance,2.0,2026-08-09T14:35:11.665Z
sensor.plug_4_puissance,0.0,2026-08-09T14:36:55.683Z
sensor.plug_4_puissance,2.0,2026-08-09T14:36:58.584Z
sensor.plug_4_puissance,3.0,2026-08-09T14:37:17.676Z
sensor.plug_4_puissance,2.0,2026-08-09T14:37:22.680Z
sensor.plug_4_puissance,3.0,2026-08-09T14:39:15.053Z
sensor.plug_4_puissance,2.0,2026-08-09T14:39:20.694Z
sensor.plug_4_puissance,3.0,2026-08-09T14:39:49.169Z
sensor.plug_4_puissance,2.0,2026-08-09T14:39:54.706Z
sensor.plug_4_puissance,3.0,2026-08-09T14:40:21.703Z
sensor.plug_4_puissance,2.0,2026-08-09T14:40:26.705Z
sensor.plug_4_puissance,3.0,2026-08-09T14:40:55.707Z
sensor.plug_4_puissance,2.0,2026-08-09T14:41:00.707Z
sensor.plug_4_puissance,3.0,2026-08-09T14:41:05.708Z
sensor.plug_4_puissance,2.0,2026-08-09T14:41:10.709Z
sensor.plug_4_puissance,3.0,2026-08-09T14:42:09.722Z
sensor.plug_4_puissance,2.0,2026-08-09T14:42:14.721Z
sensor.plug_4_puissance,0.0,2026-08-09T14:42:20.724Z
sensor.plug_4_puissance,2.0,2026-08-09T14:42:25.733Z
sensor.plug_4_puissance,3.0,2026-08-09T14:48:03.590Z
sensor.plug_4_puissance,2.0,2026-08-09T14:48:08.591Z
sensor.plug_4_puissance,0.0,2026-08-09T14:48:25.594Z
sensor.plug_4_puissance,2.0,2026-08-09T14:48:30.603Z
sensor.plug_4_puissance,0.0,2026-08-09T14:48:48.603Z
sensor.plug_4_puissance,2.0,2026-08-09T14:48:53.604Z
sensor.plug_4_puissance,0.0,2026-08-09T14:49:03.606Z
sensor.plug_4_puissance,2.0,2026-08-09T14:49:08.605Z
sensor.plug_4_puissance,0.0,2026-08-09T14:49:15.608Z
sensor.plug_4_puissance,2.0,2026-08-09T14:49:20.608Z
sensor.plug_4_puissance,3.0,2026-08-09T14:50:38.607Z
sensor.plug_4_puissance,2.0,2026-08-09T14:50:43.608Z
sensor.plug_4_puissance,3.0,2026-08-09T14:51:11.530Z
sensor.plug_4_puissance,2.0,2026-08-09T14:51:16.610Z
sensor.plug_4_puissance,3.0,2026-08-09T14:51:33.619Z
sensor.plug_4_puissance,2.0,2026-08-09T14:51:38.618Z
sensor.plug_4_puissance,3.0,2026-08-09T14:52:07.616Z
sensor.plug_4_puissance,2.0,2026-08-09T14:52:12.616Z
sensor.plug_4_puissance,0.0,2026-08-09T14:53:32.632Z
sensor.plug_4_puissance,2.0,2026-08-09T14:53:37.633Z
sensor.plug_4_puissance,3.0,2026-08-09T14:54:05.648Z
sensor.plug_4_puissance,2.0,2026-08-09T14:54:10.645Z
sensor.plug_4_puissance,3.0,2026-08-09T14:54:15.643Z
sensor.plug_4_puissance,4.0,2026-08-09T14:54:20.643Z
sensor.plug_4_puissance,2.0,2026-08-09T14:54:25.643Z
sensor.plug_4_puissance,0.0,2026-08-09T14:54:44.644Z
sensor.plug_4_puissance,2.0,2026-08-09T14:54:49.645Z
sensor.plug_4_puissance,3.0,2026-08-09T14:56:24.658Z
sensor.plug_4_puissance,2.0,2026-08-09T14:56:29.659Z
sensor.plug_4_puissance,3.0,2026-08-09T14:56:35.660Z
sensor.plug_4_puissance,2.0,2026-08-09T14:56:40.662Z
sensor.plug_4_puissance,0.0,2026-08-09T14:57:13.668Z
sensor.plug_4_puissance,2.0,2026-08-09T14:57:18.666Z
sensor.plug_4_puissance,3.0,2026-08-09T14:58:57.686Z
sensor.plug_4_puissance,2.0,2026-08-09T14:59:02.681Z
sensor.plug_4_puissance,3.0,2026-08-09T15:00:12.700Z
sensor.plug_4_puissance,2.0,2026-08-09T15:00:17.416Z
sensor.plug_4_puissance,3.0,2026-08-09T15:00:48.697Z
sensor.plug_4_puissance,2.0,2026-08-09T15:00:53.698Z
sensor.plug_4_puissance,0.0,2026-08-09T15:01:14.714Z
sensor.plug_4_puissance,2.0,2026-08-09T15:01:19.709Z
sensor.plug_4_puissance,3.0,2026-08-09T15:01:24.709Z
sensor.plug_4_puissance,2.0,2026-08-09T15:01:25.668Z
sensor.plug_4_puissance,0.0,2026-08-09T15:02:13.716Z
sensor.plug_4_puissance,2.0,2026-08-09T15:02:18.718Z
sensor.plug_4_puissance,3.0,2026-08-09T15:02:35.712Z
sensor.plug_4_puissance,2.0,2026-08-09T15:02:46.714Z
sensor.plug_4_puissance,3.0,2026-08-09T15:04:18.726Z
sensor.plug_4_puissance,2.0,2026-08-09T15:04:23.728Z
sensor.plug_4_puissance,3.0,2026-08-09T15:06:03.742Z
sensor.plug_4_puissance,2.0,2026-08-09T15:06:08.744Z
sensor.plug_4_puissance,3.0,2026-08-09T15:09:36.578Z
sensor.plug_4_puissance,2.0,2026-08-09T15:09:42.590Z
sensor.plug_4_puissance,3.0,2026-08-09T15:10:11.586Z
sensor.plug_4_puissance,2.0,2026-08-09T15:10:16.587Z
sensor.plug_4_puissance,3.0,2026-08-09T15:11:26.606Z
sensor.plug_4_puissance,2.0,2026-08-09T15:11:31.606Z
sensor.plug_4_puissance,3.0,2026-08-09T15:19:14.679Z
sensor.plug_4_puissance,2.0,2026-08-09T15:19:19.681Z
sensor.plug_4_puissance,3.0,2026-08-09T15:20:42.694Z
sensor.plug_4_puissance,2.0,2026-08-09T15:20:47.694Z
sensor.plug_4_puissance,3.0,2026-08-09T15:26:44.755Z
sensor.plug_4_puissance,0.0,2026-08-09T15:26:49.755Z
sensor.plug_4_puissance,2.0,2026-08-09T15:26:54.755Z
sensor.plug_4_puissance,0.0,2026-08-09T15:28:17.776Z
sensor.plug_4_puissance,2.0,2026-08-09T15:28:22.770Z
sensor.plug_4_puissance,3.0,2026-08-09T15:28:36.764Z
sensor.plug_4_puissance,2.0,2026-08-09T15:28:41.764Z
sensor.plug_4_puissance,3.0,2026-08-09T15:34:48.606Z
sensor.plug_4_puissance,2.0,2026-08-09T15:34:53.608Z
sensor.plug_4_puissance,3.0,2026-08-09T15:40:41.649Z
sensor.plug_4_puissance,2.0,2026-08-09T15:40:46.650Z
sensor.plug_4_puissance,3.0,2026-08-09T15:44:47.680Z
sensor.plug_4_puissance,2.0,2026-08-09T15:44:52.681Z
sensor.plug_4_puissance,3.0,2026-08-09T15:56:48.788Z
sensor.plug_4_puissance,2.0,2026-08-09T15:56:53.790Z
sensor.plug_4_puissance,3.0,2026-08-09T15:57:57.796Z
sensor.plug_4_puissance,2.0,2026-08-09T15:58:02.798Z
sensor.plug_4_puissance,3.0,2026-08-09T16:05:18.648Z
sensor.plug_4_puissance,2.0,2026-08-09T16:05:23.649Z
sensor.plug_4_puissance,3.0,2026-08-09T16:05:40.652Z
sensor.plug_4_puissance,2.0,2026-08-09T16:05:45.652Z
sensor.plug_4_puissance,3.0,2026-08-09T16:06:31.670Z
sensor.plug_4_puissance,2.0,2026-08-09T16:06:36.671Z
sensor.plug_4_puissance,0.0,2026-08-09T16:07:12.686Z
sensor.plug_4_puissance,2.0,2026-08-09T16:07:17.680Z
sensor.plug_4_puissance,0.0,2026-08-09T16:07:27.683Z
sensor.plug_4_puissance,2.0,2026-08-09T16:07:32.678Z
sensor.plug_4_puissance,3.0,2026-08-09T16:07:49.680Z
sensor.plug_4_puissance,2.0,2026-08-09T16:07:54.680Z
sensor.plug_4_puissance,3.0,2026-08-09T16:14:00.725Z
sensor.plug_4_puissance,2.0,2026-08-09T16:14:07.725Z
sensor.plug_4_puissance,3.0,2026-08-09T16:15:20.748Z
sensor.plug_4_puissance,2.0,2026-08-09T16:15:25.748Z
sensor.plug_4_puissance,3.0,2026-08-09T16:17:57.766Z
sensor.plug_4_puissance,2.0,2026-08-09T16:18:02.767Z
sensor.plug_4_puissance,3.0,2026-08-09T16:19:10.775Z
sensor.plug_4_puissance,2.0,2026-08-09T16:19:15.777Z
sensor.plug_4_puissance,3.0,2026-08-09T16:20:13.791Z
sensor.plug_4_puissance,2.0,2026-08-09T16:20:18.794Z
sensor.plug_4_puissance,3.0,2026-08-09T16:23:37.819Z
sensor.plug_4_puissance,2.0,2026-08-09T16:23:42.820Z
sensor.plug_4_puissance,3.0,2026-08-09T16:24:01.819Z
sensor.plug_4_puissance,2.0,2026-08-09T16:24:06.821Z
sensor.plug_4_puissance,3.0,2026-08-09T16:26:40.641Z
sensor.plug_4_puissance,2.0,2026-08-09T16:26:43.575Z
sensor.plug_4_puissance,3.0,2026-08-09T16:29:54.673Z
sensor.plug_4_puissance,2.0,2026-08-09T16:29:59.673Z
sensor.plug_4_puissance,0.0,2026-08-09T16:31:16.544Z
sensor.plug_4_puissance,2.0,2026-08-09T16:31:21.683Z
sensor.plug_4_puissance,0.0,2026-08-09T16:31:26.681Z
sensor.plug_4_puissance,2.0,2026-08-09T16:31:31.680Z
sensor.plug_4_puissance,3.0,2026-08-09T16:32:16.685Z
sensor.plug_4_puissance,2.0,2026-08-09T16:32:21.684Z
sensor.plug_4_puissance,0.0,2026-08-09T16:33:09.692Z
sensor.plug_4_puissance,2.0,2026-08-09T16:33:14.693Z
sensor.plug_4_puissance,3.0,2026-08-09T16:33:49.699Z
sensor.plug_4_puissance,2.0,2026-08-09T16:33:54.699Z
sensor.plug_4_puissance,3.0,2026-08-09T16:34:19.691Z
sensor.plug_4_puissance,2.0,2026-08-09T16:34:24.693Z
sensor.plug_4_puissance,3.0,2026-08-09T16:34:51.694Z
sensor.plug_4_puissance,2.0,2026-08-09T16:34:56.695Z
sensor.plug_4_puissance,0.0,2026-08-09T16:37:34.716Z
sensor.plug_4_puissance,2.0,2026-08-09T16:37:39.721Z
sensor.plug_4_puissance,3.0,2026-08-09T16:38:08.710Z
sensor.plug_4_puissance,2.0,2026-08-09T16:38:13.711Z
sensor.plug_4_puissance,3.0,2026-08-09T16:38:45.712Z
sensor.plug_4_puissance,2.0,2026-08-09T16:38:50.714Z
sensor.plug_4_puissance,4.0,2026-08-09T16:40:31.720Z
sensor.plug_4_puissance,2.0,2026-08-09T16:40:36.721Z
sensor.plug_4_puissance,3.0,2026-08-09T16:40:42.720Z
sensor.plug_4_puissance,2.0,2026-08-09T16:40:50.729Z
sensor.plug_4_puissance,0.0,2026-08-09T16:41:08.722Z
sensor.plug_4_puissance,2.0,2026-08-09T16:41:13.724Z
sensor.plug_4_puissance,3.0,2026-08-09T16:42:11.728Z
sensor.plug_4_puissance,2.0,2026-08-09T16:42:16.728Z
sensor.plug_4_puissance,3.0,2026-08-09T16:42:40.731Z
sensor.plug_4_puissance,2.0,2026-08-09T16:42:45.733Z
sensor.plug_4_puissance,3.0,2026-08-09T16:43:15.737Z
sensor.plug_4_puissance,2.0,2026-08-09T16:43:20.736Z
sensor.plug_4_puissance,0.0,2026-08-09T16:44:48.759Z
sensor.plug_4_puissance,2.0,2026-08-09T16:44:53.754Z
sensor.plug_4_puissance,0.0,2026-08-09T16:45:02.755Z
sensor.plug_4_puissance,2.0,2026-08-09T16:45:07.756Z
sensor.plug_4_puissance,3.0,2026-08-09T16:45:13.758Z
sensor.plug_4_puissance,0.0,2026-08-09T16:45:18.758Z
sensor.plug_4_puissance,2.0,2026-08-09T16:45:23.756Z
sensor.plug_4_puissance,0.0,2026-08-09T16:45:28.762Z
sensor.plug_4_puissance,2.0,2026-08-09T16:45:33.760Z
sensor.plug_4_puissance,0.0,2026-08-09T16:46:21.766Z
sensor.plug_4_puissance,2.0,2026-08-09T16:46:26.764Z
sensor.plug_4_puissance,0.0,2026-08-09T16:46:51.770Z
sensor.plug_4_puissance,3.0,2026-08-09T16:46:56.770Z
sensor.plug_4_puissance,2.0,2026-08-09T16:47:01.761Z
sensor.plug_4_puissance,0.0,2026-08-09T16:47:17.772Z
sensor.plug_4_puissance,2.0,2026-08-09T16:47:22.772Z
sensor.plug_4_puissance,3.0,2026-08-09T16:47:32.763Z
sensor.plug_4_puissance,2.0,2026-08-09T16:47:37.764Z
sensor.plug_4_puissance,3.0,2026-08-09T16:48:56.778Z
sensor.plug_4_puissance,2.0,2026-08-09T16:49:01.781Z
sensor.plug_4_puissance,0.0,2026-08-09T16:49:22.781Z
sensor.plug_4_puissance,2.0,2026-08-09T16:49:27.784Z
sensor.plug_4_puissance,0.0,2026-08-09T16:51:21.787Z
sensor.plug_4_puissance,2.0,2026-08-09T16:51:26.790Z
sensor.plug_4_puissance,0.0,2026-08-09T16:51:54.791Z
sensor.plug_4_puissance,2.0,2026-08-09T16:51:59.791Z
sensor.plug_4_puissance,0.0,2026-08-09T16:52:19.800Z
sensor.plug_4_puissance,2.0,2026-08-09T16:52:24.794Z
sensor.plug_4_puissance,0.0,2026-08-09T16:52:34.794Z
sensor.plug_4_puissance,2.0,2026-08-09T16:52:39.795Z
sensor.plug_4_puissance,0.0,2026-08-09T16:53:11.807Z
sensor.plug_4_puissance,2.0,2026-08-09T16:53:16.807Z
sensor.plug_4_puissance,0.0,2026-08-09T16:53:42.803Z
sensor.plug_4_puissance,2.0,2026-08-09T16:53:47.805Z
sensor.plug_4_puissance,0.0,2026-08-09T16:54:08.806Z
sensor.plug_4_puissance,2.0,2026-08-09T16:54:13.806Z
sensor.plug_4_puissance,3.0,2026-08-09T16:54:18.797Z
sensor.plug_4_puissance,0.0,2026-08-09T16:54:23.812Z
sensor.plug_4_puissance,2.0,2026-08-09T16:54:28.808Z
sensor.plug_4_puissance,3.0,2026-08-09T16:54:45.800Z
sensor.plug_4_puissance,2.0,2026-08-09T16:54:50.805Z
sensor.plug_4_puissance,3.0,2026-08-09T16:54:55.807Z
sensor.plug_4_puissance,2.0,2026-08-09T16:55:00.800Z
sensor.plug_4_puissance,3.0,2026-08-09T16:55:15.802Z
sensor.plug_4_puissance,2.0,2026-08-09T16:55:20.803Z
sensor.plug_4_puissance,3.0,2026-08-09T16:55:25.817Z
sensor.plug_4_puissance,2.0,2026-08-09T16:55:30.803Z
sensor.plug_4_puissance,3.0,2026-08-09T16:55:35.804Z
sensor.plug_4_puissance,0.0,2026-08-09T16:55:40.805Z
sensor.plug_4_puissance,3.0,2026-08-09T16:55:43.685Z
sensor.plug_4_puissance,2.0,2026-08-09T16:55:45.806Z
sensor.plug_4_puissance,3.0,2026-08-09T16:56:48.810Z
sensor.plug_4_puissance,2.0,2026-08-09T16:56:53.811Z
sensor.plug_4_puissance,0.0,2026-08-09T16:56:59.818Z
sensor.plug_4_puissance,2.0,2026-08-09T16:57:04.819Z
sensor.plug_4_puissance,3.0,2026-08-09T16:57:10.812Z
sensor.plug_4_puissance,2.0,2026-08-09T16:57:15.813Z
sensor.plug_4_puissance,3.0,2026-08-09T16:57:40.817Z
sensor.plug_4_puissance,2.0,2026-08-09T16:57:45.817Z
sensor.plug_4_puissance,0.0,2026-08-09T16:58:07.833Z
sensor.plug_4_puissance,2.0,2026-08-09T16:58:15.829Z
sensor.plug_4_puissance,3.0,2026-08-09T16:58:29.822Z
sensor.plug_4_puissance,2.0,2026-08-09T16:58:34.283Z
sensor.plug_4_puissance,3.0,2026-08-09T16:58:52.823Z
sensor.plug_4_puissance,2.0,2026-08-09T16:58:57.823Z
sensor.plug_4_puissance,0.0,2026-08-09T16:59:03.839Z
sensor.plug_4_puissance,2.0,2026-08-09T16:59:11.832Z
sensor.plug_4_puissance,3.0,2026-08-09T16:59:21.825Z
sensor.plug_4_puissance,2.0,2026-08-09T16:59:29.825Z
sensor.plug_4_puissance,3.0,2026-08-09T16:59:35.825Z
sensor.plug_4_puissance,2.0,2026-08-09T16:59:40.828Z
sensor.plug_4_puissance,3.0,2026-08-09T16:59:57.829Z
sensor.plug_4_puissance,2.0,2026-08-09T17:00:02.840Z
sensor.plug_4_puissance,0.0,2026-08-09T17:00:07.841Z
sensor.plug_4_puissance,2.0,2026-08-09T17:00:12.840Z
sensor.plug_4_puissance,3.0,2026-08-09T17:00:29.832Z
sensor.plug_4_puissance,2.0,2026-08-09T17:00:34.833Z
sensor.plug_4_puissance,0.0,2026-08-09T17:01:39.845Z
sensor.plug_4_puissance,5.0,2026-08-09T17:01:44.849Z
sensor.plug_4_puissance,2.0,2026-08-09T17:01:49.840Z
sensor.plug_4_puissance,3.0,2026-08-09T17:02:01.841Z
sensor.plug_4_puissance,2.0,2026-08-09T17:02:06.841Z
sensor.plug_4_puissance,0.0,2026-08-09T17:02:27.850Z
sensor.plug_4_puissance,2.0,2026-08-09T17:02:35.856Z
sensor.plug_4_puissance,4.0,2026-08-09T17:03:07.848Z
sensor.plug_4_puissance,2.0,2026-08-09T17:03:12.848Z
sensor.plug_4_puissance,3.0,2026-08-09T17:03:52.850Z
sensor.plug_4_puissance,4.0,2026-08-09T17:03:57.851Z
sensor.plug_4_puissance,2.0,2026-08-09T17:04:02.853Z
sensor.plug_4_puissance,0.0,2026-08-09T17:04:07.861Z
sensor.plug_4_puissance,2.0,2026-08-09T17:04:12.859Z
sensor.plug_4_puissance,3.0,2026-08-09T17:04:15.465Z
sensor.plug_4_puissance,2.0,2026-08-09T17:04:25.863Z
sensor.plug_4_puissance,3.0,2026-08-09T17:05:02.867Z
sensor.plug_4_puissance,2.0,2026-08-09T17:05:07.855Z
sensor.plug_4_puissance,3.0,2026-08-09T17:05:28.858Z
sensor.plug_4_puissance,2.0,2026-08-09T17:05:33.859Z
sensor.plug_4_puissance,0.0,2026-08-09T17:05:38.858Z
sensor.plug_4_puissance,2.0,2026-08-09T17:05:43.860Z
sensor.plug_4_puissance,3.0,2026-08-09T17:05:58.860Z
sensor.plug_4_puissance,2.0,2026-08-09T17:06:03.861Z
sensor.plug_4_puissance,3.0,2026-08-09T17:06:54.866Z
sensor.plug_4_puissance,2.0,2026-08-09T17:06:59.867Z
sensor.plug_4_puissance,0.0,2026-08-09T17:07:13.867Z
sensor.plug_4_puissance,2.0,2026-08-09T17:07:24.876Z
sensor.plug_4_puissance,0.0,2026-08-09T17:07:50.874Z
sensor.plug_4_puissance,2.0,2026-08-09T17:07:58.880Z
sensor.plug_4_puissance,3.0,2026-08-09T17:08:09.868Z
sensor.plug_4_puissance,2.0,2026-08-09T17:08:14.292Z
sensor.plug_4_puissance,0.0,2026-08-09T17:08:43.879Z
sensor.plug_4_puissance,2.0,2026-08-09T17:08:51.877Z
sensor.plug_4_puissance,3.0,2026-08-09T17:09:02.869Z
sensor.plug_4_puissance,2.0,2026-08-09T17:09:07.871Z
sensor.plug_4_puissance,0.0,2026-08-09T17:09:14.876Z
sensor.plug_4_puissance,2.0,2026-08-09T17:09:19.884Z
sensor.plug_4_puissance,0.0,2026-08-09T17:09:29.888Z
sensor.plug_4_puissance,2.0,2026-08-09T17:09:34.885Z
sensor.plug_4_puissance,3.0,2026-08-09T17:09:55.873Z
sensor.plug_4_puissance,2.0,2026-08-09T17:10:00.873Z
sensor.plug_4_puissance,3.0,2026-08-09T17:10:21.874Z
sensor.plug_4_puissance,2.0,2026-08-09T17:10:26.873Z
sensor.plug_4_puissance,3.0,2026-08-09T17:10:30.770Z
sensor.plug_4_puissance,2.0,2026-08-09T17:10:36.874Z
sensor.plug_4_puissance,0.0,2026-08-09T17:10:55.874Z
sensor.plug_4_puissance,2.0,2026-08-09T17:11:03.885Z
sensor.plug_4_puissance,0.0,2026-08-09T17:13:15.703Z
sensor.plug_4_puissance,3.0,2026-08-09T17:13:20.702Z
sensor.plug_4_puissance,2.0,2026-08-09T17:13:25.697Z
sensor.plug_4_puissance,3.0,2026-08-09T17:14:07.688Z
sensor.plug_4_puissance,2.0,2026-08-09T17:14:12.690Z
sensor.plug_4_puissance,3.0,2026-08-09T17:14:22.691Z
sensor.plug_4_puissance,2.0,2026-08-09T17:14:28.690Z
sensor.plug_4_puissance,3.0,2026-08-09T17:15:16.691Z
sensor.plug_4_puissance,0.0,2026-08-09T17:15:21.692Z
sensor.plug_4_puissance,2.0,2026-08-09T17:15:26.692Z
sensor.plug_4_puissance,0.0,2026-08-09T17:16:27.694Z
sensor.plug_4_puissance,2.0,2026-08-09T17:16:32.694Z
sensor.plug_4_puissance,3.0,2026-08-09T17:16:42.702Z
sensor.plug_4_puissance,2.0,2026-08-09T17:16:46.141Z
sensor.plug_4_puissance,3.0,2026-08-09T17:17:23.694Z
sensor.plug_4_puissance,2.0,2026-08-09T17:17:28.694Z
sensor.plug_4_puissance,0.0,2026-08-09T17:17:33.703Z
sensor.plug_4_puissance,2.0,2026-08-09T17:17:38.703Z
sensor.plug_4_puissance,3.0,2026-08-09T17:18:06.696Z
sensor.plug_4_puissance,2.0,2026-08-09T17:18:11.696Z
sensor.plug_4_puissance,3.0,2026-08-09T17:18:17.707Z
sensor.plug_4_puissance,0.0,2026-08-09T17:18:22.707Z
sensor.plug_4_puissance,2.0,2026-08-09T17:18:27.707Z
sensor.plug_4_puissance,3.0,2026-08-09T17:19:17.700Z
sensor.plug_4_puissance,2.0,2026-08-09T17:19:22.701Z
sensor.plug_4_puissance,3.0,2026-08-09T17:19:39.704Z
sensor.plug_4_puissance,2.0,2026-08-09T17:19:47.704Z
sensor.plug_4_puissance,3.0,2026-08-09T17:20:12.703Z
sensor.plug_4_puissance,0.0,2026-08-09T17:20:17.703Z
sensor.plug_4_puissance,2.0,2026-08-09T17:20:22.703Z
sensor.plug_4_puissance,0.0,2026-08-09T17:20:31.714Z
sensor.plug_4_puissance,2.0,2026-08-09T17:20:36.712Z
sensor.plug_4_puissance,3.0,2026-08-09T17:20:54.708Z
sensor.plug_4_puissance,4.0,2026-08-09T17:20:59.708Z
sensor.plug_4_puissance,2.0,2026-08-09T17:21:04.707Z
sensor.plug_4_puissance,0.0,2026-08-09T17:21:33.719Z
sensor.plug_4_puissance,2.0,2026-08-09T17:21:38.720Z
sensor.plug_4_puissance,3.0,2026-08-09T17:21:51.712Z
sensor.plug_4_puissance,2.0,2026-08-09T17:21:56.719Z
sensor.plug_4_puissance,3.0,2026-08-09T17:22:01.719Z
sensor.plug_4_puissance,2.0,2026-08-09T17:22:06.710Z
sensor.plug_4_puissance,3.0,2026-08-09T17:22:30.711Z
sensor.plug_4_puissance,2.0,2026-08-09T17:22:35.711Z
sensor.plug_4_puissance,3.0,2026-08-09T17:23:07.710Z
sensor.plug_4_puissance,2.0,2026-08-09T17:23:12.713Z
sensor.plug_4_puissance,0.0,2026-08-09T17:23:18.725Z
sensor.plug_4_puissance,2.0,2026-08-09T17:23:23.720Z
sensor.plug_4_puissance,0.0,2026-08-09T17:23:52.722Z
sensor.plug_4_puissance,2.0,2026-08-09T17:23:57.722Z
sensor.plug_4_puissance,3.0,2026-08-09T17:24:03.714Z
sensor.plug_4_puissance,2.0,2026-08-09T17:24:08.715Z
sensor.plug_4_puissance,3.0,2026-08-09T17:24:29.712Z
sensor.plug_4_puissance,2.0,2026-08-09T17:24:34.717Z
sensor.plug_4_puissance,3.0,2026-08-09T17:25:43.718Z
sensor.plug_4_puissance,2.0,2026-08-09T17:25:48.718Z
sensor.plug_4_puissance,0.0,2026-08-09T17:26:17.728Z
sensor.plug_4_puissance,2.0,2026-08-09T17:26:22.726Z
sensor.plug_4_puissance,0.0,2026-08-09T17:26:26.139Z
sensor.plug_4_puissance,2.0,2026-08-09T17:26:32.743Z
sensor.plug_4_puissance,0.0,2026-08-09T17:26:59.736Z
sensor.plug_4_puissance,2.0,2026-08-09T17:27:07.731Z
sensor.plug_4_puissance,0.0,2026-08-09T17:27:29.733Z
sensor.plug_4_puissance,2.0,2026-08-09T17:27:34.379Z
sensor.plug_4_puissance,3.0,2026-08-09T17:27:39.734Z
sensor.plug_4_puissance,2.0,2026-08-09T17:27:44.732Z
sensor.plug_4_puissance,3.0,2026-08-09T17:28:10.736Z
sensor.plug_4_puissance,2.0,2026-08-09T17:28:17.727Z
sensor.plug_4_puissance,3.0,2026-08-09T17:28:36.729Z
sensor.plug_4_puissance,2.0,2026-08-09T17:28:41.730Z
sensor.plug_4_puissance,0.0,2026-08-09T17:29:38.746Z
sensor.plug_4_puissance,2.0,2026-08-09T17:29:43.746Z
sensor.plug_4_puissance,3.0,2026-08-09T17:29:51.741Z
sensor.plug_4_puissance,2.0,2026-08-09T17:29:56.739Z
sensor.plug_4_puissance,0.0,2026-08-09T17:30:10.748Z
sensor.plug_4_puissance,2.0,2026-08-09T17:30:15.748Z
sensor.plug_4_puissance,3.0,2026-08-09T17:30:33.742Z
sensor.plug_4_puissance,2.0,2026-08-09T17:30:38.743Z
sensor.plug_4_puissance,3.0,2026-08-09T17:31:02.745Z
sensor.plug_4_puissance,2.0,2026-08-09T17:31:07.745Z
sensor.plug_4_puissance,4.0,2026-08-09T17:31:31.756Z
sensor.plug_4_puissance,2.0,2026-08-09T17:31:36.756Z
sensor.plug_4_puissance,0.0,2026-08-09T17:32:05.759Z
sensor.plug_4_puissance,2.0,2026-08-09T17:32:10.760Z
sensor.plug_4_puissance,3.0,2026-08-09T17:32:20.750Z
sensor.plug_4_puissance,2.0,2026-08-09T17:32:25.752Z
sensor.plug_4_puissance,3.0,2026-08-09T17:32:55.755Z
sensor.plug_4_puissance,2.0,2026-08-09T17:33:00.755Z
sensor.plug_4_puissance,0.0,2026-08-09T17:34:17.768Z
sensor.plug_4_puissance,2.0,2026-08-09T17:34:22.758Z
sensor.plug_4_puissance,5.0,2026-08-09T17:34:41.759Z
sensor.plug_4_puissance,2.0,2026-08-09T17:34:46.759Z
sensor.plug_4_puissance,3.0,2026-08-09T17:34:53.760Z
sensor.plug_4_puissance,2.0,2026-08-09T17:34:57.900Z
sensor.plug_4_puissance,3.0,2026-08-09T17:35:08.761Z
sensor.plug_4_puissance,2.0,2026-08-09T17:35:13.761Z
sensor.plug_4_puissance,0.0,2026-08-09T17:35:20.771Z
sensor.plug_4_puissance,2.0,2026-08-09T17:35:25.772Z
sensor.plug_4_puissance,0.0,2026-08-09T17:35:30.770Z
sensor.plug_4_puissance,2.0,2026-08-09T17:35:39.773Z
sensor.plug_4_puissance,3.0,2026-08-09T17:36:32.770Z
sensor.plug_4_puissance,2.0,2026-08-09T17:36:37.770Z
sensor.plug_4_puissance,3.0,2026-08-09T17:36:48.770Z
sensor.plug_4_puissance,2.0,2026-08-09T17:36:53.771Z
sensor.plug_4_puissance,0.0,2026-08-09T17:37:00.779Z
sensor.plug_4_puissance,2.0,2026-08-09T17:37:05.785Z
sensor.plug_4_puissance,0.0,2026-08-09T17:37:12.779Z
sensor.plug_4_puissance,2.0,2026-08-09T17:37:17.780Z
sensor.plug_4_puissance,0.0,2026-08-09T17:37:41.787Z
sensor.plug_4_puissance,2.0,2026-08-09T17:37:46.787Z
sensor.plug_4_puissance,3.0,2026-08-09T17:38:44.794Z
sensor.plug_4_puissance,2.0,2026-08-09T17:38:49.793Z
sensor.plug_4_puissance,5.0,2026-08-09T17:39:01.786Z
sensor.plug_4_puissance,0.0,2026-08-09T17:39:06.787Z
sensor.plug_4_puissance,2.0,2026-08-09T17:39:11.787Z
sensor.plug_4_puissance,3.0,2026-08-09T17:39:16.787Z
sensor.plug_4_puissance,2.0,2026-08-09T17:39:21.787Z
sensor.plug_4_puissance,0.0,2026-08-09T17:39:37.797Z
sensor.plug_4_puissance,2.0,2026-08-09T17:39:42.798Z
sensor.plug_4_puissance,0.0,2026-08-09T17:40:04.800Z
sensor.plug_4_puissance,2.0,2026-08-09T17:40:09.798Z
sensor.plug_4_puissance,0.0,2026-08-09T17:40:22.802Z
sensor.plug_4_puissance,2.0,2026-08-09T17:40:27.797Z
sensor.plug_4_puissance,0.0,2026-08-09T17:40:41.802Z
sensor.plug_4_puissance,2.0,2026-08-09T17:40:46.807Z
sensor.plug_4_puissance,4.0,2026-08-09T17:40:51.804Z
sensor.plug_4_puissance,2.0,2026-08-09T17:40:56.804Z
sensor.plug_4_puissance,0.0,2026-08-09T17:41:18.807Z
sensor.plug_4_puissance,3.0,2026-08-09T17:41:23.807Z
sensor.plug_4_puissance,2.0,2026-08-09T17:41:28.798Z
sensor.plug_4_puissance,0.0,2026-08-09T17:41:40.809Z
sensor.plug_4_puissance,2.0,2026-08-09T17:41:45.809Z
sensor.plug_4_puissance,0.0,2026-08-09T17:42:02.813Z
sensor.plug_4_puissance,2.0,2026-08-09T17:42:07.812Z
sensor.plug_4_puissance,5.0,2026-08-09T17:42:17.818Z
sensor.plug_4_puissance,0.0,2026-08-09T17:42:21.411Z
sensor.plug_4_puissance,2.0,2026-08-09T17:42:27.812Z
sensor.plug_4_puissance,0.0,2026-08-09T17:42:36.814Z
sensor.plug_4_puissance,2.0,2026-08-09T17:42:41.813Z
sensor.plug_4_puissance,4.0,2026-08-09T17:42:46.805Z
sensor.plug_4_puissance,2.0,2026-08-09T17:42:51.805Z
sensor.plug_4_puissance,4.0,2026-08-09T17:42:55.534Z
sensor.plug_4_puissance,2.0,2026-08-09T17:43:01.813Z
sensor.plug_4_puissance,3.0,2026-08-09T17:43:27.808Z
sensor.plug_4_puissance,2.0,2026-08-09T17:43:32.816Z
sensor.plug_4_puissance,0.0,2026-08-09T17:43:41.811Z
sensor.plug_4_puissance,2.0,2026-08-09T17:43:46.810Z
sensor.plug_4_puissance,0.0,2026-08-09T17:43:52.819Z
sensor.plug_4_puissance,2.0,2026-08-09T17:43:57.819Z
sensor.plug_4_puissance,3.0,2026-08-09T17:44:03.768Z
sensor.plug_4_puissance,2.0,2026-08-09T17:44:08.827Z
sensor.plug_4_puissance,3.0,2026-08-09T17:44:14.823Z
sensor.plug_4_puissance,2.0,2026-08-09T17:44:19.815Z
sensor.plug_4_puissance,4.0,2026-08-09T17:44:28.818Z
sensor.plug_4_puissance,2.0,2026-08-09T17:44:33.827Z
sensor.plug_4_puissance,4.0,2026-08-09T17:44:37.891Z
sensor.plug_4_puissance,0.0,2026-08-09T17:44:54.821Z
sensor.plug_4_puissance,2.0,2026-08-09T17:44:59.822Z
sensor.plug_4_puissance,5.0,2026-08-09T17:45:14.825Z
sensor.plug_4_puissance,2.0,2026-08-09T17:45:19.828Z
sensor.plug_4_puissance,3.0,2026-08-09T17:45:47.825Z
sensor.plug_4_puissance,2.0,2026-08-09T17:45:52.836Z
sensor.plug_4_puissance,0.0,2026-08-09T17:45:57.835Z
sensor.plug_4_puissance,2.0,2026-08-09T17:46:02.836Z
sensor.plug_4_puissance,3.0,2026-08-09T17:46:07.829Z
sensor.plug_4_puissance,2.0,2026-08-09T17:46:12.843Z
sensor.plug_4_puissance,3.0,2026-08-09T17:46:27.845Z
sensor.plug_4_puissance,2.0,2026-08-09T17:46:32.846Z
sensor.plug_4_puissance,5.0,2026-08-09T17:46:37.847Z
sensor.plug_4_puissance,2.0,2026-08-09T17:46:42.847Z
sensor.plug_4_puissance,4.0,2026-08-09T17:46:47.848Z
sensor.plug_4_puissance,2.0,2026-08-09T17:46:52.848Z
sensor.plug_4_puissance,3.0,2026-08-09T17:46:57.841Z
sensor.plug_4_puissance,0.0,2026-08-09T17:47:02.842Z
sensor.plug_4_puissance,2.0,2026-08-09T17:47:07.841Z
sensor.plug_4_puissance,0.0,2026-08-09T17:47:12.841Z
sensor.plug_4_puissance,2.0,2026-08-09T17:47:17.841Z
sensor.plug_4_puissance,3.0,2026-08-09T17:47:48.857Z
sensor.plug_4_puissance,2.0,2026-08-09T17:47:53.847Z
sensor.plug_4_puissance,4.0,2026-08-09T17:48:21.851Z
sensor.plug_4_puissance,2.0,2026-08-09T17:48:26.852Z
sensor.plug_4_puissance,0.0,2026-08-09T17:48:31.861Z
sensor.plug_4_puissance,2.0,2026-08-09T17:48:36.748Z
sensor.plug_4_puissance,3.0,2026-08-09T17:48:41.853Z
sensor.plug_4_puissance,2.0,2026-08-09T17:48:46.852Z
sensor.plug_4_puissance,0.0,2026-08-09T17:48:59.862Z
sensor.plug_4_puissance,2.0,2026-08-09T17:49:04.864Z
sensor.plug_4_puissance,3.0,2026-08-09T17:49:44.858Z
sensor.plug_4_puissance,2.0,2026-08-09T17:49:49.857Z
sensor.plug_4_puissance,3.0,2026-08-09T17:50:10.867Z
sensor.plug_4_puissance,4.0,2026-08-09T17:50:15.870Z
sensor.plug_4_puissance,3.0,2026-08-09T17:50:19.111Z
sensor.plug_4_puissance,0.0,2026-08-09T17:50:25.860Z
sensor.plug_4_puissance,2.0,2026-08-09T17:50:30.863Z
sensor.plug_4_puissance,5.0,2026-08-09T17:50:50.864Z
sensor.plug_4_puissance,2.0,2026-08-09T17:50:55.865Z
sensor.plug_4_puissance,3.0,2026-08-09T17:51:00.866Z
sensor.plug_4_puissance,0.0,2026-08-09T17:51:05.867Z
sensor.plug_4_puissance,2.0,2026-08-09T17:51:10.868Z
sensor.plug_4_puissance,0.0,2026-08-09T17:51:26.880Z
sensor.plug_4_puissance,2.0,2026-08-09T17:51:31.881Z
sensor.plug_4_puissance,3.0,2026-08-09T17:54:48.893Z
sensor.plug_4_puissance,2.0,2026-08-09T17:54:52.070Z
sensor.plug_4_puissance,0.0,2026-08-09T17:55:47.907Z
sensor.plug_4_puissance,2.0,2026-08-09T17:55:52.908Z
sensor.plug_4_puissance,0.0,2026-08-09T17:55:57.907Z
sensor.plug_4_puissance,2.0,2026-08-09T17:56:00.305Z
sensor.plug_4_puissance,0.0,2026-08-09T17:56:07.905Z
sensor.plug_4_puissance,2.0,2026-08-09T17:56:12.909Z
sensor.plug_4_puissance,0.0,2026-08-09T17:56:17.909Z
sensor.plug_4_puissance,2.0,2026-08-09T17:56:22.912Z
sensor.plug_4_puissance,0.0,2026-08-09T17:58:28.921Z
sensor.plug_4_puissance,2.0,2026-08-09T17:58:33.922Z
sensor.plug_4_puissance,0.0,2026-08-09T18:00:17.921Z
sensor.plug_4_puissance,2.0,2026-08-09T18:00:22.921Z
sensor.plug_4_puissance,0.0,2026-08-09T18:00:44.933Z
sensor.plug_4_puissance,2.0,2026-08-09T18:00:49.934Z
sensor.plug_4_puissance,0.0,2026-08-09T18:01:14.939Z
sensor.plug_4_puissance,2.0,2026-08-09T18:01:19.936Z
sensor.plug_4_puissance,0.0,2026-08-09T18:01:51.730Z
sensor.plug_4_puissance,2.0,2026-08-09T18:01:56.730Z
sensor.plug_4_puissance,0.0,2026-08-09T18:02:14.742Z
sensor.plug_4_puissance,3.0,2026-08-09T18:02:19.747Z
sensor.plug_4_puissance,0.0,2026-08-09T18:02:24.741Z
sensor.plug_4_puissance,2.0,2026-08-09T18:02:30.741Z
sensor.plug_4_puissance,0.0,2026-08-09T18:02:46.741Z
sensor.plug_4_puissance,2.0,2026-08-09T18:02:49.754Z
sensor.plug_4_puissance,3.0,2026-08-09T18:02:56.733Z
sensor.plug_4_puissance,2.0,2026-08-09T18:03:01.733Z
sensor.plug_4_puissance,0.0,2026-08-09T18:03:08.742Z
sensor.plug_4_puissance,2.0,2026-08-09T18:03:16.739Z
sensor.plug_4_puissance,0.0,2026-08-09T18:03:40.744Z
sensor.plug_4_puissance,3.0,2026-08-09T18:03:45.744Z
sensor.plug_4_puissance,2.0,2026-08-09T18:03:50.735Z
sensor.plug_4_puissance,0.0,2026-08-09T18:04:03.751Z
sensor.plug_4_puissance,2.0,2026-08-09T18:04:08.745Z
sensor.plug_4_puissance,0.0,2026-08-09T18:06:09.746Z
sensor.plug_4_puissance,2.0,2026-08-09T18:06:14.479Z
sensor.plug_4_puissance,0.0,2026-08-09T18:06:21.759Z
sensor.plug_4_puissance,2.0,2026-08-09T18:06:26.759Z
sensor.plug_4_puissance,0.0,2026-08-09T18:11:04.797Z
sensor.plug_4_puissance,2.0,2026-08-09T18:11:12.799Z
sensor.plug_4_puissance,3.0,2026-08-09T18:12:32.795Z
sensor.plug_4_puissance,2.0,2026-08-09T18:12:37.795Z
sensor.plug_4_puissance,0.0,2026-08-09T18:13:17.806Z
sensor.plug_4_puissance,2.0,2026-08-09T18:13:22.805Z
sensor.plug_4_puissance,3.0,2026-08-09T18:13:52.800Z
sensor.plug_4_puissance,2.0,2026-08-09T18:13:57.797Z
sensor.plug_4_puissance,0.0,2026-08-09T18:15:07.812Z
sensor.plug_4_puissance,2.0,2026-08-09T18:15:12.814Z
sensor.plug_4_puissance,0.0,2026-08-09T18:16:15.816Z
sensor.plug_4_puissance,2.0,2026-08-09T18:16:22.823Z
sensor.plug_4_puissance,0.0,2026-08-09T18:17:08.812Z
sensor.plug_4_puissance,2.0,2026-08-09T18:17:13.812Z
sensor.plug_4_puissance,0.0,2026-08-09T18:19:59.828Z
sensor.plug_4_puissance,2.0,2026-08-09T18:20:04.835Z
sensor.plug_4_puissance,0.0,2026-08-09T18:22:19.848Z
sensor.plug_4_puissance,2.0,2026-08-09T18:22:27.845Z
sensor.plug_4_puissance,0.0,2026-08-09T18:22:35.837Z
sensor.plug_4_puissance,3.0,2026-08-09T18:22:40.838Z
sensor.plug_4_puissance,2.0,2026-08-09T18:22:43.904Z
sensor.plug_4_puissance,0.0,2026-08-09T18:22:50.840Z
sensor.plug_4_puissance,2.0,2026-08-09T18:22:55.842Z
sensor.plug_4_puissance,0.0,2026-08-09T18:23:00.842Z
sensor.plug_4_puissance,2.0,2026-08-09T18:23:05.842Z
sensor.plug_4_puissance,0.0,2026-08-09T18:23:31.855Z
sensor.plug_4_puissance,2.0,2026-08-09T18:23:39.855Z
sensor.plug_4_puissance,0.0,2026-08-09T18:24:50.865Z
sensor.plug_4_puissance,2.0,2026-08-09T18:24:55.869Z
sensor.plug_4_puissance,3.0,2026-08-09T18:26:29.875Z
sensor.plug_4_puissance,0.0,2026-08-09T18:26:34.869Z
sensor.plug_4_puissance,2.0,2026-08-09T18:26:39.870Z
sensor.plug_4_puissance,3.0,2026-08-09T18:27:37.877Z
sensor.plug_4_puissance,2.0,2026-08-09T18:27:42.876Z
sensor.plug_4_puissance,3.0,2026-08-09T18:29:01.885Z
sensor.plug_4_puissance,2.0,2026-08-09T18:29:06.886Z
sensor.plug_4_puissance,5.0,2026-08-09T18:29:49.898Z
sensor.plug_4_puissance,2.0,2026-08-09T18:29:54.899Z
sensor.plug_4_puissance,3.0,2026-08-09T18:30:13.891Z
sensor.plug_4_puissance,2.0,2026-08-09T18:30:18.892Z
sensor.plug_4_puissance,0.0,2026-08-09T18:30:24.903Z
sensor.plug_4_puissance,2.0,2026-08-09T18:30:29.902Z
sensor.plug_4_puissance,0.0,2026-08-09T18:30:47.905Z
sensor.plug_4_puissance,2.0,2026-08-09T18:30:52.905Z
sensor.plug_4_puissance,0.0,2026-08-09T18:32:07.913Z
sensor.plug_4_puissance,2.0,2026-08-09T18:32:12.915Z
sensor.plug_4_puissance,3.0,2026-08-09T18:32:17.907Z
sensor.plug_4_puissance,2.0,2026-08-09T18:32:22.907Z
sensor.plug_4_puissance,0.0,2026-08-09T18:33:01.910Z
sensor.plug_4_puissance,2.0,2026-08-09T18:33:06.911Z
sensor.plug_4_puissance,0.0,2026-08-09T18:34:32.928Z
sensor.plug_4_puissance,2.0,2026-08-09T18:34:37.929Z
sensor.plug_4_puissance,0.0,2026-08-09T18:34:59.930Z
sensor.plug_4_puissance,2.0,2026-08-09T18:35:04.930Z
sensor.plug_4_puissance,0.0,2026-08-09T18:35:10.931Z
sensor.plug_4_puissance,2.0,2026-08-09T18:35:15.933Z
sensor.plug_4_puissance,0.0,2026-08-09T18:36:00.934Z
sensor.plug_4_puissance,2.0,2026-08-09T18:36:05.931Z
sensor.plug_4_puissance,3.0,2026-08-09T18:36:10.925Z
sensor.plug_4_puissance,2.0,2026-08-09T18:36:15.926Z
sensor.plug_4_puissance,0.0,2026-08-09T18:36:20.935Z
sensor.plug_4_puissance,2.0,2026-08-09T18:36:25.937Z
sensor.plug_4_puissance,0.0,2026-08-09T18:36:30.937Z
sensor.plug_4_puissance,5.0,2026-08-09T18:36:38.937Z
sensor.plug_4_puissance,0.0,2026-08-09T18:36:43.937Z
sensor.plug_4_puissance,2.0,2026-08-09T18:36:48.935Z
sensor.plug_4_puissance,3.0,2026-08-09T18:36:53.929Z
sensor.plug_4_puissance,2.0,2026-08-09T18:36:58.930Z
sensor.plug_4_puissance,0.0,2026-08-09T18:37:12.938Z
sensor.plug_4_puissance,2.0,2026-08-09T18:37:17.939Z
sensor.plug_4_puissance,0.0,2026-08-09T18:37:22.939Z
sensor.plug_4_puissance,2.0,2026-08-09T18:37:27.940Z
sensor.plug_4_puissance,0.0,2026-08-09T18:37:50.932Z
sensor.plug_4_puissance,2.0,2026-08-09T18:37:55.932Z
sensor.plug_4_puissance,0.0,2026-08-09T18:38:02.949Z
sensor.plug_4_puissance,2.0,2026-08-09T18:38:07.944Z
sensor.plug_4_puissance,3.0,2026-08-09T18:38:17.945Z
sensor.plug_4_puissance,2.0,2026-08-09T18:38:22.946Z
sensor.plug_4_puissance,0.0,2026-08-09T18:39:02.941Z
sensor.plug_4_puissance,2.0,2026-08-09T18:39:07.938Z
sensor.plug_4_puissance,3.0,2026-08-09T18:40:20.943Z
sensor.plug_4_puissance,2.0,2026-08-09T18:40:25.943Z
sensor.plug_4_puissance,3.0,2026-08-09T18:40:54.953Z
sensor.plug_4_puissance,2.0,2026-08-09T18:40:59.953Z
sensor.plug_4_puissance,0.0,2026-08-09T18:41:59.968Z
sensor.plug_4_puissance,2.0,2026-08-09T18:42:03.911Z
sensor.plug_4_puissance,0.0,2026-08-09T18:42:14.964Z
sensor.plug_4_puissance,2.0,2026-08-09T18:42:19.963Z
sensor.plug_4_puissance,0.0,2026-08-09T18:42:53.968Z
sensor.plug_4_puissance,2.0,2026-08-09T18:42:58.966Z
sensor.plug_4_puissance,3.0,2026-08-09T18:43:34.969Z
sensor.plug_4_puissance,2.0,2026-08-09T18:43:39.974Z
sensor.plug_4_puissance,0.0,2026-08-09T18:44:03.973Z
sensor.plug_4_puissance,2.0,2026-08-09T18:44:08.973Z
sensor.plug_4_puissance,0.0,2026-08-09T18:44:14.971Z
sensor.plug_4_puissance,3.0,2026-08-09T18:44:19.971Z
sensor.plug_4_puissance,2.0,2026-08-09T18:44:24.964Z
sensor.plug_4_puissance,5.0,2026-08-09T18:44:47.963Z
sensor.plug_4_puissance,2.0,2026-08-09T18:44:52.975Z
sensor.plug_4_puissance,3.0,2026-08-09T18:45:06.965Z
sensor.plug_4_puissance,2.0,2026-08-09T18:45:11.966Z
sensor.plug_4_puissance,0.0,2026-08-09T18:45:21.973Z
sensor.plug_4_puissance,2.0,2026-08-09T18:45:26.965Z
sensor.plug_4_puissance,0.0,2026-08-09T18:45:32.971Z
sensor.plug_4_puissance,2.0,2026-08-09T18:45:37.978Z
sensor.plug_4_puissance,0.0,2026-08-09T18:45:55.966Z
sensor.plug_4_puissance,2.0,2026-08-09T18:46:03.973Z
sensor.plug_4_puissance,3.0,2026-08-09T18:46:18.966Z
sensor.plug_4_puissance,4.0,2026-08-09T18:46:23.966Z
sensor.plug_4_puissance,2.0,2026-08-09T18:46:28.966Z
sensor.plug_4_puissance,3.0,2026-08-09T18:46:36.875Z
sensor.plug_4_puissance,2.0,2026-08-09T18:46:41.969Z
sensor.plug_4_puissance,0.0,2026-08-09T18:46:55.977Z
sensor.plug_4_puissance,2.0,2026-08-09T18:47:03.967Z
sensor.plug_4_puissance,3.0,2026-08-09T18:47:26.972Z
sensor.plug_4_puissance,4.0,2026-08-09T18:47:31.971Z
sensor.plug_4_puissance,0.0,2026-08-09T18:47:36.979Z
sensor.plug_4_puissance,2.0,2026-08-09T18:47:41.980Z
sensor.plug_4_puissance,3.0,2026-08-09T18:47:45.116Z
sensor.plug_4_puissance,2.0,2026-08-09T18:47:51.973Z
sensor.plug_4_puissance,0.0,2026-08-09T18:47:56.973Z
sensor.plug_4_puissance,2.0,2026-08-09T18:48:01.972Z
sensor.plug_4_puissance,0.0,2026-08-09T18:48:17.974Z
sensor.plug_4_puissance,2.0,2026-08-09T18:48:22.974Z
sensor.plug_4_puissance,3.0,2026-08-09T18:48:55.976Z
sensor.plug_4_puissance,2.0,2026-08-09T18:49:00.976Z
sensor.plug_4_puissance,0.0,2026-08-09T18:49:07.990Z
sensor.plug_4_puissance,2.0,2026-08-09T18:49:19.992Z
sensor.plug_4_puissance,0.0,2026-08-09T18:49:34.792Z
sensor.plug_4_puissance,2.0,2026-08-09T18:49:39.790Z
sensor.plug_4_puissance,0.0,2026-08-09T18:49:53.775Z
sensor.plug_4_puissance,2.0,2026-08-09T18:49:58.777Z
sensor.plug_4_puissance,0.0,2026-08-09T18:50:54.785Z
sensor.plug_4_puissance,2.0,2026-08-09T18:50:59.785Z
sensor.plug_4_puissance,0.0,2026-08-09T18:51:28.799Z
sensor.plug_4_puissance,4.0,2026-08-09T18:51:33.800Z
sensor.plug_4_puissance,5.0,2026-08-09T18:51:38.796Z
sensor.plug_4_puissance,2.0,2026-08-09T18:51:43.797Z
sensor.plug_4_puissance,0.0,2026-08-09T18:52:04.797Z
sensor.plug_4_puissance,2.0,2026-08-09T18:52:09.798Z
sensor.plug_4_puissance,3.0,2026-08-09T18:52:19.792Z
sensor.plug_4_puissance,2.0,2026-08-09T18:52:24.792Z
sensor.plug_4_puissance,0.0,2026-08-09T18:53:15.807Z
sensor.plug_4_puissance,2.0,2026-08-09T18:53:20.813Z
sensor.plug_4_puissance,0.0,2026-08-09T18:53:31.805Z
sensor.plug_4_puissance,2.0,2026-08-09T18:53:36.802Z
sensor.plug_4_puissance,0.0,2026-08-09T18:53:43.803Z
sensor.plug_4_puissance,2.0,2026-08-09T18:53:48.804Z
sensor.plug_4_puissance,3.0,2026-08-09T18:54:38.806Z
sensor.plug_4_puissance,2.0,2026-08-09T18:54:43.816Z
sensor.plug_4_puissance,0.0,2026-08-09T18:55:24.812Z
sensor.plug_4_puissance,5.0,2026-08-09T18:55:29.814Z
sensor.plug_4_puissance,2.0,2026-08-09T18:55:34.813Z
sensor.plug_4_puissance,0.0,2026-08-09T18:55:39.814Z
sensor.plug_4_puissance,2.0,2026-08-09T18:55:46.825Z
sensor.plug_4_puissance,3.0,2026-08-09T18:55:54.817Z
sensor.plug_4_puissance,2.0,2026-08-09T18:55:59.817Z
sensor.plug_4_puissance,3.0,2026-08-09T18:56:35.818Z
sensor.plug_4_puissance,2.0,2026-08-09T18:56:40.821Z
sensor.plug_4_puissance,0.0,2026-08-09T18:57:05.834Z
sensor.plug_4_puissance,2.0,2026-08-09T18:57:10.835Z
sensor.plug_4_puissance,3.0,2026-08-09T18:57:28.823Z
sensor.plug_4_puissance,4.0,2026-08-09T18:57:33.823Z
sensor.plug_4_puissance,2.0,2026-08-09T18:57:38.824Z
sensor.plug_4_puissance,0.0,2026-08-09T18:57:50.825Z
sensor.plug_4_puissance,2.0,2026-08-09T18:57:55.825Z
sensor.plug_4_puissance,0.0,2026-08-09T18:58:02.833Z
sensor.plug_4_puissance,2.0,2026-08-09T18:58:09.833Z
sensor.plug_4_puissance,0.0,2026-08-09T18:58:25.836Z
sensor.plug_4_puissance,2.0,2026-08-09T18:58:30.836Z
sensor.plug_4_puissance,3.0,2026-08-09T18:58:36.828Z
sensor.plug_4_puissance,2.0,2026-08-09T18:58:41.827Z
sensor.plug_4_puissance,5.0,2026-08-09T18:58:46.827Z
sensor.plug_4_puissance,0.0,2026-08-09T18:58:51.828Z
sensor.plug_4_puissance,2.0,2026-08-09T18:58:58.837Z
sensor.plug_4_puissance,3.0,2026-08-09T18:59:06.831Z
sensor.plug_4_puissance,2.0,2026-08-09T18:59:11.830Z
sensor.plug_4_puissance,3.0,2026-08-09T18:59:40.831Z
sensor.plug_4_puissance,0.0,2026-08-09T18:59:45.830Z
sensor.plug_4_puissance,2.0,2026-08-09T18:59:54.830Z
sensor.plug_4_puissance,4.0,2026-08-09T19:00:00.842Z
sensor.plug_4_puissance,0.0,2026-08-09T19:00:05.844Z
sensor.plug_4_puissance,2.0,2026-08-09T19:00:10.848Z
sensor.plug_4_puissance,3.0,2026-08-09T19:00:15.694Z
sensor.plug_4_puissance,0.0,2026-08-09T19:00:20.837Z
sensor.plug_4_puissance,2.0,2026-08-09T19:00:28.846Z
sensor.plug_4_puissance,0.0,2026-08-09T19:00:33.847Z
sensor.plug_4_puissance,3.0,2026-08-09T19:00:39.846Z
sensor.plug_4_puissance,2.0,2026-08-09T19:00:44.840Z
sensor.plug_4_puissance,0.0,2026-08-09T19:00:49.811Z
sensor.plug_4_puissance,2.0,2026-08-09T19:00:54.841Z
sensor.plug_4_puissance,3.0,2026-08-09T19:01:09.842Z
sensor.plug_4_puissance,2.0,2026-08-09T19:01:14.844Z
sensor.plug_4_puissance,0.0,2026-08-09T19:01:19.844Z
sensor.plug_4_puissance,2.0,2026-08-09T19:01:23.928Z
sensor.plug_4_puissance,0.0,2026-08-09T19:01:32.862Z
sensor.plug_4_puissance,2.0,2026-08-09T19:01:37.854Z
sensor.plug_4_puissance,4.0,2026-08-09T19:01:43.847Z
sensor.plug_4_puissance,2.0,2026-08-09T19:01:48.848Z
sensor.plug_4_puissance,3.0,2026-08-09T19:02:02.858Z
sensor.plug_4_puissance,4.0,2026-08-09T19:02:07.860Z
sensor.plug_4_puissance,2.0,2026-08-09T19:02:12.860Z
sensor.plug_4_puissance,4.0,2026-08-09T19:02:18.853Z
sensor.plug_4_puissance,2.0,2026-08-09T19:02:25.853Z
sensor.plug_4_puissance,0.0,2026-08-09T19:02:33.854Z
sensor.plug_4_puissance,5.0,2026-08-09T19:02:38.855Z
sensor.plug_4_puissance,2.0,2026-08-09T19:02:43.854Z
sensor.plug_4_puissance,4.0,2026-08-09T19:02:49.869Z
sensor.plug_4_puissance,2.0,2026-08-09T19:02:54.869Z
sensor.plug_4_puissance,5.0,2026-08-09T19:03:15.862Z
sensor.plug_4_puissance,2.0,2026-08-09T19:03:20.861Z
sensor.plug_4_puissance,5.0,2026-08-09T19:03:34.878Z
sensor.plug_4_puissance,3.0,2026-08-09T19:03:39.875Z
sensor.plug_4_puissance,2.0,2026-08-09T19:03:44.876Z
sensor.plug_4_puissance,3.0,2026-08-09T19:03:51.880Z
sensor.plug_4_puissance,2.0,2026-08-09T19:03:56.876Z
sensor.plug_4_puissance,3.0,2026-08-09T19:04:01.880Z
sensor.plug_4_puissance,2.0,2026-08-09T19:04:06.882Z
sensor.plug_4_puissance,3.0,2026-08-09T19:04:35.878Z
sensor.plug_4_puissance,2.0,2026-08-09T19:04:40.878Z
sensor.plug_4_puissance,3.0,2026-08-09T19:05:00.890Z
sensor.plug_4_puissance,2.0,2026-08-09T19:05:05.890Z
sensor.plug_4_puissance,3.0,2026-08-09T19:05:10.893Z
sensor.plug_4_puissance,4.0,2026-08-09T19:05:15.894Z
sensor.plug_4_puissance,0.0,2026-08-09T19:05:20.892Z
sensor.plug_4_puissance,2.0,2026-08-09T19:05:22.737Z
sensor.plug_4_puissance,0.0,2026-08-09T19:05:36.887Z
sensor.plug_4_puissance,2.0,2026-08-09T19:05:41.888Z
sensor.plug_4_puissance,3.0,2026-08-09T19:05:50.888Z
sensor.plug_4_puissance,2.0,2026-08-09T19:05:55.889Z
sensor.plug_4_puissance,0.0,2026-08-09T19:06:06.898Z
sensor.plug_4_puissance,2.0,2026-08-09T19:06:14.903Z
sensor.plug_4_puissance,0.0,2026-08-09T19:06:21.891Z
sensor.plug_4_puissance,2.0,2026-08-09T19:06:26.892Z
sensor.plug_4_puissance,0.0,2026-08-09T19:06:36.902Z
sensor.plug_4_puissance,2.0,2026-08-09T19:06:41.903Z
sensor.plug_4_puissance,3.0,2026-08-09T19:06:59.906Z
sensor.plug_4_puissance,2.0,2026-08-09T19:07:04.899Z
sensor.plug_4_puissance,4.0,2026-08-09T19:07:11.899Z
sensor.plug_4_puissance,3.0,2026-08-09T19:07:16.901Z
sensor.plug_4_puissance,2.0,2026-08-09T19:07:21.900Z
sensor.plug_4_puissance,3.0,2026-08-09T19:07:26.901Z
sensor.plug_4_puissance,2.0,2026-08-09T19:07:31.901Z
sensor.plug_4_puissance,0.0,2026-08-09T19:07:43.902Z
sensor.plug_4_puissance,2.0,2026-08-09T19:07:48.903Z
sensor.plug_4_puissance,4.0,2026-08-09T19:08:05.904Z
sensor.plug_4_puissance,2.0,2026-08-09T19:08:10.906Z
sensor.plug_4_puissance,0.0,2026-08-09T19:08:31.921Z
sensor.plug_4_puissance,2.0,2026-08-09T19:08:42.917Z
sensor.plug_4_puissance,0.0,2026-08-09T19:08:47.483Z
sensor.plug_4_puissance,2.0,2026-08-09T19:08:52.920Z
sensor.plug_4_puissance,0.0,2026-08-09T19:09:05.911Z
sensor.plug_4_puissance,2.0,2026-08-09T19:09:12.921Z
sensor.plug_4_puissance,0.0,2026-08-09T19:09:28.915Z
sensor.plug_4_puissance,4.0,2026-08-09T19:09:33.915Z
sensor.plug_4_puissance,2.0,2026-08-09T19:09:42.916Z
sensor.plug_4_puissance,3.0,2026-08-09T19:09:49.920Z
sensor.plug_4_puissance,2.0,2026-08-09T19:09:54.921Z
sensor.plug_4_puissance,3.0,2026-08-09T19:10:01.929Z
sensor.plug_4_puissance,2.0,2026-08-09T19:10:06.930Z
sensor.plug_4_puissance,3.0,2026-08-09T19:10:19.923Z
sensor.plug_4_puissance,2.0,2026-08-09T19:10:24.922Z
sensor.plug_4_puissance,4.0,2026-08-09T19:10:29.870Z
sensor.plug_4_puissance,2.0,2026-08-09T19:10:34.928Z
sensor.plug_4_puissance,4.0,2026-08-09T19:10:50.941Z
sensor.plug_4_puissance,0.0,2026-08-09T19:10:55.940Z
sensor.plug_4_puissance,2.0,2026-08-09T19:11:00.942Z
sensor.plug_4_puissance,3.0,2026-08-09T19:11:06.933Z
sensor.plug_4_puissance,2.0,2026-08-09T19:11:11.934Z
sensor.plug_4_puissance,0.0,2026-08-09T19:11:24.942Z
sensor.plug_4_puissance,4.0,2026-08-09T19:11:29.942Z
sensor.plug_4_puissance,2.0,2026-08-09T19:11:34.942Z
sensor.plug_4_puissance,0.0,2026-08-09T19:12:10.947Z
sensor.plug_4_puissance,2.0,2026-08-09T19:12:15.948Z
sensor.plug_4_puissance,4.0,2026-08-09T19:12:20.950Z
sensor.plug_4_puissance,2.0,2026-08-09T19:12:25.947Z
sensor.plug_4_puissance,3.0,2026-08-09T19:12:35.942Z
sensor.plug_4_puissance,2.0,2026-08-09T19:12:46.334Z
sensor.plug_4_puissance,0.0,2026-08-09T19:13:02.957Z
sensor.plug_4_puissance,2.0,2026-08-09T19:13:10.954Z
sensor.plug_4_puissance,4.0,2026-08-09T19:13:31.947Z
sensor.plug_4_puissance,2.0,2026-08-09T19:13:36.947Z
sensor.plug_4_puissance,0.0,2026-08-09T19:13:46.956Z
sensor.plug_4_puissance,2.0,2026-08-09T19:13:51.955Z
sensor.plug_4_puissance,0.0,2026-08-09T19:13:57.958Z
sensor.plug_4_puissance,3.0,2026-08-09T19:14:02.955Z
sensor.plug_4_puissance,2.0,2026-08-09T19:14:07.949Z
sensor.plug_4_puissance,0.0,2026-08-09T19:15:50.974Z
sensor.plug_4_puissance,2.0,2026-08-09T19:15:55.974Z
sensor.plug_4_puissance,3.0,2026-08-09T19:16:00.964Z
sensor.plug_4_puissance,2.0,2026-08-09T19:16:05.967Z
sensor.plug_4_puissance,3.0,2026-08-09T19:16:11.966Z
sensor.plug_4_puissance,2.0,2026-08-09T19:16:16.966Z
sensor.plug_4_puissance,0.0,2026-08-09T19:17:08.981Z
sensor.plug_4_puissance,2.0,2026-08-09T19:17:13.982Z
sensor.plug_4_puissance,3.0,2026-08-09T19:17:27.982Z
sensor.plug_4_puissance,2.0,2026-08-09T19:17:32.983Z
sensor.plug_4_puissance,0.0,2026-08-09T19:17:37.983Z
sensor.plug_4_puissance,3.0,2026-08-09T19:17:42.988Z
sensor.plug_4_puissance,0.0,2026-08-09T19:17:47.991Z
sensor.plug_4_puissance,2.0,2026-08-09T19:17:52.984Z
sensor.plug_4_puissance,0.0,2026-08-09T19:17:58.983Z
sensor.plug_4_puissance,2.0,2026-08-09T19:18:06.985Z
sensor.plug_4_puissance,3.0,2026-08-09T19:18:44.979Z
sensor.plug_4_puissance,2.0,2026-08-09T19:18:49.979Z
sensor.plug_4_puissance,0.0,2026-08-09T19:19:30.993Z
sensor.plug_4_puissance,2.0,2026-08-09T19:19:35.755Z
sensor.plug_4_puissance,0.0,2026-08-09T19:20:39.999Z
sensor.plug_4_puissance,2.0,2026-08-09T19:20:43.992Z
sensor.plug_4_puissance,0.0,2026-08-09T19:20:50.002Z
sensor.plug_4_puissance,2.0,2026-08-09T19:20:55.001Z
sensor.plug_4_puissance,4.0,2026-08-09T19:21:08.997Z
sensor.plug_4_puissance,2.0,2026-08-09T19:21:16.005Z
sensor.plug_4_puissance,5.0,2026-08-09T19:21:21.997Z
sensor.plug_4_puissance,2.0,2026-08-09T19:21:26.997Z
sensor.plug_4_puissance,0.0,2026-08-09T19:21:33.006Z
sensor.plug_4_puissance,2.0,2026-08-09T19:21:38.010Z
sensor.plug_4_puissance,0.0,2026-08-09T19:21:52.233Z
sensor.plug_4_puissance,3.0,2026-08-09T19:21:58.007Z
sensor.plug_4_puissance,2.0,2026-08-09T19:22:03.008Z
sensor.plug_4_puissance,0.0,2026-08-09T19:22:08.007Z
sensor.plug_4_puissance,2.0,2026-08-09T19:22:13.009Z
sensor.plug_4_puissance,3.0,2026-08-09T19:22:18.010Z
sensor.plug_4_puissance,2.0,2026-08-09T19:22:23.002Z
sensor.plug_4_puissance,0.0,2026-08-09T19:24:23.816Z
sensor.plug_4_puissance,2.0,2026-08-09T19:24:28.816Z
sensor.plug_4_puissance,0.0,2026-08-09T19:24:48.820Z
sensor.plug_4_puissance,2.0,2026-08-09T19:24:53.820Z
sensor.plug_4_puissance,0.0,2026-08-09T19:25:04.828Z
sensor.plug_4_puissance,2.0,2026-08-09T19:25:09.830Z
sensor.plug_4_puissance,3.0,2026-08-09T19:25:14.822Z
sensor.plug_4_puissance,2.0,2026-08-09T19:25:16.946Z
sensor.plug_4_puissance,0.0,2026-08-09T19:25:27.831Z
sensor.plug_4_puissance,2.0,2026-08-09T19:25:32.833Z
sensor.plug_4_puissance,0.0,2026-08-09T19:25:42.838Z
sensor.plug_4_puissance,2.0,2026-08-09T19:25:47.837Z
sensor.plug_4_puissance,3.0,2026-08-09T19:26:59.829Z
sensor.plug_4_puissance,2.0,2026-08-09T19:27:04.830Z
sensor.plug_4_puissance,0.0,2026-08-09T19:27:33.414Z
sensor.plug_4_puissance,2.0,2026-08-09T19:27:40.832Z
sensor.plug_4_puissance,4.0,2026-08-09T19:27:47.832Z
sensor.plug_4_puissance,0.0,2026-08-09T19:27:52.832Z
sensor.plug_4_puissance,2.0,2026-08-09T19:27:57.833Z
sensor.plug_4_puissance,0.0,2026-08-09T19:28:03.840Z
sensor.plug_4_puissance,2.0,2026-08-09T19:28:07.535Z
sensor.plug_4_puissance,3.0,2026-08-09T19:28:59.844Z
sensor.plug_4_puissance,2.0,2026-08-09T19:29:04.844Z
sensor.plug_4_puissance,0.0,2026-08-09T19:29:14.844Z
sensor.plug_4_puissance,2.0,2026-08-09T19:29:19.849Z
sensor.plug_4_puissance,0.0,2026-08-09T19:29:26.846Z
sensor.plug_4_puissance,2.0,2026-08-09T19:29:31.846Z
sensor.plug_4_puissance,0.0,2026-08-09T19:29:36.845Z
sensor.plug_4_puissance,3.0,2026-08-09T19:29:45.846Z
sensor.plug_4_puissance,2.0,2026-08-09T19:29:49.927Z
sensor.plug_4_puissance,3.0,2026-08-09T19:29:55.837Z
sensor.plug_4_puissance,2.0,2026-08-09T19:30:00.837Z
sensor.plug_4_puissance,0.0,2026-08-09T19:30:05.846Z
sensor.plug_4_puissance,2.0,2026-08-09T19:30:10.846Z
sensor.plug_4_puissance,0.0,2026-08-09T19:30:23.838Z
sensor.plug_4_puissance,2.0,2026-08-09T19:30:28.838Z
sensor.plug_4_puissance,0.0,2026-08-09T19:30:38.847Z
sensor.plug_4_puissance,2.0,2026-08-09T19:30:43.847Z
sensor.plug_4_puissance,0.0,2026-08-09T19:30:58.162Z
sensor.plug_4_puissance,2.0,2026-08-09T19:31:03.847Z
sensor.plug_4_puissance,4.0,2026-08-09T19:31:47.839Z
sensor.plug_4_puissance,2.0,2026-08-09T19:31:52.839Z
sensor.plug_4_puissance,4.0,2026-08-09T19:32:15.851Z
sensor.plug_4_puissance,2.0,2026-08-09T19:32:22.839Z
sensor.plug_4_puissance,4.0,2026-08-09T19:32:56.839Z
sensor.plug_4_puissance,2.0,2026-08-09T19:33:01.843Z
sensor.plug_4_puissance,0.0,2026-08-09T19:33:06.844Z
sensor.plug_4_puissance,2.0,2026-08-09T19:33:11.844Z
sensor.plug_4_puissance,0.0,2026-08-09T19:33:16.844Z
sensor.plug_4_puissance,5.0,2026-08-09T19:33:21.843Z
sensor.plug_4_puissance,2.0,2026-08-09T19:33:26.845Z
sensor.plug_4_puissance,3.0,2026-08-09T19:33:47.844Z
sensor.plug_4_puissance,2.0,2026-08-09T19:33:52.844Z
sensor.plug_4_puissance,0.0,2026-08-09T19:34:06.853Z
sensor.plug_4_puissance,2.0,2026-08-09T19:34:14.859Z
sensor.plug_4_puissance,4.0,2026-08-09T19:34:28.845Z
sensor.plug_4_puissance,0.0,2026-08-09T19:34:33.845Z
sensor.plug_4_puissance,3.0,2026-08-09T19:34:38.846Z
sensor.plug_4_puissance,0.0,2026-08-09T19:34:43.854Z
sensor.plug_4_puissance,3.0,2026-08-09T19:34:50.855Z
sensor.plug_4_puissance,2.0,2026-08-09T19:34:57.846Z
sensor.plug_4_puissance,3.0,2026-08-09T19:35:02.846Z
sensor.plug_4_puissance,2.0,2026-08-09T19:35:08.849Z
sensor.plug_4_puissance,0.0,2026-08-09T19:35:20.856Z
sensor.plug_4_puissance,5.0,2026-08-09T19:35:25.859Z
sensor.plug_4_puissance,4.0,2026-08-09T19:35:30.858Z
sensor.plug_4_puissance,0.0,2026-08-09T19:35:35.857Z
sensor.plug_4_puissance,2.0,2026-08-09T19:35:40.859Z
sensor.plug_4_puissance,0.0,2026-08-09T19:35:45.857Z
sensor.plug_4_puissance,2.0,2026-08-09T19:35:50.859Z
sensor.plug_4_puissance,0.0,2026-08-09T19:36:02.852Z
sensor.plug_4_puissance,3.0,2026-08-09T19:36:07.853Z
sensor.plug_4_puissance,2.0,2026-08-09T19:36:12.851Z
sensor.plug_4_puissance,0.0,2026-08-09T19:36:24.862Z
sensor.plug_4_puissance,2.0,2026-08-09T19:36:29.863Z
sensor.plug_4_puissance,0.0,2026-08-09T19:36:43.864Z
sensor.plug_4_puissance,2.0,2026-08-09T19:36:50.862Z
sensor.plug_4_puissance,0.0,2026-08-09T19:37:13.865Z
sensor.plug_4_puissance,2.0,2026-08-09T19:37:18.873Z
sensor.plug_4_puissance,0.0,2026-08-09T19:37:36.868Z
sensor.plug_4_puissance,2.0,2026-08-09T19:37:41.870Z
sensor.plug_4_puissance,0.0,2026-08-09T19:37:46.868Z
sensor.plug_4_puissance,2.0,2026-08-09T19:37:51.870Z
sensor.plug_4_puissance,3.0,2026-08-09T19:37:56.860Z
sensor.plug_4_puissance,0.0,2026-08-09T19:38:01.864Z
sensor.plug_4_puissance,2.0,2026-08-09T19:38:06.864Z
sensor.plug_4_puissance,0.0,2026-08-09T19:38:15.873Z
sensor.plug_4_puissance,2.0,2026-08-09T19:38:20.871Z
sensor.plug_4_puissance,0.0,2026-08-09T19:38:30.872Z
sensor.plug_4_puissance,2.0,2026-08-09T19:38:35.874Z
sensor.plug_4_puissance,0.0,2026-08-09T19:38:40.875Z
sensor.plug_4_puissance,2.0,2026-08-09T19:38:45.874Z
sensor.plug_4_puissance,3.0,2026-08-09T19:38:50.878Z
sensor.plug_4_puissance,2.0,2026-08-09T19:38:55.810Z
sensor.plug_4_puissance,5.0,2026-08-09T19:39:05.879Z
sensor.plug_4_puissance,0.0,2026-08-09T19:39:10.881Z
sensor.plug_4_puissance,2.0,2026-08-09T19:39:15.879Z
sensor.plug_4_puissance,3.0,2026-08-09T19:39:36.874Z
sensor.plug_4_puissance,2.0,2026-08-09T19:39:41.874Z
sensor.plug_4_puissance,0.0,2026-08-09T19:39:46.874Z
sensor.plug_4_puissance,2.0,2026-08-09T19:39:51.874Z
sensor.plug_4_puissance,5.0,2026-08-09T19:39:56.884Z
sensor.plug_4_puissance,2.0,2026-08-09T19:40:01.884Z
sensor.plug_4_puissance,3.0,2026-08-09T19:40:08.875Z
sensor.plug_4_puissance,2.0,2026-08-09T19:40:13.875Z
sensor.plug_4_puissance,0.0,2026-08-09T19:40:24.882Z
sensor.plug_4_puissance,2.0,2026-08-09T19:40:29.885Z
sensor.plug_4_puissance,0.0,2026-08-09T19:40:36.886Z
sensor.plug_4_puissance,2.0,2026-08-09T19:40:41.884Z
sensor.plug_4_puissance,3.0,2026-08-09T19:40:46.885Z
sensor.plug_4_puissance,2.0,2026-08-09T19:40:51.885Z
sensor.plug_4_puissance,3.0,2026-08-09T19:40:58.885Z
sensor.plug_4_puissance,0.0,2026-08-09T19:41:03.885Z
sensor.plug_4_puissance,2.0,2026-08-09T19:41:08.885Z
sensor.plug_4_puissance,0.0,2026-08-09T19:41:24.888Z
sensor.plug_4_puissance,2.0,2026-08-09T19:41:29.888Z
sensor.plug_4_puissance,3.0,2026-08-09T19:41:41.879Z
sensor.plug_4_puissance,2.0,2026-08-09T19:41:46.403Z
sensor.plug_4_puissance,0.0,2026-08-09T19:41:53.896Z
sensor.plug_4_puissance,2.0,2026-08-09T19:42:01.888Z
sensor.plug_4_puissance,5.0,2026-08-09T19:42:12.879Z
sensor.plug_4_puissance,4.0,2026-08-09T19:42:17.879Z
sensor.plug_4_puissance,5.0,2026-08-09T19:42:20.519Z
sensor.plug_4_puissance,2.0,2026-08-09T19:42:22.881Z
sensor.plug_4_puissance,5.0,2026-08-09T19:42:35.882Z
sensor.plug_4_puissance,2.0,2026-08-09T19:42:40.882Z
sensor.plug_4_puissance,0.0,2026-08-09T19:42:51.890Z
sensor.plug_4_puissance,2.0,2026-08-09T19:42:54.636Z
sensor.plug_4_puissance,0.0,2026-08-09T19:43:02.894Z
sensor.plug_4_puissance,2.0,2026-08-09T19:43:07.899Z
sensor.plug_4_puissance,0.0,2026-08-09T19:43:22.899Z
sensor.plug_4_puissance,2.0,2026-08-09T19:43:27.893Z
sensor.plug_4_puissance,0.0,2026-08-09T19:43:44.894Z
sensor.plug_4_puissance,2.0,2026-08-09T19:43:49.894Z
sensor.plug_4_puissance,0.0,2026-08-09T19:44:03.894Z
sensor.plug_4_puissance,2.0,2026-08-09T19:44:08.895Z
sensor.plug_4_puissance,3.0,2026-08-09T19:44:13.889Z
sensor.plug_4_puissance,2.0,2026-08-09T19:44:21.888Z
sensor.plug_4_puissance,3.0,2026-08-09T19:44:32.890Z
sensor.plug_4_puissance,2.0,2026-08-09T19:44:36.988Z
sensor.plug_4_puissance,0.0,2026-08-09T19:45:21.903Z
sensor.plug_4_puissance,3.0,2026-08-09T19:45:26.904Z
sensor.plug_4_puissance,2.0,2026-08-09T19:45:31.894Z
sensor.plug_4_puissance,0.0,2026-08-09T19:45:36.893Z
sensor.plug_4_puissance,2.0,2026-08-09T19:45:41.894Z
sensor.plug_4_puissance,3.0,2026-08-09T19:45:45.222Z
sensor.plug_4_puissance,2.0,2026-08-09T19:45:51.894Z
sensor.plug_4_puissance,3.0,2026-08-09T19:46:02.898Z
sensor.plug_4_puissance,2.0,2026-08-09T19:46:07.894Z
sensor.plug_4_puissance,3.0,2026-08-09T19:46:12.905Z
sensor.plug_4_puissance,4.0,2026-08-09T19:46:17.905Z
sensor.plug_4_puissance,2.0,2026-08-09T19:46:22.906Z
sensor.plug_4_puissance,0.0,2026-08-09T19:46:36.909Z
sensor.plug_4_puissance,2.0,2026-08-09T19:46:41.908Z
sensor.plug_4_puissance,3.0,2026-08-09T19:47:17.912Z
sensor.plug_4_puissance,2.0,2026-08-09T19:47:22.915Z
sensor.plug_4_puissance,3.0,2026-08-09T19:47:27.578Z
sensor.plug_4_puissance,2.0,2026-08-09T19:47:32.904Z
sensor.plug_4_puissance,3.0,2026-08-09T19:47:37.911Z
sensor.plug_4_puissance,2.0,2026-08-09T19:47:42.916Z
sensor.plug_4_puissance,5.0,2026-08-09T19:48:03.908Z
sensor.plug_4_puissance,2.0,2026-08-09T19:48:08.908Z
sensor.plug_4_puissance,5.0,2026-08-09T19:48:21.908Z
sensor.plug_4_puissance,0.0,2026-08-09T19:48:26.909Z
sensor.plug_4_puissance,2.0,2026-08-09T19:48:33.919Z
sensor.plug_4_puissance,3.0,2026-08-09T19:48:59.911Z
sensor.plug_4_puissance,2.0,2026-08-09T19:49:04.909Z
sensor.plug_4_puissance,3.0,2026-08-09T19:49:09.909Z
sensor.plug_4_puissance,2.0,2026-08-09T19:49:14.914Z
sensor.plug_4_puissance,0.0,2026-08-09T19:49:27.924Z
sensor.plug_4_puissance,4.0,2026-08-09T19:49:32.925Z
sensor.plug_4_puissance,3.0,2026-08-09T19:49:37.924Z
sensor.plug_4_puissance,0.0,2026-08-09T19:49:42.923Z
sensor.plug_4_puissance,3.0,2026-08-09T19:49:49.927Z
sensor.plug_4_puissance,0.0,2026-08-09T19:49:54.929Z
sensor.plug_4_puissance,2.0,2026-08-09T19:49:59.931Z
sensor.plug_4_puissance,3.0,2026-08-09T19:50:11.919Z
sensor.plug_4_puissance,2.0,2026-08-09T19:50:16.928Z
sensor.plug_4_puissance,0.0,2026-08-09T19:50:26.928Z
sensor.plug_4_puissance,5.0,2026-08-09T19:50:31.933Z
sensor.plug_4_puissance,2.0,2026-08-09T19:50:36.933Z
sensor.plug_4_puissance,0.0,2026-08-09T19:50:43.920Z
sensor.plug_4_puissance,2.0,2026-08-09T19:50:51.928Z
sensor.plug_4_puissance,3.0,2026-08-09T19:50:56.929Z
sensor.plug_4_puissance,0.0,2026-08-09T19:51:01.930Z
sensor.plug_4_puissance,2.0,2026-08-09T19:51:06.930Z
sensor.plug_4_puissance,0.0,2026-08-09T19:51:20.935Z
sensor.plug_4_puissance,2.0,2026-08-09T19:51:28.931Z
sensor.plug_4_puissance,0.0,2026-08-09T19:51:39.931Z
sensor.plug_4_puissance,2.0,2026-08-09T19:51:44.930Z
sensor.plug_4_puissance,0.0,2026-08-09T19:52:05.933Z
sensor.plug_4_puissance,2.0,2026-08-09T19:52:12.934Z
sensor.plug_4_puissance,3.0,2026-08-09T19:52:45.935Z
sensor.plug_4_puissance,2.0,2026-08-09T19:52:50.936Z
sensor.plug_4_puissance,0.0,2026-08-09T19:52:55.937Z
sensor.plug_4_puissance,2.0,2026-08-09T19:53:00.937Z
sensor.plug_4_puissance,4.0,2026-08-09T19:53:08.763Z
sensor.plug_4_puissance,0.0,2026-08-09T19:53:13.931Z
sensor.plug_4_puissance,2.0,2026-08-09T19:53:18.928Z
sensor.plug_4_puissance,4.0,2026-08-09T19:53:26.930Z
sensor.plug_4_puissance,2.0,2026-08-09T19:53:31.930Z
sensor.plug_4_puissance,3.0,2026-08-09T19:53:36.930Z
sensor.plug_4_puissance,2.0,2026-08-09T19:53:41.930Z
sensor.plug_4_puissance,0.0,2026-08-09T19:53:48.938Z
sensor.plug_4_puissance,3.0,2026-08-09T19:53:53.939Z
sensor.plug_4_puissance,2.0,2026-08-09T19:53:58.931Z
sensor.plug_4_puissance,0.0,2026-08-09T19:54:23.940Z
sensor.plug_4_puissance,2.0,2026-08-09T19:54:31.941Z
sensor.plug_4_puissance,0.0,2026-08-09T19:54:46.941Z
sensor.plug_4_puissance,2.0,2026-08-09T19:54:51.139Z
sensor.plug_4_puissance,0.0,2026-08-09T19:55:02.950Z
sensor.plug_4_puissance,2.0,2026-08-09T19:55:07.949Z
sensor.plug_4_puissance,0.0,2026-08-09T19:55:51.952Z
sensor.plug_4_puissance,4.0,2026-08-09T19:55:56.949Z
sensor.plug_4_puissance,2.0,2026-08-09T19:55:59.377Z
sensor.plug_4_puissance,0.0,2026-08-09T19:56:09.954Z
sensor.plug_4_puissance,2.0,2026-08-09T19:56:14.953Z
sensor.plug_4_puissance,0.0,2026-08-09T19:56:32.949Z
sensor.plug_4_puissance,3.0,2026-08-09T19:56:37.952Z
sensor.plug_4_puissance,2.0,2026-08-09T19:56:42.944Z
sensor.plug_4_puissance,0.0,2026-08-09T19:56:58.954Z
sensor.plug_4_puissance,2.0,2026-08-09T19:57:03.954Z
sensor.plug_4_puissance,3.0,2026-08-09T19:57:26.945Z
sensor.plug_4_puissance,0.0,2026-08-09T19:57:31.945Z
sensor.plug_4_puissance,2.0,2026-08-09T19:57:36.946Z
sensor.plug_4_puissance,0.0,2026-08-09T19:57:41.730Z
sensor.plug_4_puissance,3.0,2026-08-09T19:57:46.947Z
sensor.plug_4_puissance,2.0,2026-08-09T19:57:51.953Z
sensor.plug_4_puissance,0.0,2026-08-09T19:58:01.947Z
sensor.plug_4_puissance,2.0,2026-08-09T19:58:06.948Z
sensor.plug_4_puissance,0.0,2026-08-09T19:58:26.960Z
sensor.plug_4_puissance,4.0,2026-08-09T19:58:31.959Z
sensor.plug_4_puissance,2.0,2026-08-09T19:58:36.959Z
sensor.plug_4_puissance,3.0,2026-08-09T19:58:52.951Z
sensor.plug_4_puissance,2.0,2026-08-09T19:58:57.951Z
sensor.plug_4_puissance,0.0,2026-08-09T19:59:04.966Z
sensor.plug_4_puissance,2.0,2026-08-09T19:59:09.960Z
sensor.plug_4_puissance,0.0,2026-08-09T19:59:19.965Z
sensor.plug_4_puissance,2.0,2026-08-09T19:59:24.078Z
sensor.plug_4_puissance,0.0,2026-08-09T20:00:09.967Z
sensor.plug_4_puissance,2.0,2026-08-09T20:00:14.964Z
sensor.plug_4_puissance,0.0,2026-08-09T20:00:19.965Z
sensor.plug_4_puissance,2.0,2026-08-09T20:00:24.965Z
sensor.plug_4_puissance,0.0,2026-08-09T20:00:39.970Z
sensor.plug_4_puissance,2.0,2026-08-09T20:00:44.972Z
sensor.plug_4_puissance,0.0,2026-08-09T20:01:10.970Z
sensor.plug_4_puissance,2.0,2026-08-09T20:01:15.973Z
sensor.plug_4_puissance,0.0,2026-08-09T20:01:20.974Z
sensor.plug_4_puissance,2.0,2026-08-09T20:01:29.968Z
sensor.plug_4_puissance,3.0,2026-08-09T20:01:59.961Z
sensor.plug_4_puissance,2.0,2026-08-09T20:02:04.961Z
sensor.plug_4_puissance,3.0,2026-08-09T20:02:09.961Z
sensor.plug_4_puissance,2.0,2026-08-09T20:02:14.670Z
sensor.plug_4_puissance,3.0,2026-08-09T20:02:19.961Z
sensor.plug_4_puissance,2.0,2026-08-09T20:02:24.961Z
sensor.plug_4_puissance,0.0,2026-08-09T20:02:31.975Z
sensor.plug_4_puissance,2.0,2026-08-09T20:02:36.972Z
sensor.plug_4_puissance,3.0,2026-08-09T20:02:41.972Z
sensor.plug_4_puissance,2.0,2026-08-09T20:02:46.971Z
sensor.plug_4_puissance,4.0,2026-08-09T20:04:46.971Z
sensor.plug_4_puissance,3.0,2026-08-09T20:04:51.971Z
sensor.plug_4_puissance,0.0,2026-08-09T20:04:56.971Z
sensor.plug_4_puissance,2.0,2026-08-09T20:05:01.971Z
sensor.plug_4_puissance,0.0,2026-08-09T20:05:05.268Z
sensor.plug_4_puissance,3.0,2026-08-09T20:05:06.972Z
sensor.plug_4_puissance,2.0,2026-08-09T20:05:11.973Z
sensor.plug_4_puissance,0.0,2026-08-09T20:05:16.974Z
sensor.plug_4_puissance,2.0,2026-08-09T20:05:29.982Z
sensor.plug_4_puissance,3.0,2026-08-09T20:06:53.974Z
sensor.plug_4_puissance,2.0,2026-08-09T20:06:58.990Z
sensor.plug_4_puissance,3.0,2026-08-09T20:07:34.982Z
sensor.plug_4_puissance,2.0,2026-08-09T20:07:39.982Z
sensor.plug_4_puissance,3.0,2026-08-09T20:07:44.981Z
sensor.plug_4_puissance,0.0,2026-08-09T20:07:49.990Z
sensor.plug_4_puissance,2.0,2026-08-09T20:07:54.990Z
sensor.plug_4_puissance,0.0,2026-08-09T20:08:04.996Z
sensor.plug_4_puissance,2.0,2026-08-09T20:08:13.995Z
sensor.plug_4_puissance,3.0,2026-08-09T20:09:11.985Z
sensor.plug_4_puissance,2.0,2026-08-09T20:09:16.994Z
sensor.plug_4_puissance,5.0,2026-08-09T20:09:51.987Z
sensor.plug_4_puissance,2.0,2026-08-09T20:09:56.987Z
sensor.plug_4_puissance,0.0,2026-08-09T20:10:05.995Z
sensor.plug_4_puissance,2.0,2026-08-09T20:10:10.996Z
sensor.plug_4_puissance,0.0,2026-08-09T20:10:29.995Z
sensor.plug_4_puissance,4.0,2026-08-09T20:10:34.995Z
sensor.plug_4_puissance,2.0,2026-08-09T20:10:39.988Z
sensor.plug_4_puissance,0.0,2026-08-09T20:10:50.995Z
sensor.plug_4_puissance,2.0,2026-08-09T20:10:55.997Z
sensor.plug_4_puissance,0.0,2026-08-09T20:11:05.997Z
sensor.plug_4_puissance,2.0,2026-08-09T20:11:10.996Z
sensor.plug_4_puissance,3.0,2026-08-09T20:13:18.007Z
sensor.plug_4_puissance,2.0,2026-08-09T20:13:23.009Z
sensor.plug_4_puissance,0.0,2026-08-09T20:13:41.002Z
sensor.plug_4_puissance,2.0,2026-08-09T20:13:46.003Z
sensor.plug_4_puissance,0.0,2026-08-09T20:14:04.004Z
sensor.plug_4_puissance,2.0,2026-08-09T20:14:09.006Z
sensor.plug_4_puissance,3.0,2026-08-09T20:14:14.016Z
sensor.plug_4_puissance,2.0,2026-08-09T20:14:19.005Z
sensor.plug_4_puissance,0.0,2026-08-09T20:14:30.019Z
sensor.plug_4_puissance,2.0,2026-08-09T20:14:35.021Z
sensor.plug_4_puissance,3.0,2026-08-09T20:17:05.018Z
sensor.plug_4_puissance,2.0,2026-08-09T20:17:10.029Z
sensor.plug_4_puissance,0.0,2026-08-09T20:17:28.021Z
sensor.plug_4_puissance,2.0,2026-08-09T20:17:33.024Z
sensor.plug_4_puissance,0.0,2026-08-09T20:17:50.022Z
sensor.plug_4_puissance,2.0,2026-08-09T20:17:55.022Z
sensor.plug_4_puissance,0.0,2026-08-09T20:19:02.033Z
sensor.plug_4_puissance,2.0,2026-08-09T20:19:07.036Z
sensor.plug_4_puissance,0.0,2026-08-09T20:19:55.037Z
sensor.plug_4_puissance,2.0,2026-08-09T20:20:00.039Z
sensor.plug_4_puissance,0.0,2026-08-09T20:20:05.039Z
sensor.plug_4_puissance,2.0,2026-08-09T20:20:10.040Z
sensor.plug_4_puissance,0.0,2026-08-09T20:20:26.044Z
sensor.plug_4_puissance,2.0,2026-08-09T20:20:31.040Z
sensor.plug_4_puissance,0.0,2026-08-09T20:20:37.032Z
sensor.plug_4_puissance,2.0,2026-08-09T20:20:42.033Z
sensor.plug_4_puissance,0.0,2026-08-09T20:20:53.040Z
sensor.plug_4_puissance,2.0,2026-08-09T20:20:58.044Z
sensor.plug_4_puissance,0.0,2026-08-09T20:21:04.039Z
sensor.plug_4_puissance,2.0,2026-08-09T20:21:09.044Z
sensor.plug_4_puissance,0.0,2026-08-09T20:21:15.043Z
sensor.plug_4_puissance,2.0,2026-08-09T20:21:20.044Z
sensor.plug_4_puissance,3.0,2026-08-09T20:21:26.043Z
sensor.plug_4_puissance,2.0,2026-08-09T20:21:31.044Z
sensor.plug_4_puissance,0.0,2026-08-09T20:21:46.049Z
sensor.plug_4_puissance,2.0,2026-08-09T20:21:51.045Z
sensor.plug_4_puissance,4.0,2026-08-09T20:21:56.052Z
sensor.plug_4_puissance,2.0,2026-08-09T20:22:01.048Z
sensor.plug_4_puissance,0.0,2026-08-09T20:22:53.051Z
sensor.plug_4_puissance,2.0,2026-08-09T20:22:58.045Z
sensor.plug_4_puissance,4.0,2026-08-09T20:23:14.044Z
sensor.plug_4_puissance,2.0,2026-08-09T20:23:19.047Z
sensor.plug_4_puissance,4.0,2026-08-09T20:23:24.048Z
sensor.plug_4_puissance,2.0,2026-08-09T20:23:29.048Z
sensor.plug_4_puissance,0.0,2026-08-09T20:23:41.058Z
sensor.plug_4_puissance,2.0,2026-08-09T20:23:46.057Z
sensor.plug_4_puissance,3.0,2026-08-09T20:23:56.062Z
sensor.plug_4_puissance,2.0,2026-08-09T20:24:03.054Z
sensor.plug_4_puissance,3.0,2026-08-09T20:24:08.054Z
sensor.plug_4_puissance,2.0,2026-08-09T20:24:13.053Z
sensor.plug_4_puissance,0.0,2026-08-09T20:24:32.073Z
sensor.plug_4_puissance,2.0,2026-08-09T20:24:37.070Z
sensor.plug_4_puissance,0.0,2026-08-09T20:24:42.068Z
sensor.plug_4_puissance,2.0,2026-08-09T20:24:47.067Z
sensor.plug_4_puissance,4.0,2026-08-09T20:24:54.068Z
sensor.plug_4_puissance,2.0,2026-08-09T20:24:59.071Z
sensor.plug_4_puissance,0.0,2026-08-09T20:25:10.070Z
sensor.plug_4_puissance,2.0,2026-08-09T20:25:15.067Z
sensor.plug_4_puissance,0.0,2026-08-09T20:25:20.069Z
sensor.plug_4_puissance,2.0,2026-08-09T20:25:25.067Z
sensor.plug_4_puissance,0.0,2026-08-09T20:25:50.065Z
sensor.plug_4_puissance,3.0,2026-08-09T20:25:55.066Z
sensor.plug_4_puissance,2.0,2026-08-09T20:26:00.074Z
sensor.plug_4_puissance,4.0,2026-08-09T20:26:20.078Z
sensor.plug_4_puissance,0.0,2026-08-09T20:26:25.079Z
sensor.plug_4_puissance,2.0,2026-08-09T20:26:30.078Z
sensor.plug_4_puissance,0.0,2026-08-09T20:26:35.078Z
sensor.plug_4_puissance,2.0,2026-08-09T20:26:40.080Z
sensor.plug_4_puissance,0.0,2026-08-09T20:26:41.778Z
sensor.plug_4_puissance,2.0,2026-08-09T20:26:50.080Z
sensor.plug_4_puissance,4.0,2026-08-09T20:26:55.082Z
sensor.plug_4_puissance,3.0,2026-08-09T20:27:00.072Z
sensor.plug_4_puissance,0.0,2026-08-09T20:27:05.073Z
sensor.plug_4_puissance,2.0,2026-08-09T20:27:10.076Z
sensor.plug_4_puissance,3.0,2026-08-09T20:27:27.077Z
sensor.plug_4_puissance,2.0,2026-08-09T20:27:32.077Z
sensor.plug_4_puissance,0.0,2026-08-09T20:27:37.889Z
sensor.plug_4_puissance,2.0,2026-08-09T20:27:42.890Z
sensor.plug_4_puissance,3.0,2026-08-09T20:27:49.878Z
sensor.plug_4_puissance,2.0,2026-08-09T20:27:56.879Z
sensor.plug_4_puissance,3.0,2026-08-09T20:28:01.882Z
sensor.plug_4_puissance,2.0,2026-08-09T20:28:06.891Z
sensor.plug_4_puissance,0.0,2026-08-09T20:28:22.896Z
sensor.plug_4_puissance,2.0,2026-08-09T20:28:30.891Z
sensor.plug_4_puissance,5.0,2026-08-09T20:28:40.892Z
sensor.plug_4_puissance,2.0,2026-08-09T20:28:45.883Z
sensor.plug_4_puissance,0.0,2026-08-09T20:28:54.886Z
sensor.plug_4_puissance,4.0,2026-08-09T20:28:58.251Z
sensor.plug_4_puissance,2.0,2026-08-09T20:29:08.887Z
sensor.plug_4_puissance,4.0,2026-08-09T20:29:14.896Z
sensor.plug_4_puissance,2.0,2026-08-09T20:29:19.897Z
sensor.plug_4_puissance,4.0,2026-08-09T20:29:45.890Z
sensor.plug_4_puissance,0.0,2026-08-09T20:29:50.891Z
sensor.plug_4_puissance,2.0,2026-08-09T20:29:55.891Z
sensor.plug_4_puissance,0.0,2026-08-09T20:30:00.899Z
sensor.plug_4_puissance,3.0,2026-08-09T20:30:05.892Z
sensor.plug_4_puissance,2.0,2026-08-09T20:30:10.893Z
sensor.plug_4_puissance,5.0,2026-08-09T20:30:17.893Z
sensor.plug_4_puissance,0.0,2026-08-09T20:30:22.894Z
sensor.plug_4_puissance,2.0,2026-08-09T20:30:27.894Z
sensor.plug_4_puissance,3.0,2026-08-09T20:30:55.897Z
sensor.plug_4_puissance,0.0,2026-08-09T20:31:00.896Z
sensor.plug_4_puissance,2.0,2026-08-09T20:31:05.897Z
sensor.plug_4_puissance,0.0,2026-08-09T20:31:12.900Z
sensor.plug_4_puissance,2.0,2026-08-09T20:31:17.900Z
sensor.plug_4_puissance,0.0,2026-08-09T20:31:34.907Z
sensor.plug_4_puissance,2.0,2026-08-09T20:31:39.909Z
sensor.plug_4_puissance,0.0,2026-08-09T20:31:49.904Z
sensor.plug_4_puissance,4.0,2026-08-09T20:31:54.904Z
sensor.plug_4_puissance,0.0,2026-08-09T20:31:59.904Z
sensor.plug_4_puissance,2.0,2026-08-09T20:32:04.904Z
sensor.plug_4_puissance,3.0,2026-08-09T20:32:19.904Z
sensor.plug_4_puissance,2.0,2026-08-09T20:32:22.971Z
sensor.plug_4_puissance,3.0,2026-08-09T20:32:29.904Z
sensor.plug_4_puissance,0.0,2026-08-09T20:32:37.910Z
sensor.plug_4_puissance,2.0,2026-08-09T20:32:42.915Z
sensor.plug_4_puissance,4.0,2026-08-09T20:32:48.907Z
sensor.plug_4_puissance,2.0,2026-08-09T20:32:53.907Z
sensor.plug_4_puissance,6.0,2026-08-09T20:32:57.099Z
sensor.plug_4_puissance,3.0,2026-08-09T20:32:58.916Z
sensor.plug_4_puissance,2.0,2026-08-09T20:33:03.918Z
sensor.plug_4_puissance,3.0,2026-08-09T20:33:09.907Z
sensor.plug_4_puissance,2.0,2026-08-09T20:33:14.910Z
sensor.plug_4_puissance,0.0,2026-08-09T20:33:27.918Z
sensor.plug_4_puissance,4.0,2026-08-09T20:33:31.217Z
sensor.plug_4_puissance,2.0,2026-08-09T20:33:32.919Z
sensor.plug_4_puissance,3.0,2026-08-09T20:33:40.912Z
sensor.plug_4_puissance,0.0,2026-08-09T20:33:47.925Z
sensor.plug_4_puissance,4.0,2026-08-09T20:33:53.926Z
sensor.plug_4_puissance,2.0,2026-08-09T20:33:58.922Z
sensor.plug_4_puissance,0.0,2026-08-09T20:34:09.925Z
sensor.plug_4_puissance,5.0,2026-08-09T20:34:14.927Z
sensor.plug_4_puissance,2.0,2026-08-09T20:34:19.916Z
sensor.plug_4_puissance,3.0,2026-08-09T20:34:39.918Z
sensor.plug_4_puissance,4.0,2026-08-09T20:34:44.918Z
sensor.plug_4_puissance,2.0,2026-08-09T20:34:49.918Z
sensor.plug_4_puissance,0.0,2026-08-09T20:35:01.920Z
sensor.plug_4_puissance,2.0,2026-08-09T20:35:07.929Z
sensor.plug_4_puissance,4.0,2026-08-09T20:35:33.923Z
sensor.plug_4_puissance,2.0,2026-08-09T20:35:38.924Z
sensor.plug_4_puissance,0.0,2026-08-09T20:35:44.934Z
sensor.plug_4_puissance,2.0,2026-08-09T20:35:49.935Z
sensor.plug_4_puissance,0.0,2026-08-09T20:35:59.936Z
sensor.plug_4_puissance,2.0,2026-08-09T20:36:06.937Z
sensor.plug_4_puissance,0.0,2026-08-09T20:36:14.938Z
sensor.plug_4_puissance,2.0,2026-08-09T20:36:19.935Z
sensor.plug_4_puissance,3.0,2026-08-09T20:36:24.928Z
sensor.plug_4_puissance,2.0,2026-08-09T20:36:29.928Z
sensor.plug_4_puissance,0.0,2026-08-09T20:37:01.942Z
sensor.plug_4_puissance,2.0,2026-08-09T20:37:06.941Z
sensor.plug_4_puissance,0.0,2026-08-09T20:37:13.934Z
sensor.plug_4_puissance,3.0,2026-08-09T20:37:18.934Z
sensor.plug_4_puissance,2.0,2026-08-09T20:37:23.942Z
sensor.plug_4_puissance,5.0,2026-08-09T20:37:34.942Z
sensor.plug_4_puissance,2.0,2026-08-09T20:37:39.934Z
sensor.plug_4_puissance,0.0,2026-08-09T20:37:49.936Z
sensor.plug_4_puissance,2.0,2026-08-09T20:37:54.936Z
sensor.plug_4_puissance,0.0,2026-08-09T20:38:00.945Z
sensor.plug_4_puissance,2.0,2026-08-09T20:38:05.949Z
sensor.plug_4_puissance,3.0,2026-08-09T20:38:15.944Z
sensor.plug_4_puissance,2.0,2026-08-09T20:38:20.945Z
sensor.plug_4_puissance,0.0,2026-08-09T20:38:25.946Z
sensor.plug_4_puissance,3.0,2026-08-09T20:38:30.946Z
sensor.plug_4_puissance,2.0,2026-08-09T20:38:35.950Z
sensor.plug_4_puissance,5.0,2026-08-09T20:38:56.953Z
sensor.plug_4_puissance,2.0,2026-08-09T20:39:01.943Z
sensor.plug_4_puissance,0.0,2026-08-09T20:39:24.946Z
sensor.plug_4_puissance,2.0,2026-08-09T20:39:29.946Z
sensor.plug_4_puissance,0.0,2026-08-09T20:39:34.947Z
sensor.plug_4_puissance,3.0,2026-08-09T20:39:39.948Z
sensor.plug_4_puissance,2.0,2026-08-09T20:39:44.946Z
sensor.plug_4_puissance,3.0,2026-08-09T20:39:49.957Z
sensor.plug_4_puissance,2.0,2026-08-09T20:39:54.957Z
sensor.plug_4_puissance,4.0,2026-08-09T20:40:09.952Z
sensor.plug_4_puissance,3.0,2026-08-09T20:40:14.953Z
sensor.plug_4_puissance,2.0,2026-08-09T20:40:19.954Z
sensor.plug_4_puissance,3.0,2026-08-09T20:40:38.958Z
sensor.plug_4_puissance,0.0,2026-08-09T20:40:43.957Z
sensor.plug_4_puissance,2.0,2026-08-09T20:40:48.961Z
sensor.plug_4_puissance,3.0,2026-08-09T20:40:53.965Z
sensor.plug_4_puissance,2.0,2026-08-09T20:40:58.962Z
sensor.plug_4_puissance,3.0,2026-08-09T20:41:03.964Z
sensor.plug_4_puissance,2.0,2026-08-09T20:41:08.965Z
sensor.plug_4_puissance,3.0,2026-08-09T20:41:23.967Z
sensor.plug_4_puissance,4.0,2026-08-09T20:41:28.895Z
sensor.plug_4_puissance,2.0,2026-08-09T20:41:33.967Z
sensor.plug_4_puissance,4.0,2026-08-09T20:41:51.977Z
sensor.plug_4_puissance,0.0,2026-08-09T20:41:56.968Z
sensor.plug_4_puissance,4.0,2026-08-09T20:42:02.975Z
sensor.plug_4_puissance,2.0,2026-08-09T20:42:07.969Z
sensor.plug_4_puissance,0.0,2026-08-09T20:42:16.979Z
sensor.plug_4_puissance,2.0,2026-08-09T20:42:21.982Z
sensor.plug_4_puissance,4.0,2026-08-09T20:42:50.974Z
sensor.plug_4_puissance,2.0,2026-08-09T20:42:55.974Z
sensor.plug_4_puissance,5.0,2026-08-09T20:43:12.985Z
sensor.plug_4_puissance,2.0,2026-08-09T20:43:17.977Z
sensor.plug_4_puissance,3.0,2026-08-09T20:43:54.983Z
sensor.plug_4_puissance,2.0,2026-08-09T20:43:59.982Z
sensor.plug_4_puissance,0.0,2026-08-09T20:44:47.996Z
sensor.plug_4_puissance,2.0,2026-08-09T20:44:52.997Z
sensor.plug_4_puissance,5.0,2026-08-09T20:45:01.990Z
sensor.plug_4_puissance,3.0,2026-08-09T20:45:06.990Z
sensor.plug_4_puissance,5.0,2026-08-09T20:45:11.993Z
sensor.plug_4_puissance,2.0,2026-08-09T20:45:16.995Z
sensor.plug_4_puissance,0.0,2026-08-09T20:46:05.006Z
sensor.plug_4_puissance,2.0,2026-08-09T20:46:10.006Z
sensor.plug_4_puissance,3.0,2026-08-09T20:46:18.998Z
sensor.plug_4_puissance,2.0,2026-08-09T20:46:23.998Z
sensor.plug_4_puissance,0.0,2026-08-09T20:46:34.006Z
sensor.plug_4_puissance,3.0,2026-08-09T20:46:39.006Z
sensor.plug_4_puissance,2.0,2026-08-09T20:46:43.997Z
sensor.plug_4_puissance,3.0,2026-08-09T20:46:49.000Z
sensor.plug_4_puissance,2.0,2026-08-09T20:46:53.999Z
sensor.plug_4_puissance,4.0,2026-08-09T20:47:00.007Z
sensor.plug_4_puissance,0.0,2026-08-09T20:47:05.008Z
sensor.plug_4_puissance,2.0,2026-08-09T20:47:11.009Z
sensor.plug_4_puissance,0.0,2026-08-09T20:47:45.008Z
sensor.plug_4_puissance,2.0,2026-08-09T20:47:50.010Z
sensor.plug_4_puissance,0.0,2026-08-09T20:48:54.010Z
sensor.plug_4_puissance,2.0,2026-08-09T20:48:59.013Z
sensor.plug_4_puissance,0.0,2026-08-09T20:49:04.011Z
sensor.plug_4_puissance,2.0,2026-08-09T20:49:09.013Z
sensor.plug_4_puissance,0.0,2026-08-09T20:49:14.010Z
sensor.plug_4_puissance,2.0,2026-08-09T20:49:19.012Z
sensor.plug_4_puissance,3.0,2026-08-09T20:49:26.585Z
sensor.plug_4_puissance,0.0,2026-08-09T20:49:32.006Z
sensor.plug_4_puissance,2.0,2026-08-09T20:49:37.006Z
sensor.plug_4_puissance,0.0,2026-08-09T20:50:08.022Z
sensor.plug_4_puissance,2.0,2026-08-09T20:50:13.017Z
sensor.plug_4_puissance,3.0,2026-08-09T20:50:21.019Z
sensor.plug_4_puissance,0.0,2026-08-09T20:50:26.017Z
sensor.plug_4_puissance,2.0,2026-08-09T20:50:31.020Z
sensor.plug_4_puissance,4.0,2026-08-09T20:50:34.829Z
sensor.plug_4_puissance,2.0,2026-08-09T20:50:41.010Z
sensor.plug_4_puissance,3.0,2026-08-09T20:51:08.015Z
sensor.plug_4_puissance,2.0,2026-08-09T20:51:13.025Z
sensor.plug_4_puissance,0.0,2026-08-09T20:51:20.022Z
sensor.plug_4_puissance,2.0,2026-08-09T20:51:25.024Z
sensor.plug_4_puissance,0.0,2026-08-09T20:51:36.030Z
sensor.plug_4_puissance,2.0,2026-08-09T20:51:41.026Z
sensor.plug_4_puissance,3.0,2026-08-09T20:51:43.069Z
sensor.plug_4_puissance,2.0,2026-08-09T20:51:51.026Z
sensor.plug_4_puissance,3.0,2026-08-09T20:51:56.025Z
sensor.plug_4_puissance,0.0,2026-08-09T20:52:01.031Z
sensor.plug_4_puissance,2.0,2026-08-09T20:52:06.035Z
sensor.plug_4_puissance,4.0,2026-08-09T20:52:15.020Z
sensor.plug_4_puissance,2.0,2026-08-09T20:52:20.020Z
sensor.plug_4_puissance,3.0,2026-08-09T20:54:42.030Z
sensor.plug_4_puissance,2.0,2026-08-09T20:54:47.030Z
sensor.plug_4_puissance,4.0,2026-08-09T20:55:07.778Z
sensor.plug_4_puissance,2.0,2026-08-09T20:55:13.032Z
sensor.plug_4_puissance,0.0,2026-08-09T20:56:01.044Z
sensor.plug_4_puissance,2.0,2026-08-09T20:56:06.045Z
sensor.plug_4_puissance,0.0,2026-08-09T20:56:16.044Z
sensor.plug_4_puissance,2.0,2026-08-09T20:56:24.045Z
sensor.plug_4_puissance,3.0,2026-08-09T20:56:29.038Z
sensor.plug_4_puissance,2.0,2026-08-09T20:56:34.039Z
sensor.plug_4_puissance,3.0,2026-08-09T20:56:45.040Z
sensor.plug_4_puissance,2.0,2026-08-09T20:56:50.039Z
sensor.plug_4_puissance,0.0,2026-08-09T20:57:00.046Z
sensor.plug_4_puissance,2.0,2026-08-09T20:57:05.049Z
sensor.plug_4_puissance,0.0,2026-08-09T20:57:10.050Z
sensor.plug_4_puissance,2.0,2026-08-09T20:57:15.050Z
sensor.plug_4_puissance,0.0,2026-08-09T20:57:20.050Z
sensor.plug_4_puissance,2.0,2026-08-09T20:57:27.055Z
sensor.plug_4_puissance,0.0,2026-08-09T20:58:01.050Z
sensor.plug_4_puissance,2.0,2026-08-09T20:58:06.052Z
sensor.plug_4_puissance,0.0,2026-08-09T20:58:47.058Z
sensor.plug_4_puissance,2.0,2026-08-09T20:58:52.055Z
sensor.plug_4_puissance,3.0,2026-08-09T20:59:06.046Z
sensor.plug_4_puissance,2.0,2026-08-09T20:59:11.046Z
sensor.plug_4_puissance,0.0,2026-08-09T20:59:16.046Z
sensor.plug_4_puissance,2.0,2026-08-09T20:59:21.046Z
sensor.plug_4_puissance,0.0,2026-08-09T20:59:59.062Z
sensor.plug_4_puissance,2.0,2026-08-09T21:00:04.060Z
sensor.plug_4_puissance,0.0,2026-08-09T21:00:29.057Z
sensor.plug_4_puissance,2.0,2026-08-09T21:00:34.057Z
sensor.plug_4_puissance,5.0,2026-08-09T21:00:39.051Z
sensor.plug_4_puissance,2.0,2026-08-09T21:00:44.051Z
sensor.plug_4_puissance,5.0,2026-08-09T21:00:56.051Z
sensor.plug_4_puissance,2.0,2026-08-09T21:01:01.051Z
sensor.plug_4_puissance,0.0,2026-08-09T21:01:19.058Z
sensor.plug_4_puissance,2.0,2026-08-09T21:01:23.106Z
sensor.plug_4_puissance,0.0,2026-08-09T21:01:30.060Z
sensor.plug_4_puissance,2.0,2026-08-09T21:01:35.059Z
sensor.plug_4_puissance,0.0,2026-08-09T21:01:57.232Z
sensor.plug_4_puissance,2.0,2026-08-09T21:02:03.061Z
sensor.plug_4_puissance,3.0,2026-08-09T21:02:09.054Z
sensor.plug_4_puissance,4.0,2026-08-09T21:02:14.054Z
sensor.plug_4_puissance,2.0,2026-08-09T21:02:19.054Z
sensor.plug_4_puissance,0.0,2026-08-09T21:02:43.065Z
sensor.plug_4_puissance,2.0,2026-08-09T21:02:48.066Z
sensor.plug_4_puissance,0.0,2026-08-09T21:03:05.471Z
sensor.plug_4_puissance,3.0,2026-08-09T21:03:11.068Z
sensor.plug_4_puissance,2.0,2026-08-09T21:03:16.060Z
sensor.plug_4_puissance,0.0,2026-08-09T21:03:36.071Z
sensor.plug_4_puissance,2.0,2026-08-09T21:03:44.073Z
sensor.plug_4_puissance,0.0,2026-08-09T21:03:55.074Z
sensor.plug_4_puissance,2.0,2026-08-09T21:04:00.077Z
sensor.plug_4_puissance,0.0,2026-08-09T21:04:05.075Z
sensor.plug_4_puissance,2.0,2026-08-09T21:04:10.074Z
sensor.plug_4_puissance,0.0,2026-08-09T21:04:33.078Z
sensor.plug_4_puissance,2.0,2026-08-09T21:04:38.079Z
sensor.plug_4_puissance,3.0,2026-08-09T21:04:53.070Z
sensor.plug_4_puissance,2.0,2026-08-09T21:04:58.070Z
sensor.plug_4_puissance,4.0,2026-08-09T21:05:25.073Z
sensor.plug_4_puissance,2.0,2026-08-09T21:05:30.073Z
sensor.plug_4_puissance,3.0,2026-08-09T21:05:35.075Z
sensor.plug_4_puissance,2.0,2026-08-09T21:05:40.075Z
sensor.plug_4_puissance,0.0,2026-08-09T21:05:56.070Z
sensor.plug_4_puissance,2.0,2026-08-09T21:06:01.086Z
sensor.plug_4_puissance,0.0,2026-08-09T21:06:56.092Z
sensor.plug_4_puissance,2.0,2026-08-09T21:07:01.092Z
sensor.plug_4_puissance,0.0,2026-08-09T21:07:19.094Z
sensor.plug_4_puissance,2.0,2026-08-09T21:07:24.095Z
sensor.plug_4_puissance,0.0,2026-08-09T21:08:06.098Z
sensor.plug_4_puissance,2.0,2026-08-09T21:08:11.098Z
sensor.plug_4_puissance,0.0,2026-08-09T21:08:17.104Z
sensor.plug_4_puissance,2.0,2026-08-09T21:08:22.100Z
sensor.plug_4_puissance,3.0,2026-08-09T21:09:26.095Z
sensor.plug_4_puissance,2.0,2026-08-09T21:09:31.096Z
sensor.plug_4_puissance,3.0,2026-08-09T21:09:36.095Z
sensor.plug_4_puissance,2.0,2026-08-09T21:09:41.097Z
sensor.plug_4_puissance,3.0,2026-08-09T21:10:10.101Z
sensor.plug_4_puissance,2.0,2026-08-09T21:10:15.103Z
sensor.plug_4_puissance,0.0,2026-08-09T21:10:58.118Z
sensor.plug_4_puissance,2.0,2026-08-09T21:11:03.119Z
sensor.plug_4_puissance,3.0,2026-08-09T21:13:04.942Z
sensor.plug_4_puissance,2.0,2026-08-09T21:13:09.942Z
sensor.plug_4_puissance,0.0,2026-08-09T21:15:00.950Z
sensor.plug_4_puissance,2.0,2026-08-09T21:15:05.951Z
sensor.plug_4_puissance,3.0,2026-08-09T21:15:19.952Z
sensor.plug_4_puissance,2.0,2026-08-09T21:15:24.952Z
sensor.plug_4_puissance,3.0,2026-08-09T21:15:37.952Z
sensor.plug_4_puissance,2.0,2026-08-09T21:15:42.956Z
sensor.plug_4_puissance,3.0,2026-08-09T21:15:47.956Z
sensor.plug_4_puissance,2.0,2026-08-09T21:15:52.957Z
sensor.plug_4_puissance,3.0,2026-08-09T21:16:20.960Z
sensor.plug_4_puissance,2.0,2026-08-09T21:16:25.962Z
sensor.plug_4_puissance,0.0,2026-08-09T21:17:08.978Z
sensor.plug_4_puissance,2.0,2026-08-09T21:17:13.980Z
sensor.plug_4_puissance,3.0,2026-08-09T21:17:20.971Z
sensor.plug_4_puissance,4.0,2026-08-09T21:17:25.971Z
sensor.plug_4_puissance,2.0,2026-08-09T21:17:30.971Z
sensor.plug_4_puissance,0.0,2026-08-09T21:17:44.981Z
sensor.plug_4_puissance,2.0,2026-08-09T21:17:49.988Z
sensor.plug_4_puissance,0.0,2026-08-09T21:19:10.991Z
sensor.plug_4_puissance,2.0,2026-08-09T21:19:15.987Z
sensor.plug_4_puissance,0.0,2026-08-09T21:19:59.987Z
sensor.plug_4_puissance,2.0,2026-08-09T21:20:04.987Z
sensor.plug_4_puissance,3.0,2026-08-09T21:21:19.008Z
sensor.plug_4_puissance,2.0,2026-08-09T21:21:24.009Z
sensor.plug_4_puissance,0.0,2026-08-09T21:21:57.015Z
sensor.plug_4_puissance,2.0,2026-08-09T21:22:04.013Z
sensor.plug_4_puissance,0.0,2026-08-09T21:22:24.010Z
sensor.plug_4_puissance,3.0,2026-08-09T21:22:29.011Z
sensor.plug_4_puissance,2.0,2026-08-09T21:22:34.010Z
sensor.plug_4_puissance,0.0,2026-08-09T21:22:51.018Z
sensor.plug_4_puissance,2.0,2026-08-09T21:22:58.016Z
sensor.plug_4_puissance,3.0,2026-08-09T21:23:20.014Z
sensor.plug_4_puissance,2.0,2026-08-09T21:23:25.023Z
sensor.plug_4_puissance,3.0,2026-08-09T21:23:39.020Z
sensor.plug_4_puissance,2.0,2026-08-09T21:23:44.022Z
sensor.plug_4_puissance,0.0,2026-08-09T21:24:51.036Z
sensor.plug_4_puissance,2.0,2026-08-09T21:24:56.037Z
sensor.plug_4_puissance,0.0,2026-08-09T21:25:47.046Z
sensor.plug_4_puissance,2.0,2026-08-09T21:25:52.052Z
sensor.plug_4_puissance,0.0,2026-08-09T21:27:22.064Z
sensor.plug_4_puissance,2.0,2026-08-09T21:27:27.065Z
sensor.plug_4_puissance,0.0,2026-08-09T21:27:40.053Z
sensor.plug_4_puissance,2.0,2026-08-09T21:27:45.052Z
sensor.plug_4_puissance,0.0,2026-08-09T21:29:04.073Z
sensor.plug_4_puissance,2.0,2026-08-09T21:29:09.077Z
sensor.plug_4_puissance,3.0,2026-08-09T21:29:19.076Z
sensor.plug_4_puissance,0.0,2026-08-09T21:29:24.073Z
sensor.plug_4_puissance,2.0,2026-08-09T21:29:29.076Z
sensor.plug_4_puissance,3.0,2026-08-09T21:30:16.074Z
sensor.plug_4_puissance,2.0,2026-08-09T21:30:21.075Z
sensor.plug_4_puissance,0.0,2026-08-09T21:30:35.083Z
sensor.plug_4_puissance,2.0,2026-08-09T21:30:43.085Z
sensor.plug_4_puissance,0.0,2026-08-09T21:31:31.084Z
sensor.plug_4_puissance,2.0,2026-08-09T21:31:36.093Z
sensor.plug_4_puissance,0.0,2026-08-09T21:32:13.097Z
sensor.plug_4_puissance,2.0,2026-08-09T21:32:21.094Z
sensor.plug_4_puissance,0.0,2026-08-09T21:32:52.100Z
sensor.plug_4_puissance,2.0,2026-08-09T21:32:57.101Z
sensor.plug_4_puissance,0.0,2026-08-09T21:33:18.095Z
sensor.plug_4_puissance,2.0,2026-08-09T21:33:23.095Z
sensor.plug_4_puissance,3.0,2026-08-09T21:35:49.107Z
sensor.plug_4_puissance,2.0,2026-08-09T21:35:54.117Z
sensor.plug_4_puissance,3.0,2026-08-09T21:36:42.125Z
sensor.plug_4_puissance,2.0,2026-08-09T21:36:47.129Z
sensor.plug_4_puissance,0.0,2026-08-09T21:37:08.130Z
sensor.plug_4_puissance,2.0,2026-08-09T21:37:12.647Z
sensor.plug_4_puissance,0.0,2026-08-09T21:37:23.131Z
sensor.plug_4_puissance,2.0,2026-08-09T21:37:28.132Z
sensor.plug_4_puissance,0.0,2026-08-09T21:37:57.135Z
sensor.plug_4_puissance,2.0,2026-08-09T21:38:02.135Z
sensor.plug_4_puissance,0.0,2026-08-09T21:38:27.137Z
sensor.plug_4_puissance,2.0,2026-08-09T21:38:32.139Z
sensor.plug_4_puissance,3.0,2026-08-09T21:38:54.134Z
sensor.plug_4_puissance,2.0,2026-08-09T21:38:59.134Z
sensor.plug_4_puissance,0.0,2026-08-09T21:39:47.146Z
sensor.plug_4_puissance,2.0,2026-08-09T21:39:52.145Z
sensor.plug_4_puissance,0.0,2026-08-09T21:40:17.139Z
sensor.plug_4_puissance,2.0,2026-08-09T21:40:22.139Z
sensor.plug_4_puissance,3.0,2026-08-09T21:40:36.137Z
sensor.plug_4_puissance,2.0,2026-08-09T21:40:41.139Z
sensor.plug_4_puissance,0.0,2026-08-09T21:41:06.150Z
sensor.plug_4_puissance,2.0,2026-08-09T21:41:11.150Z
sensor.plug_4_puissance,0.0,2026-08-09T21:41:25.141Z
sensor.plug_4_puissance,2.0,2026-08-09T21:41:37.156Z
sensor.plug_4_puissance,0.0,2026-08-09T21:42:08.143Z
sensor.plug_4_puissance,2.0,2026-08-09T21:42:13.143Z
sensor.plug_4_puissance,0.0,2026-08-09T21:43:27.943Z
sensor.plug_4_puissance,2.0,2026-08-09T21:43:33.158Z
sensor.plug_4_puissance,3.0,2026-08-09T21:43:38.160Z
sensor.plug_4_puissance,0.0,2026-08-09T21:43:43.158Z
sensor.plug_4_puissance,2.0,2026-08-09T21:43:48.159Z
sensor.plug_4_puissance,0.0,2026-08-09T21:44:27.165Z
sensor.plug_4_puissance,2.0,2026-08-09T21:44:32.165Z
sensor.plug_4_puissance,0.0,2026-08-09T21:45:27.971Z
sensor.plug_4_puissance,2.0,2026-08-09T21:45:32.973Z
sensor.plug_4_puissance,0.0,2026-08-09T21:46:23.973Z
sensor.plug_4_puissance,2.0,2026-08-09T21:46:28.976Z
sensor.plug_4_puissance,0.0,2026-08-09T21:47:01.979Z
sensor.plug_4_puissance,2.0,2026-08-09T21:47:06.981Z
sensor.plug_4_puissance,3.0,2026-08-09T21:47:13.976Z
sensor.plug_4_puissance,2.0,2026-08-09T21:47:18.976Z
sensor.plug_4_puissance,0.0,2026-08-09T21:47:35.975Z
sensor.plug_4_puissance,2.0,2026-08-09T21:47:40.975Z
sensor.plug_4_puissance,0.0,2026-08-09T21:48:14.978Z
sensor.plug_4_puissance,2.0,2026-08-09T21:48:19.980Z
sensor.plug_4_puissance,0.0,2026-08-09T21:51:01.017Z
sensor.plug_4_puissance,2.0,2026-08-09T21:51:06.019Z
sensor.plug_4_puissance,0.0,2026-08-09T21:51:20.004Z
sensor.plug_4_puissance,2.0,2026-08-09T21:51:25.006Z
sensor.plug_4_puissance,0.0,2026-08-09T21:51:31.013Z
sensor.plug_4_puissance,2.0,2026-08-09T21:51:36.016Z
sensor.plug_4_puissance,3.0,2026-08-09T21:52:40.012Z
sensor.plug_4_puissance,2.0,2026-08-09T21:52:45.016Z
sensor.plug_4_puissance,0.0,2026-08-09T21:55:48.042Z
sensor.plug_4_puissance,2.0,2026-08-09T21:55:53.041Z
sensor.plug_4_puissance,0.0,2026-08-09T21:57:37.055Z
sensor.plug_4_puissance,2.0,2026-08-09T21:57:40.935Z
sensor.plug_4_puissance,3.0,2026-08-09T21:58:40.047Z
sensor.plug_4_puissance,2.0,2026-08-09T21:58:45.052Z
sensor.plug_4_puissance,0.0,2026-08-09T22:01:22.061Z
sensor.plug_4_puissance,2.0,2026-08-09T22:01:27.061Z
sensor.plug_4_puissance,3.0,2026-08-09T22:03:56.089Z
sensor.plug_4_puissance,0.0,2026-08-09T22:04:01.089Z
sensor.plug_4_puissance,2.0,2026-08-09T22:04:06.087Z
sensor.plug_4_puissance,3.0,2026-08-09T22:05:14.089Z
sensor.plug_4_puissance,2.0,2026-08-09T22:05:19.092Z
sensor.plug_4_puissance,3.0,2026-08-09T22:05:41.094Z
sensor.plug_4_puissance,2.0,2026-08-09T22:05:46.097Z
sensor.plug_4_puissance,0.0,2026-08-09T22:09:11.136Z
sensor.plug_4_puissance,2.0,2026-08-09T22:09:16.136Z
sensor.plug_4_puissance,0.0,2026-08-09T22:09:41.133Z
sensor.plug_4_puissance,2.0,2026-08-09T22:09:46.134Z
sensor.plug_4_puissance,3.0,2026-08-09T22:10:49.134Z
sensor.plug_4_puissance,2.0,2026-08-09T22:10:54.135Z
sensor.plug_4_puissance,0.0,2026-08-09T22:13:03.161Z
sensor.plug_4_puissance,2.0,2026-08-09T22:13:08.162Z
sensor.plug_4_puissance,0.0,2026-08-09T22:13:22.154Z
sensor.plug_4_puissance,2.0,2026-08-09T22:13:27.155Z
sensor.plug_4_puissance,0.0,2026-08-09T22:13:34.167Z
sensor.plug_4_puissance,3.0,2026-08-09T22:13:39.166Z
sensor.plug_4_puissance,2.0,2026-08-09T22:13:44.166Z
sensor.plug_4_puissance,3.0,2026-08-09T22:14:06.168Z
sensor.plug_4_puissance,2.0,2026-08-09T22:14:10.454Z
sensor.plug_4_puissance,0.0,2026-08-09T22:14:36.175Z
sensor.plug_4_puissance,2.0,2026-08-09T22:14:41.169Z
sensor.plug_4_puissance,0.0,2026-08-09T22:19:15.999Z
sensor.plug_4_puissance,3.0,2026-08-09T22:19:21.000Z
sensor.plug_4_puissance,2.0,2026-08-09T22:19:26.000Z
sensor.plug_4_puissance,0.0,2026-08-09T22:21:53.023Z
sensor.plug_4_puissance,2.0,2026-08-09T22:21:58.023Z
sensor.plug_4_puissance,3.0,2026-08-09T22:22:49.038Z
sensor.plug_4_puissance,2.0,2026-08-09T22:22:54.029Z
sensor.plug_4_puissance,3.0,2026-08-09T22:24:27.051Z
sensor.plug_4_puissance,2.0,2026-08-09T22:24:32.051Z
sensor.plug_4_puissance,0.0,2026-08-09T22:24:53.053Z
sensor.plug_4_puissance,2.0,2026-08-09T22:24:58.052Z
sensor.plug_4_puissance,0.0,2026-08-09T22:28:57.523Z
sensor.plug_4_puissance,2.0,2026-08-09T22:29:03.087Z
sensor.plug_4_puissance,0.0,2026-08-09T22:29:28.072Z
sensor.plug_4_puissance,2.0,2026-08-09T22:29:31.675Z
sensor.plug_4_puissance,0.0,2026-08-09T22:37:20.122Z
sensor.plug_4_puissance,2.0,2026-08-09T22:37:25.124Z
sensor.plug_4_puissance,0.0,2026-08-09T22:38:09.133Z
sensor.plug_4_puissance,2.0,2026-08-09T22:38:14.135Z
sensor.plug_4_puissance,3.0,2026-08-09T22:38:31.129Z
sensor.plug_4_puissance,2.0,2026-08-09T22:38:36.130Z
sensor.plug_4_puissance,3.0,2026-08-09T22:39:44.138Z
sensor.plug_4_puissance,2.0,2026-08-09T22:39:49.138Z
sensor.plug_4_puissance,0.0,2026-08-09T22:40:47.154Z
sensor.plug_4_puissance,2.0,2026-08-09T22:40:52.153Z
sensor.plug_4_puissance,0.0,2026-08-09T22:44:52.180Z
sensor.plug_4_puissance,2.0,2026-08-09T22:44:57.183Z
sensor.plug_4_puissance,0.0,2026-08-09T22:47:38.201Z
sensor.plug_4_puissance,2.0,2026-08-09T22:47:43.203Z
sensor.plug_4_puissance,3.0,2026-08-09T22:48:00.194Z
sensor.plug_4_puissance,2.0,2026-08-09T22:48:05.194Z
sensor.plug_4_puissance,3.0,2026-08-09T22:48:10.196Z
sensor.plug_4_puissance,2.0,2026-08-09T22:48:15.197Z
sensor.plug_4_puissance,0.0,2026-08-09T22:48:41.213Z
sensor.plug_4_puissance,2.0,2026-08-09T22:48:46.214Z
sensor.plug_4_puissance,0.0,2026-08-09T22:53:40.058Z
sensor.plug_4_puissance,2.0,2026-08-09T22:53:45.058Z
sensor.plug_4_puissance,3.0,2026-08-09T22:58:34.091Z
sensor.plug_4_puissance,2.0,2026-08-09T22:58:39.090Z
sensor.plug_4_puissance,0.0,2026-08-09T23:00:43.106Z
sensor.plug_4_puissance,2.0,2026-08-09T23:00:48.106Z
sensor.plug_4_puissance,0.0,2026-08-09T23:01:10.110Z
sensor.plug_4_puissance,2.0,2026-08-09T23:01:15.110Z
sensor.plug_4_puissance,0.0,2026-08-09T23:02:02.116Z
sensor.plug_4_puissance,2.0,2026-08-09T23:02:07.116Z
sensor.plug_4_puissance,0.0,2026-08-09T23:02:29.125Z
sensor.plug_4_puissance,2.0,2026-08-09T23:02:34.122Z
sensor.plug_4_puissance,0.0,2026-08-09T23:03:11.126Z
sensor.plug_4_puissance,2.0,2026-08-09T23:03:16.127Z
sensor.plug_4_puissance,0.0,2026-08-09T23:06:29.144Z
sensor.plug_4_puissance,2.0,2026-08-09T23:06:34.142Z
sensor.plug_4_puissance,3.0,2026-08-09T23:06:47.143Z
sensor.plug_4_puissance,2.0,2026-08-09T23:06:52.144Z
sensor.plug_4_puissance,0.0,2026-08-09T23:07:44.163Z
sensor.plug_4_puissance,2.0,2026-08-09T23:07:49.164Z
sensor.plug_4_puissance,0.0,2026-08-09T23:07:59.163Z
sensor.plug_4_puissance,2.0,2026-08-09T23:08:04.167Z
sensor.plug_4_puissance,0.0,2026-08-09T23:08:22.166Z
sensor.plug_4_puissance,2.0,2026-08-09T23:08:27.167Z
sensor.plug_4_puissance,3.0,2026-08-09T23:08:32.161Z
sensor.plug_4_puissance,2.0,2026-08-09T23:08:37.161Z
sensor.plug_4_puissance,0.0,2026-08-09T23:08:42.162Z
sensor.plug_4_puissance,2.0,2026-08-09T23:08:45.934Z
sensor.plug_4_puissance,3.0,2026-08-09T23:09:23.175Z
sensor.plug_4_puissance,2.0,2026-08-09T23:09:28.167Z
sensor.plug_4_puissance,0.0,2026-08-09T23:10:50.184Z
sensor.plug_4_puissance,2.0,2026-08-09T23:10:55.186Z
sensor.plug_4_puissance,3.0,2026-08-09T23:12:14.195Z
sensor.plug_4_puissance,2.0,2026-08-09T23:12:19.199Z
sensor.plug_4_puissance,3.0,2026-08-09T23:13:17.189Z
sensor.plug_4_puissance,2.0,2026-08-09T23:13:22.191Z
sensor.plug_4_puissance,0.0,2026-08-09T23:15:41.225Z
sensor.plug_4_puissance,2.0,2026-08-09T23:15:46.223Z
sensor.plug_4_puissance,0.0,2026-08-09T23:15:57.224Z
sensor.plug_4_puissance,2.0,2026-08-09T23:16:02.222Z
sensor.plug_4_puissance,0.0,2026-08-09T23:16:42.234Z
sensor.plug_4_puissance,2.0,2026-08-09T23:16:47.237Z
sensor.plug_4_puissance,0.0,2026-08-09T23:17:27.232Z
sensor.plug_4_puissance,2.0,2026-08-09T23:17:32.232Z
sensor.plug_4_puissance,0.0,2026-08-09T23:18:12.244Z
sensor.plug_4_puissance,2.0,2026-08-09T23:18:17.246Z
sensor.plug_4_puissance,0.0,2026-08-09T23:20:47.262Z
sensor.plug_4_puissance,2.0,2026-08-09T23:20:52.062Z
sensor.plug_4_puissance,0.0,2026-08-09T23:22:18.076Z
sensor.plug_4_puissance,2.0,2026-08-09T23:22:23.073Z
sensor.plug_4_puissance,0.0,2026-08-09T23:22:28.072Z
sensor.plug_4_puissance,2.0,2026-08-09T23:22:33.074Z
sensor.plug_4_puissance,3.0,2026-08-09T23:22:42.073Z
sensor.plug_4_puissance,2.0,2026-08-09T23:22:47.071Z
sensor.plug_4_puissance,0.0,2026-08-09T23:23:28.082Z
sensor.plug_4_puissance,2.0,2026-08-09T23:23:33.028Z
sensor.plug_4_puissance,3.0,2026-08-09T23:23:38.083Z
sensor.plug_4_puissance,2.0,2026-08-09T23:23:43.084Z
sensor.plug_4_puissance,0.0,2026-08-09T23:24:11.082Z
sensor.plug_4_puissance,2.0,2026-08-09T23:24:16.084Z
sensor.plug_4_puissance,0.0,2026-08-09T23:24:23.090Z
sensor.plug_4_puissance,2.0,2026-08-09T23:24:32.088Z
sensor.plug_4_puissance,0.0,2026-08-09T23:24:44.087Z
sensor.plug_4_puissance,2.0,2026-08-09T23:24:56.089Z
sensor.plug_4_puissance,0.0,2026-08-09T23:25:04.081Z
sensor.plug_4_puissance,2.0,2026-08-09T23:25:09.084Z
sensor.plug_4_puissance,0.0,2026-08-09T23:25:24.097Z
sensor.plug_4_puissance,2.0,2026-08-09T23:25:29.091Z
sensor.plug_4_puissance,0.0,2026-08-09T23:25:40.091Z
sensor.plug_4_puissance,2.0,2026-08-09T23:25:48.095Z
sensor.plug_4_puissance,0.0,2026-08-09T23:25:53.091Z
sensor.plug_4_puissance,2.0,2026-08-09T23:26:01.093Z
sensor.plug_4_puissance,0.0,2026-08-09T23:26:12.094Z
sensor.plug_4_puissance,2.0,2026-08-09T23:26:17.094Z
sensor.plug_4_puissance,0.0,2026-08-09T23:26:22.096Z
sensor.plug_4_puissance,2.0,2026-08-09T23:26:27.095Z
sensor.plug_4_puissance,0.0,2026-08-09T23:26:32.097Z
sensor.plug_4_puissance,2.0,2026-08-09T23:26:41.098Z
sensor.plug_4_puissance,0.0,2026-08-09T23:26:53.092Z
sensor.plug_4_puissance,2.0,2026-08-09T23:26:57.762Z
sensor.plug_4_puissance,3.0,2026-08-09T23:29:08.106Z
sensor.plug_4_puissance,2.0,2026-08-09T23:29:13.107Z
sensor.plug_4_puissance,3.0,2026-08-09T23:30:12.112Z
sensor.plug_4_puissance,2.0,2026-08-09T23:30:17.113Z
sensor.plug_4_puissance,3.0,2026-08-09T23:31:58.123Z
sensor.plug_4_puissance,2.0,2026-08-09T23:32:03.124Z
sensor.plug_4_puissance,0.0,2026-08-09T23:35:45.152Z
sensor.plug_4_puissance,2.0,2026-08-09T23:35:50.153Z
sensor.plug_4_puissance,3.0,2026-08-09T23:37:34.158Z
sensor.plug_4_puissance,2.0,2026-08-09T23:37:39.158Z
sensor.plug_4_puissance,0.0,2026-08-09T23:38:27.161Z
sensor.plug_4_puissance,2.0,2026-08-09T23:38:32.161Z
sensor.plug_4_puissance,0.0,2026-08-09T23:38:57.162Z
sensor.plug_4_puissance,2.0,2026-08-09T23:39:02.162Z
sensor.plug_4_puissance,3.0,2026-08-09T23:40:19.173Z
sensor.plug_4_puissance,2.0,2026-08-09T23:40:24.174Z
sensor.plug_4_puissance,3.0,2026-08-09T23:43:49.192Z
sensor.plug_4_puissance,2.0,2026-08-09T23:43:54.194Z
sensor.plug_4_puissance,3.0,2026-08-09T23:47:25.217Z
sensor.plug_4_puissance,2.0,2026-08-09T23:47:30.218Z
sensor.plug_4_puissance,0.0,2026-08-09T23:49:21.240Z
sensor.plug_4_puissance,2.0,2026-08-09T23:49:26.242Z
sensor.plug_4_puissance,3.0,2026-08-09T23:50:15.246Z
sensor.plug_4_puissance,2.0,2026-08-09T23:50:20.247Z
sensor.plug_4_puissance,3.0,2026-08-09T23:51:26.259Z
sensor.plug_4_puissance,2.0,2026-08-09T23:51:31.263Z
sensor.plug_4_puissance,0.0,2026-08-09T23:51:41.263Z
sensor.plug_4_puissance,2.0,2026-08-09T23:51:46.266Z
sensor.plug_4_puissance,0.0,2026-08-09T23:52:08.271Z
sensor.plug_4_puissance,2.0,2026-08-09T23:52:15.272Z
sensor.plug_4_puissance,3.0,2026-08-09T23:53:38.275Z
sensor.plug_4_puissance,2.0,2026-08-09T23:53:43.275Z
sensor.plug_4_puissance,3.0,2026-08-09T23:54:20.284Z
sensor.plug_4_puissance,2.0,2026-08-09T23:54:25.284Z
sensor.plug_4_puissance,0.0,2026-08-09T23:57:01.108Z
sensor.plug_4_puissance,2.0,2026-08-09T23:57:06.048Z
sensor.plug_4_puissance,3.0,2026-08-10T00:00:37.121Z
sensor.plug_4_puissance,2.0,2026-08-10T00:00:42.123Z
sensor.plug_4_puissance,0.0,2026-08-10T00:03:52.157Z
sensor.plug_4_puissance,2.0,2026-08-10T00:03:55.513Z
sensor.plug_4_puissance,0.0,2026-08-10T00:04:52.165Z
sensor.plug_4_puissance,2.0,2026-08-10T00:04:57.165Z
sensor.plug_4_puissance,0.0,2026-08-10T00:05:02.165Z
sensor.plug_4_puissance,2.0,2026-08-10T00:05:03.754Z
sensor.plug_4_puissance,3.0,2026-08-10T00:08:20.189Z
sensor.plug_4_puissance,2.0,2026-08-10T00:08:25.189Z
sensor.plug_4_puissance,0.0,2026-08-10T00:10:29.210Z
sensor.plug_4_puissance,2.0,2026-08-10T00:10:34.212Z
sensor.plug_4_puissance,0.0,2026-08-10T00:10:41.220Z
sensor.plug_4_puissance,2.0,2026-08-10T00:10:44.942Z
sensor.plug_4_puissance,0.0,2026-08-10T00:11:07.222Z
sensor.plug_4_puissance,2.0,2026-08-10T00:11:12.222Z
sensor.plug_4_puissance,3.0,2026-08-10T00:11:56.219Z
sensor.plug_4_puissance,2.0,2026-08-10T00:12:01.231Z
sensor.plug_4_puissance,3.0,2026-08-10T00:14:01.252Z
sensor.plug_4_puissance,2.0,2026-08-10T00:14:06.254Z
sensor.plug_4_puissance,3.0,2026-08-10T00:16:47.274Z
sensor.plug_4_puissance,2.0,2026-08-10T00:16:52.276Z
sensor.plug_4_puissance,3.0,2026-08-10T00:18:43.289Z
sensor.plug_4_puissance,2.0,2026-08-10T00:18:48.289Z
sensor.plug_4_puissance,0.0,2026-08-10T00:19:09.297Z
sensor.plug_4_puissance,2.0,2026-08-10T00:19:14.299Z
sensor.plug_4_puissance,3.0,2026-08-10T00:21:21.309Z
sensor.plug_4_puissance,2.0,2026-08-10T00:21:26.309Z
sensor.plug_4_puissance,3.0,2026-08-10T00:29:33.163Z
sensor.plug_4_puissance,2.0,2026-08-10T00:29:38.164Z
sensor.plug_4_puissance,0.0,2026-08-10T00:30:47.183Z
sensor.plug_4_puissance,2.0,2026-08-10T00:30:52.184Z
sensor.plug_4_puissance,0.0,2026-08-10T00:31:08.192Z
sensor.plug_4_puissance,2.0,2026-08-10T00:31:13.198Z
sensor.plug_4_puissance,0.0,2026-08-10T00:31:24.193Z
sensor.plug_4_puissance,2.0,2026-08-10T00:31:32.193Z
sensor.plug_4_puissance,0.0,2026-08-10T00:32:10.191Z
sensor.plug_4_puissance,2.0,2026-08-10T00:32:15.191Z
sensor.plug_4_puissance,0.0,2026-08-10T00:32:20.191Z
sensor.plug_4_puissance,2.0,2026-08-10T00:32:25.191Z
sensor.plug_4_puissance,0.0,2026-08-10T00:32:30.193Z
sensor.plug_4_puissance,2.0,2026-08-10T00:32:35.196Z
sensor.plug_4_puissance,3.0,2026-08-10T00:34:52.225Z
sensor.plug_4_puissance,2.0,2026-08-10T00:34:57.232Z
sensor.plug_4_puissance,3.0,2026-08-10T00:35:34.221Z
sensor.plug_4_puissance,2.0,2026-08-10T00:35:39.221Z
sensor.plug_4_puissance,3.0,2026-08-10T00:39:06.246Z
sensor.plug_4_puissance,2.0,2026-08-10T00:39:10.909Z
sensor.plug_4_puissance,3.0,2026-08-10T00:40:05.260Z
sensor.plug_4_puissance,2.0,2026-08-10T00:40:10.260Z
sensor.plug_4_puissance,0.0,2026-08-10T00:40:43.262Z
sensor.plug_4_puissance,2.0,2026-08-10T00:40:48.262Z
sensor.plug_4_puissance,0.0,2026-08-10T00:45:10.301Z
sensor.plug_4_puissance,2.0,2026-08-10T00:45:15.298Z
sensor.plug_4_puissance,0.0,2026-08-10T00:46:32.310Z
sensor.plug_4_puissance,2.0,2026-08-10T00:46:37.306Z
sensor.plug_4_puissance,0.0,2026-08-10T00:47:13.319Z
sensor.plug_4_puissance,2.0,2026-08-10T00:47:18.320Z
sensor.plug_4_puissance,3.0,2026-08-10T00:50:16.326Z
sensor.plug_4_puissance,2.0,2026-08-10T00:50:21.326Z
sensor.plug_4_puissance,0.0,2026-08-10T00:50:32.330Z
sensor.plug_4_puissance,2.0,2026-08-10T00:50:37.330Z
sensor.plug_4_puissance,0.0,2026-08-10T00:56:31.181Z
sensor.plug_4_puissance,2.0,2026-08-10T00:56:36.177Z
sensor.plug_4_puissance,0.0,2026-08-10T01:09:12.247Z
sensor.plug_4_puissance,2.0,2026-08-10T01:09:17.248Z
sensor.plug_4_puissance,0.0,2026-08-10T01:10:05.262Z
sensor.plug_4_puissance,4.0,2026-08-10T01:10:10.265Z
sensor.plug_4_puissance,2.0,2026-08-10T01:10:15.265Z
sensor.plug_4_puissance,3.0,2026-08-10T01:12:04.276Z
sensor.plug_4_puissance,2.0,2026-08-10T01:12:09.276Z
sensor.plug_4_puissance,3.0,2026-08-10T01:13:19.284Z
sensor.plug_4_puissance,2.0,2026-08-10T01:13:24.285Z
sensor.plug_4_puissance,3.0,2026-08-10T01:14:00.296Z
sensor.plug_4_puissance,2.0,2026-08-10T01:14:05.295Z
sensor.plug_4_puissance,3.0,2026-08-10T01:14:11.304Z
sensor.plug_4_puissance,2.0,2026-08-10T01:14:16.307Z
sensor.plug_4_puissance,0.0,2026-08-10T01:14:37.309Z
sensor.plug_4_puissance,2.0,2026-08-10T01:14:42.311Z
sensor.plug_4_puissance,0.0,2026-08-10T01:15:07.321Z
sensor.plug_4_puissance,2.0,2026-08-10T01:15:12.315Z
sensor.plug_4_puissance,3.0,2026-08-10T01:16:03.328Z
sensor.plug_4_puissance,2.0,2026-08-10T01:16:08.324Z
sensor.plug_4_puissance,3.0,2026-08-10T01:16:13.324Z
sensor.plug_4_puissance,0.0,2026-08-10T01:16:18.327Z
sensor.plug_4_puissance,2.0,2026-08-10T01:16:23.324Z
sensor.plug_4_puissance,0.0,2026-08-10T01:16:28.328Z
sensor.plug_4_puissance,2.0,2026-08-10T01:16:33.334Z
sensor.plug_4_puissance,3.0,2026-08-10T01:16:56.318Z
sensor.plug_4_puissance,2.0,2026-08-10T01:17:02.318Z
sensor.plug_4_puissance,0.0,2026-08-10T01:18:58.344Z
sensor.plug_4_puissance,2.0,2026-08-10T01:19:03.344Z
sensor.plug_4_puissance,0.0,2026-08-10T01:19:20.338Z
sensor.plug_4_puissance,2.0,2026-08-10T01:19:28.339Z
sensor.plug_4_puissance,3.0,2026-08-10T01:19:36.339Z
sensor.plug_4_puissance,2.0,2026-08-10T01:19:41.340Z
sensor.plug_4_puissance,3.0,2026-08-10T01:20:06.346Z
sensor.plug_4_puissance,2.0,2026-08-10T01:20:11.347Z
sensor.plug_4_puissance,0.0,2026-08-10T01:21:55.367Z
sensor.plug_4_puissance,2.0,2026-08-10T01:22:00.369Z
sensor.plug_4_puissance,0.0,2026-08-10T01:25:30.190Z
sensor.plug_4_puissance,2.0,2026-08-10T01:25:35.188Z
sensor.plug_4_puissance,0.0,2026-08-10T01:27:01.214Z
sensor.plug_4_puissance,2.0,2026-08-10T01:27:06.210Z
sensor.plug_4_puissance,0.0,2026-08-10T01:27:19.215Z
sensor.plug_4_puissance,2.0,2026-08-10T01:27:24.214Z
sensor.plug_4_puissance,0.0,2026-08-10T01:28:16.223Z
sensor.plug_4_puissance,2.0,2026-08-10T01:28:21.224Z
sensor.plug_4_puissance,3.0,2026-08-10T01:28:27.217Z
sensor.plug_4_puissance,2.0,2026-08-10T01:28:32.217Z
sensor.plug_4_puissance,3.0,2026-08-10T01:28:42.219Z
sensor.plug_4_puissance,2.0,2026-08-10T01:28:47.221Z
sensor.plug_4_puissance,0.0,2026-08-10T01:29:31.235Z
sensor.plug_4_puissance,2.0,2026-08-10T01:29:36.235Z
sensor.plug_4_puissance,3.0,2026-08-10T01:30:02.232Z
sensor.plug_4_puissance,2.0,2026-08-10T01:30:07.234Z
sensor.plug_4_puissance,0.0,2026-08-10T01:30:40.245Z
sensor.plug_4_puissance,2.0,2026-08-10T01:30:45.245Z
sensor.plug_4_puissance,3.0,2026-08-10T01:30:58.238Z
sensor.plug_4_puissance,2.0,2026-08-10T01:31:03.238Z
sensor.plug_4_puissance,0.0,2026-08-10T01:31:09.249Z
sensor.plug_4_puissance,2.0,2026-08-10T01:31:14.248Z
sensor.plug_4_puissance,0.0,2026-08-10T01:32:18.251Z
sensor.plug_4_puissance,2.0,2026-08-10T01:32:23.252Z
sensor.plug_4_puissance,0.0,2026-08-10T01:32:29.251Z
sensor.plug_4_puissance,2.0,2026-08-10T01:32:34.251Z
sensor.plug_4_puissance,3.0,2026-08-10T01:32:38.186Z
sensor.plug_4_puissance,2.0,2026-08-10T01:32:44.255Z
sensor.plug_4_puissance,4.0,2026-08-10T01:32:49.255Z
sensor.plug_4_puissance,2.0,2026-08-10T01:32:54.246Z
sensor.plug_4_puissance,0.0,2026-08-10T01:32:59.245Z
sensor.plug_4_puissance,3.0,2026-08-10T01:33:04.247Z
sensor.plug_4_puissance,2.0,2026-08-10T01:33:09.247Z
sensor.plug_4_puissance,5.0,2026-08-10T01:33:12.306Z
sensor.plug_4_puissance,3.0,2026-08-10T01:33:14.248Z
sensor.plug_4_puissance,2.0,2026-08-10T01:33:19.249Z
sensor.plug_4_puissance,0.0,2026-08-10T01:33:26.258Z
sensor.plug_4_puissance,2.0,2026-08-10T01:33:31.259Z
sensor.plug_4_puissance,0.0,2026-08-10T01:33:38.260Z
sensor.plug_4_puissance,2.0,2026-08-10T01:33:43.266Z
sensor.plug_4_puissance,4.0,2026-08-10T01:33:51.260Z
sensor.plug_4_puissance,2.0,2026-08-10T01:33:56.289Z
sensor.plug_4_puissance,0.0,2026-08-10T01:34:03.258Z
sensor.plug_4_puissance,2.0,2026-08-10T01:34:08.259Z
sensor.plug_4_puissance,0.0,2026-08-10T01:34:25.261Z
sensor.plug_4_puissance,2.0,2026-08-10T01:34:30.262Z
sensor.plug_4_puissance,0.0,2026-08-10T01:34:43.262Z
sensor.plug_4_puissance,2.0,2026-08-10T01:34:48.261Z
sensor.plug_4_puissance,0.0,2026-08-10T01:34:55.262Z
sensor.plug_4_puissance,2.0,2026-08-10T01:35:00.262Z
sensor.plug_4_puissance,3.0,2026-08-10T01:35:10.262Z
sensor.plug_4_puissance,2.0,2026-08-10T01:35:15.261Z
sensor.plug_4_puissance,3.0,2026-08-10T01:36:47.261Z
sensor.plug_4_puissance,2.0,2026-08-10T01:36:52.263Z
sensor.plug_4_puissance,3.0,2026-08-10T01:37:02.271Z
sensor.plug_4_puissance,2.0,2026-08-10T01:37:07.271Z
sensor.plug_4_puissance,3.0,2026-08-10T01:37:19.263Z
sensor.plug_4_puissance,2.0,2026-08-10T01:37:24.264Z
sensor.plug_4_puissance,4.0,2026-08-10T01:37:29.264Z
sensor.plug_4_puissance,2.0,2026-08-10T01:37:34.264Z
sensor.plug_4_puissance,4.0,2026-08-10T01:37:44.264Z
sensor.plug_4_puissance,2.0,2026-08-10T01:37:49.264Z
sensor.plug_4_puissance,5.0,2026-08-10T01:38:02.266Z
sensor.plug_4_puissance,2.0,2026-08-10T01:38:07.266Z
sensor.plug_4_puissance,3.0,2026-08-10T01:38:20.265Z
sensor.plug_4_puissance,0.0,2026-08-10T01:38:25.266Z
sensor.plug_4_puissance,2.0,2026-08-10T01:38:30.266Z
sensor.plug_4_puissance,3.0,2026-08-10T01:38:46.266Z
sensor.plug_4_puissance,2.0,2026-08-10T01:38:51.266Z
sensor.plug_4_puissance,0.0,2026-08-10T01:39:23.275Z
sensor.plug_4_puissance,2.0,2026-08-10T01:39:27.606Z
sensor.plug_4_puissance,4.0,2026-08-10T01:39:48.267Z
sensor.plug_4_puissance,2.0,2026-08-10T01:39:53.267Z
sensor.plug_4_puissance,0.0,2026-08-10T01:40:04.277Z
sensor.plug_4_puissance,2.0,2026-08-10T01:40:09.273Z
sensor.plug_4_puissance,3.0,2026-08-10T01:41:12.279Z
sensor.plug_4_puissance,2.0,2026-08-10T01:41:17.281Z
sensor.plug_4_puissance,4.0,2026-08-10T01:41:28.271Z
sensor.plug_4_puissance,0.0,2026-08-10T01:41:33.271Z
sensor.plug_4_puissance,2.0,2026-08-10T01:41:38.271Z
sensor.plug_4_puissance,0.0,2026-08-10T01:42:06.272Z
sensor.plug_4_puissance,2.0,2026-08-10T01:42:11.272Z
sensor.plug_4_puissance,3.0,2026-08-10T01:42:17.280Z
sensor.plug_4_puissance,2.0,2026-08-10T01:42:22.279Z
sensor.plug_4_puissance,0.0,2026-08-10T01:42:33.280Z
sensor.plug_4_puissance,2.0,2026-08-10T01:42:38.282Z
sensor.plug_4_puissance,0.0,2026-08-10T01:42:44.279Z
sensor.plug_4_puissance,2.0,2026-08-10T01:42:49.283Z
sensor.plug_4_puissance,3.0,2026-08-10T01:43:11.275Z
sensor.plug_4_puissance,2.0,2026-08-10T01:43:16.275Z
sensor.plug_4_puissance,3.0,2026-08-10T01:43:29.276Z
sensor.plug_4_puissance,2.0,2026-08-10T01:43:34.276Z
sensor.plug_4_puissance,3.0,2026-08-10T01:43:39.277Z
sensor.plug_4_puissance,2.0,2026-08-10T01:43:44.277Z
sensor.plug_4_puissance,0.0,2026-08-10T01:43:55.290Z
sensor.plug_4_puissance,2.0,2026-08-10T01:44:00.294Z
sensor.plug_4_puissance,4.0,2026-08-10T01:44:06.281Z
sensor.plug_4_puissance,2.0,2026-08-10T01:44:11.281Z
sensor.plug_4_puissance,0.0,2026-08-10T01:44:21.292Z
sensor.plug_4_puissance,2.0,2026-08-10T01:44:26.290Z
sensor.plug_4_puissance,0.0,2026-08-10T01:44:44.284Z
sensor.plug_4_puissance,2.0,2026-08-10T01:44:49.285Z
sensor.plug_4_puissance,3.0,2026-08-10T01:45:02.286Z
sensor.plug_4_puissance,2.0,2026-08-10T01:45:07.296Z
sensor.plug_4_puissance,4.0,2026-08-10T01:45:08.795Z
sensor.plug_4_puissance,3.0,2026-08-10T01:45:31.297Z
sensor.plug_4_puissance,2.0,2026-08-10T01:45:36.302Z
sensor.plug_4_puissance,4.0,2026-08-10T01:46:00.295Z
sensor.plug_4_puissance,2.0,2026-08-10T01:46:05.292Z
sensor.plug_4_puissance,0.0,2026-08-10T01:46:22.306Z
sensor.plug_4_puissance,2.0,2026-08-10T01:46:27.301Z
sensor.plug_4_puissance,3.0,2026-08-10T01:46:32.300Z
sensor.plug_4_puissance,2.0,2026-08-10T01:46:37.301Z
sensor.plug_4_puissance,0.0,2026-08-10T01:46:56.302Z
sensor.plug_4_puissance,2.0,2026-08-10T01:47:01.305Z
sensor.plug_4_puissance,0.0,2026-08-10T01:47:34.300Z
sensor.plug_4_puissance,2.0,2026-08-10T01:47:39.296Z
sensor.plug_4_puissance,4.0,2026-08-10T01:47:55.302Z
sensor.plug_4_puissance,2.0,2026-08-10T01:47:59.384Z
sensor.plug_4_puissance,3.0,2026-08-10T01:48:10.305Z
sensor.plug_4_puissance,0.0,2026-08-10T01:48:15.304Z
sensor.plug_4_puissance,2.0,2026-08-10T01:48:20.305Z
sensor.plug_4_puissance,3.0,2026-08-10T01:48:36.309Z
sensor.plug_4_puissance,2.0,2026-08-10T01:48:41.311Z
sensor.plug_4_puissance,3.0,2026-08-10T01:48:46.309Z
sensor.plug_4_puissance,2.0,2026-08-10T01:48:51.311Z
sensor.plug_4_puissance,0.0,2026-08-10T01:50:10.330Z
sensor.plug_4_puissance,2.0,2026-08-10T01:50:15.334Z
sensor.plug_4_puissance,0.0,2026-08-10T01:50:32.341Z
sensor.plug_4_puissance,2.0,2026-08-10T01:50:37.335Z
sensor.plug_4_puissance,0.0,2026-08-10T01:51:03.338Z
sensor.plug_4_puissance,2.0,2026-08-10T01:51:08.338Z
sensor.plug_4_puissance,0.0,2026-08-10T01:51:14.338Z
sensor.plug_4_puissance,2.0,2026-08-10T01:51:19.337Z
sensor.plug_4_puissance,3.0,2026-08-10T01:51:25.333Z
sensor.plug_4_puissance,0.0,2026-08-10T01:51:32.342Z
sensor.plug_4_puissance,2.0,2026-08-10T01:51:37.343Z
sensor.plug_4_puissance,0.0,2026-08-10T01:51:48.366Z
sensor.plug_4_puissance,5.0,2026-08-10T01:51:53.348Z
sensor.plug_4_puissance,2.0,2026-08-10T01:51:58.211Z
sensor.plug_4_puissance,4.0,2026-08-10T01:52:12.337Z
sensor.plug_4_puissance,2.0,2026-08-10T01:52:17.334Z
sensor.plug_4_puissance,0.0,2026-08-10T01:52:23.348Z
sensor.plug_4_puissance,2.0,2026-08-10T01:52:31.350Z
sensor.plug_4_puissance,3.0,2026-08-10T01:52:38.342Z
sensor.plug_4_puissance,2.0,2026-08-10T01:52:43.342Z
sensor.plug_4_puissance,0.0,2026-08-10T01:53:19.346Z
sensor.plug_4_puissance,2.0,2026-08-10T01:53:24.349Z
sensor.plug_4_puissance,3.0,2026-08-10T01:53:34.351Z
sensor.plug_4_puissance,2.0,2026-08-10T01:53:42.360Z
sensor.plug_4_puissance,0.0,2026-08-10T01:54:54.371Z
sensor.plug_4_puissance,2.0,2026-08-10T01:54:59.372Z
sensor.plug_4_puissance,0.0,2026-08-10T01:55:55.381Z
sensor.plug_4_puissance,5.0,2026-08-10T01:56:00.384Z
sensor.plug_4_puissance,2.0,2026-08-10T01:56:05.373Z
sensor.plug_4_puissance,3.0,2026-08-10T01:57:17.391Z
sensor.plug_4_puissance,2.0,2026-08-10T01:57:22.391Z
sensor.plug_4_puissance,0.0,2026-08-10T01:57:32.385Z
sensor.plug_4_puissance,3.0,2026-08-10T01:57:37.386Z
sensor.plug_4_puissance,0.0,2026-08-10T01:57:43.397Z
sensor.plug_4_puissance,2.0,2026-08-10T01:57:48.399Z
sensor.plug_4_puissance,3.0,2026-08-10T01:57:58.389Z
sensor.plug_4_puissance,2.0,2026-08-10T01:58:03.389Z
sensor.plug_4_puissance,3.0,2026-08-10T01:58:08.390Z
sensor.plug_4_puissance,2.0,2026-08-10T01:58:13.391Z
sensor.plug_4_puissance,0.0,2026-08-10T01:58:21.398Z
sensor.plug_4_puissance,2.0,2026-08-10T01:58:26.401Z
sensor.plug_4_puissance,3.0,2026-08-10T01:58:39.394Z
sensor.plug_4_puissance,0.0,2026-08-10T01:58:44.393Z
sensor.plug_4_puissance,2.0,2026-08-10T01:58:51.404Z
sensor.plug_4_puissance,3.0,2026-08-10T01:59:02.398Z
sensor.plug_4_puissance,0.0,2026-08-10T01:59:07.399Z
sensor.plug_4_puissance,2.0,2026-08-10T01:59:12.399Z
sensor.plug_4_puissance,3.0,2026-08-10T01:59:17.399Z
sensor.plug_4_puissance,2.0,2026-08-10T01:59:21.744Z
sensor.plug_4_puissance,3.0,2026-08-10T01:59:45.402Z
sensor.plug_4_puissance,2.0,2026-08-10T01:59:50.403Z
sensor.plug_4_puissance,0.0,2026-08-10T01:59:55.412Z
sensor.plug_4_puissance,2.0,2026-08-10T02:00:00.416Z
sensor.plug_4_puissance,3.0,2026-08-10T02:00:06.404Z
sensor.plug_4_puissance,2.0,2026-08-10T02:00:11.268Z
sensor.plug_4_puissance,0.0,2026-08-10T02:00:18.267Z
sensor.plug_4_puissance,2.0,2026-08-10T02:00:23.268Z
sensor.plug_4_puissance,3.0,2026-08-10T02:00:29.977Z
sensor.plug_4_puissance,2.0,2026-08-10T02:00:35.277Z
sensor.plug_4_puissance,0.0,2026-08-10T02:00:47.275Z
sensor.plug_4_puissance,2.0,2026-08-10T02:00:52.277Z
sensor.plug_4_puissance,3.0,2026-08-10T02:01:09.271Z
sensor.plug_4_puissance,0.0,2026-08-10T02:01:14.271Z
sensor.plug_4_puissance,2.0,2026-08-10T02:01:19.272Z
sensor.plug_4_puissance,0.0,2026-08-10T02:01:25.281Z
sensor.plug_4_puissance,2.0,2026-08-10T02:01:33.288Z
sensor.plug_4_puissance,3.0,2026-08-10T02:01:40.275Z
sensor.plug_4_puissance,2.0,2026-08-10T02:01:45.275Z
sensor.plug_4_puissance,0.0,2026-08-10T02:01:50.275Z
sensor.plug_4_puissance,2.0,2026-08-10T02:01:55.276Z
sensor.plug_4_puissance,3.0,2026-08-10T02:02:37.295Z
sensor.plug_4_puissance,2.0,2026-08-10T02:02:42.291Z
sensor.plug_4_puissance,0.0,2026-08-10T02:02:46.457Z
sensor.plug_4_puissance,2.0,2026-08-10T02:02:52.298Z
sensor.plug_4_puissance,0.0,2026-08-10T02:03:12.296Z
sensor.plug_4_puissance,5.0,2026-08-10T02:03:17.297Z
sensor.plug_4_puissance,2.0,2026-08-10T02:03:20.576Z
sensor.plug_4_puissance,0.0,2026-08-10T02:03:42.293Z
sensor.plug_4_puissance,2.0,2026-08-10T02:03:47.294Z
sensor.plug_4_puissance,0.0,2026-08-10T02:03:54.304Z
sensor.plug_4_puissance,3.0,2026-08-10T02:03:59.306Z
sensor.plug_4_puissance,2.0,2026-08-10T02:04:04.306Z
sensor.plug_4_puissance,0.0,2026-08-10T02:04:09.302Z
sensor.plug_4_puissance,2.0,2026-08-10T02:04:14.297Z
sensor.plug_4_puissance,3.0,2026-08-10T02:04:50.308Z
sensor.plug_4_puissance,2.0,2026-08-10T02:04:55.308Z
sensor.plug_4_puissance,3.0,2026-08-10T02:05:00.302Z
sensor.plug_4_puissance,0.0,2026-08-10T02:05:02.941Z
sensor.plug_4_puissance,2.0,2026-08-10T02:05:05.302Z
sensor.plug_4_puissance,0.0,2026-08-10T02:05:10.304Z
sensor.plug_4_puissance,2.0,2026-08-10T02:05:15.304Z
sensor.plug_4_puissance,0.0,2026-08-10T02:05:36.315Z
sensor.plug_4_puissance,2.0,2026-08-10T02:05:41.317Z
sensor.plug_4_puissance,0.0,2026-08-10T02:05:46.321Z
sensor.plug_4_puissance,2.0,2026-08-10T02:05:51.317Z
sensor.plug_4_puissance,3.0,2026-08-10T02:06:01.323Z
sensor.plug_4_puissance,2.0,2026-08-10T02:06:06.318Z
sensor.plug_4_puissance,0.0,2026-08-10T02:06:59.325Z
sensor.plug_4_puissance,2.0,2026-08-10T02:07:04.325Z
sensor.plug_4_puissance,0.0,2026-08-10T02:07:18.333Z
sensor.plug_4_puissance,2.0,2026-08-10T02:07:23.330Z
sensor.plug_4_puissance,3.0,2026-08-10T02:07:28.330Z
sensor.plug_4_puissance,2.0,2026-08-10T02:07:33.328Z
sensor.plug_4_puissance,3.0,2026-08-10T02:07:38.322Z
sensor.plug_4_puissance,2.0,2026-08-10T02:07:43.322Z
sensor.plug_4_puissance,0.0,2026-08-10T02:08:02.334Z
sensor.plug_4_puissance,3.0,2026-08-10T02:08:07.334Z
sensor.plug_4_puissance,0.0,2026-08-10T02:08:13.326Z
sensor.plug_4_puissance,2.0,2026-08-10T02:08:18.326Z
sensor.plug_4_puissance,3.0,2026-08-10T02:12:02.353Z
sensor.plug_4_puissance,0.0,2026-08-10T02:12:14.360Z
sensor.plug_4_puissance,2.0,2026-08-10T02:12:21.370Z
sensor.plug_4_puissance,3.0,2026-08-10T02:13:25.364Z
sensor.plug_4_puissance,2.0,2026-08-10T02:13:30.364Z
sensor.plug_4_puissance,0.0,2026-08-10T02:16:39.383Z
sensor.plug_4_puissance,2.0,2026-08-10T02:16:44.384Z
sensor.plug_4_puissance,0.0,2026-08-10T02:17:06.394Z
sensor.plug_4_puissance,2.0,2026-08-10T02:17:11.394Z
sensor.plug_4_puissance,0.0,2026-08-10T02:17:28.395Z
sensor.plug_4_puissance,2.0,2026-08-10T02:17:33.397Z
sensor.plug_4_puissance,0.0,2026-08-10T02:17:51.389Z
sensor.plug_4_puissance,2.0,2026-08-10T02:17:56.388Z
sensor.plug_4_puissance,3.0,2026-08-10T02:18:02.388Z
sensor.plug_4_puissance,2.0,2026-08-10T02:18:07.388Z
sensor.plug_4_puissance,0.0,2026-08-10T02:20:41.407Z
sensor.plug_4_puissance,2.0,2026-08-10T02:20:53.406Z
sensor.plug_4_puissance,3.0,2026-08-10T02:23:04.412Z
sensor.plug_4_puissance,2.0,2026-08-10T02:23:09.414Z
sensor.plug_4_puissance,3.0,2026-08-10T02:25:35.428Z
sensor.plug_4_puissance,2.0,2026-08-10T02:25:40.428Z
sensor.plug_4_puissance,0.0,2026-08-10T02:27:42.451Z
sensor.plug_4_puissance,2.0,2026-08-10T02:27:47.450Z
sensor.plug_4_puissance,3.0,2026-08-10T02:27:52.453Z
sensor.plug_4_puissance,2.0,2026-08-10T02:27:57.451Z
sensor.plug_4_puissance,3.0,2026-08-10T02:33:52.286Z
sensor.plug_4_puissance,2.0,2026-08-10T02:33:57.295Z
sensor.plug_4_puissance,0.0,2026-08-10T02:35:21.304Z
sensor.plug_4_puissance,2.0,2026-08-10T02:35:26.304Z
sensor.plug_4_puissance,0.0,2026-08-10T02:35:40.297Z
sensor.plug_4_puissance,2.0,2026-08-10T02:35:45.300Z
sensor.plug_4_puissance,0.0,2026-08-10T02:36:45.306Z
sensor.plug_4_puissance,2.0,2026-08-10T02:36:50.305Z
sensor.plug_4_puissance,3.0,2026-08-10T02:36:56.313Z
sensor.plug_4_puissance,2.0,2026-08-10T02:37:01.323Z
sensor.plug_4_puissance,0.0,2026-08-10T02:37:15.312Z
sensor.plug_4_puissance,2.0,2026-08-10T02:37:20.312Z
sensor.plug_4_puissance,0.0,2026-08-10T02:38:15.323Z
sensor.plug_4_puissance,2.0,2026-08-10T02:38:23.326Z
sensor.plug_4_puissance,0.0,2026-08-10T02:38:42.318Z
sensor.plug_4_puissance,2.0,2026-08-10T02:38:47.318Z
sensor.plug_4_puissance,3.0,2026-08-10T02:38:52.319Z
sensor.plug_4_puissance,2.0,2026-08-10T02:38:57.318Z
sensor.plug_4_puissance,3.0,2026-08-10T02:40:38.329Z
sensor.plug_4_puissance,2.0,2026-08-10T02:40:43.330Z
sensor.plug_4_puissance,3.0,2026-08-10T02:40:53.333Z
sensor.plug_4_puissance,2.0,2026-08-10T02:40:58.335Z
sensor.plug_4_puissance,0.0,2026-08-10T02:41:19.345Z
sensor.plug_4_puissance,2.0,2026-08-10T02:41:24.345Z
sensor.plug_4_puissance,0.0,2026-08-10T02:42:34.840Z
sensor.plug_4_puissance,2.0,2026-08-10T02:42:40.352Z
sensor.plug_4_puissance,5.0,2026-08-10T02:45:57.371Z
sensor.plug_4_puissance,2.0,2026-08-10T02:46:02.370Z
sensor.plug_4_puissance,3.0,2026-08-10T02:46:39.376Z
sensor.plug_4_puissance,2.0,2026-08-10T02:46:44.377Z
sensor.plug_4_puissance,0.0,2026-08-10T02:48:00.374Z
sensor.plug_4_puissance,2.0,2026-08-10T02:48:05.374Z
sensor.plug_4_puissance,0.0,2026-08-10T02:48:12.385Z
sensor.plug_4_puissance,2.0,2026-08-10T02:48:16.012Z
sensor.plug_4_puissance,0.0,2026-08-10T02:48:22.386Z
sensor.plug_4_puissance,2.0,2026-08-10T02:48:27.378Z
sensor.plug_4_puissance,0.0,2026-08-10T02:50:02.396Z
sensor.plug_4_puissance,2.0,2026-08-10T02:50:07.397Z
sensor.plug_4_puissance,0.0,2026-08-10T02:50:44.401Z
sensor.plug_4_puissance,2.0,2026-08-10T02:50:49.403Z
sensor.plug_4_puissance,3.0,2026-08-10T02:50:56.395Z
sensor.plug_4_puissance,2.0,2026-08-10T02:51:01.395Z
sensor.plug_4_puissance,0.0,2026-08-10T02:52:03.408Z
sensor.plug_4_puissance,2.0,2026-08-10T02:52:08.410Z
sensor.plug_4_puissance,4.0,2026-08-10T02:53:55.425Z
sensor.plug_4_puissance,2.0,2026-08-10T02:54:00.425Z
sensor.plug_4_puissance,0.0,2026-08-10T02:54:11.424Z
sensor.plug_4_puissance,2.0,2026-08-10T02:54:16.425Z
sensor.plug_4_puissance,0.0,2026-08-10T02:54:26.428Z
sensor.plug_4_puissance,2.0,2026-08-10T02:54:31.341Z
sensor.plug_4_puissance,0.0,2026-08-10T02:55:01.437Z
sensor.plug_4_puissance,2.0,2026-08-10T02:55:05.474Z
sensor.plug_4_puissance,0.0,2026-08-10T02:55:39.432Z
sensor.plug_4_puissance,2.0,2026-08-10T02:55:44.433Z
sensor.plug_4_puissance,0.0,2026-08-10T02:56:02.441Z
sensor.plug_4_puissance,2.0,2026-08-10T02:56:07.450Z
sensor.plug_4_puissance,0.0,2026-08-10T02:56:32.441Z
sensor.plug_4_puissance,2.0,2026-08-10T02:56:37.442Z
sensor.plug_4_puissance,0.0,2026-08-10T02:56:47.829Z
sensor.plug_4_puissance,2.0,2026-08-10T02:56:55.441Z
sensor.plug_4_puissance,0.0,2026-08-10T02:57:07.450Z
sensor.plug_4_puissance,2.0,2026-08-10T02:57:12.447Z
sensor.plug_4_puissance,3.0,2026-08-10T02:57:17.446Z
sensor.plug_4_puissance,0.0,2026-08-10T02:57:21.950Z
sensor.plug_4_puissance,2.0,2026-08-10T02:57:27.454Z
sensor.plug_4_puissance,0.0,2026-08-10T02:57:56.069Z
sensor.plug_4_puissance,2.0,2026-08-10T02:58:01.444Z
sensor.plug_4_puissance,3.0,2026-08-10T03:00:22.473Z
sensor.plug_4_puissance,2.0,2026-08-10T03:00:27.473Z
sensor.plug_4_puissance,3.0,2026-08-10T03:01:03.474Z
sensor.plug_4_puissance,4.0,2026-08-10T03:01:08.474Z
sensor.plug_4_puissance,3.0,2026-08-10T03:01:13.478Z
sensor.plug_4_puissance,2.0,2026-08-10T03:01:18.491Z
sensor.plug_4_puissance,0.0,2026-08-10T03:01:32.489Z
sensor.plug_4_puissance,2.0,2026-08-10T03:01:37.487Z
sensor.plug_4_puissance,3.0,2026-08-10T03:01:42.492Z
sensor.plug_4_puissance,2.0,2026-08-10T03:01:47.293Z
sensor.plug_4_puissance,0.0,2026-08-10T03:01:54.294Z
sensor.plug_4_puissance,2.0,2026-08-10T03:01:59.296Z
sensor.plug_4_puissance,3.0,2026-08-10T03:02:04.288Z
sensor.plug_4_puissance,2.0,2026-08-10T03:02:09.291Z
sensor.plug_4_puissance,0.0,2026-08-10T03:02:32.307Z
sensor.plug_4_puissance,2.0,2026-08-10T03:02:37.302Z
sensor.plug_4_puissance,4.0,2026-08-10T03:02:42.301Z
sensor.plug_4_puissance,2.0,2026-08-10T03:02:47.302Z
sensor.plug_4_puissance,0.0,2026-08-10T03:03:46.306Z
sensor.plug_4_puissance,2.0,2026-08-10T03:03:51.308Z
sensor.plug_4_puissance,3.0,2026-08-10T03:04:42.319Z
sensor.plug_4_puissance,2.0,2026-08-10T03:04:47.311Z
sensor.plug_4_puissance,0.0,2026-08-10T03:05:05.322Z
sensor.plug_4_puissance,2.0,2026-08-10T03:05:10.320Z
sensor.plug_4_puissance,0.0,2026-08-10T03:05:16.325Z
sensor.plug_4_puissance,2.0,2026-08-10T03:05:19.629Z
sensor.plug_4_puissance,3.0,2026-08-10T03:05:27.313Z
sensor.plug_4_puissance,0.0,2026-08-10T03:05:32.313Z
sensor.plug_4_puissance,2.0,2026-08-10T03:05:37.314Z
sensor.plug_4_puissance,0.0,2026-08-10T03:06:06.332Z
sensor.plug_4_puissance,2.0,2026-08-10T03:06:14.333Z
sensor.plug_4_puissance,0.0,2026-08-10T03:06:29.330Z
sensor.plug_4_puissance,2.0,2026-08-10T03:06:34.329Z
sensor.plug_4_puissance,3.0,2026-08-10T03:06:44.331Z
sensor.plug_4_puissance,2.0,2026-08-10T03:06:49.333Z
sensor.plug_4_puissance,3.0,2026-08-10T03:07:10.328Z
sensor.plug_4_puissance,2.0,2026-08-10T03:07:15.328Z
sensor.plug_4_puissance,0.0,2026-08-10T03:07:20.330Z
sensor.plug_4_puissance,2.0,2026-08-10T03:07:25.330Z
sensor.plug_4_puissance,0.0,2026-08-10T03:08:15.335Z
sensor.plug_4_puissance,2.0,2026-08-10T03:08:20.336Z
sensor.plug_4_puissance,3.0,2026-08-10T03:09:34.343Z
sensor.plug_4_puissance,2.0,2026-08-10T03:09:39.343Z
sensor.plug_4_puissance,3.0,2026-08-10T03:09:48.351Z
sensor.plug_4_puissance,2.0,2026-08-10T03:09:52.588Z
sensor.plug_4_puissance,0.0,2026-08-10T03:10:19.347Z
sensor.plug_4_puissance,2.0,2026-08-10T03:10:24.347Z
sensor.plug_4_puissance,0.0,2026-08-10T03:10:34.359Z
sensor.plug_4_puissance,2.0,2026-08-10T03:10:39.360Z
sensor.plug_4_puissance,3.0,2026-08-10T03:10:53.352Z
sensor.plug_4_puissance,2.0,2026-08-10T03:10:58.353Z
sensor.plug_4_puissance,3.0,2026-08-10T03:11:52.359Z
sensor.plug_4_puissance,2.0,2026-08-10T03:11:57.361Z
sensor.plug_4_puissance,0.0,2026-08-10T03:12:30.374Z
sensor.plug_4_puissance,2.0,2026-08-10T03:12:35.375Z
sensor.plug_4_puissance,0.0,2026-08-10T03:12:49.366Z
sensor.plug_4_puissance,2.0,2026-08-10T03:12:54.366Z
sensor.plug_4_puissance,0.0,2026-08-10T03:13:04.375Z
sensor.plug_4_puissance,2.0,2026-08-10T03:13:12.382Z
sensor.plug_4_puissance,0.0,2026-08-10T03:13:54.368Z
sensor.plug_4_puissance,2.0,2026-08-10T03:13:59.372Z
sensor.plug_4_puissance,3.0,2026-08-10T03:14:04.369Z
sensor.plug_4_puissance,2.0,2026-08-10T03:14:09.368Z
sensor.plug_4_puissance,3.0,2026-08-10T03:14:20.371Z
sensor.plug_4_puissance,2.0,2026-08-10T03:14:25.370Z
sensor.plug_4_puissance,0.0,2026-08-10T03:15:08.382Z
sensor.plug_4_puissance,2.0,2026-08-10T03:15:13.382Z
sensor.plug_4_puissance,0.0,2026-08-10T03:15:27.384Z
sensor.plug_4_puissance,2.0,2026-08-10T03:15:32.384Z
sensor.plug_4_puissance,3.0,2026-08-10T03:15:42.376Z
sensor.plug_4_puissance,0.0,2026-08-10T03:15:47.376Z
sensor.plug_4_puissance,2.0,2026-08-10T03:15:52.378Z
sensor.plug_4_puissance,0.0,2026-08-10T03:17:57.411Z
sensor.plug_4_puissance,2.0,2026-08-10T03:18:02.407Z
sensor.plug_4_puissance,3.0,2026-08-10T03:20:08.414Z
sensor.plug_4_puissance,2.0,2026-08-10T03:20:13.415Z
sensor.plug_4_puissance,0.0,2026-08-10T03:24:17.459Z
sensor.plug_4_puissance,2.0,2026-08-10T03:24:22.457Z
sensor.plug_4_puissance,3.0,2026-08-10T03:24:39.459Z
sensor.plug_4_puissance,2.0,2026-08-10T03:24:44.459Z
sensor.plug_4_puissance,3.0,2026-08-10T03:27:31.486Z
sensor.plug_4_puissance,2.0,2026-08-10T03:27:36.483Z
sensor.plug_4_puissance,0.0,2026-08-10T03:29:12.497Z
sensor.plug_4_puissance,2.0,2026-08-10T03:29:17.497Z
sensor.plug_4_puissance,3.0,2026-08-10T03:33:22.328Z
sensor.plug_4_puissance,2.0,2026-08-10T03:33:27.339Z
sensor.plug_4_puissance,3.0,2026-08-10T03:39:24.370Z
sensor.plug_4_puissance,2.0,2026-08-10T03:39:29.373Z
sensor.plug_4_puissance,3.0,2026-08-10T03:54:28.457Z
sensor.plug_4_puissance,2.0,2026-08-10T03:54:33.466Z
sensor.plug_4_puissance,3.0,2026-08-10T03:59:10.485Z
sensor.plug_4_puissance,2.0,2026-08-10T03:59:15.485Z
